PLAYER_ID,PLAYER_NAME,TEAM,POSITION,ROLE_NAME,MIN,PTS,eFG%,TS%,TOV%,FTr,3PAr,ORB%,USG%
1923707,C. Diaz-Guerra Prats,BASKET ALMEDA,,Scorer,23.0,13.4,40.1,46.1,11.6,45.5,33.9,0.0,0.0
1737538,C. Pujol Martinez,BASKET ALMEDA,,Scorer,29.7,8.9,33.9,34.7,11.8,14.3,32.1,0.0,0.0
2054903,A. Cojocariu,BASKET ALMEDA,,Scorer,24.0,8.8,31.4,35.9,16.4,29.7,43.1,0.0,0.0
1893303,L. Tierno Martí,BASKET ALMEDA,,Scorer,23.9,6.1,42.6,47.6,26.5,48.8,54.5,0.0,0.0
1398197,C. Tapia Palacio,BASKET ALMEDA,,Scorer,21.1,4.9,34.0,38.0,17.2,24.0,41.0,0.0,0.0
1929994,M. Garcia Menéndez,BASKET ALMEDA,,Scorer,19.2,4.5,33.2,37.9,25.9,31.0,34.5,0.0,0.0
2147731,D. Peris Fons,BASKET ALMEDA,,Scorer,17.3,4.1,32.7,42.1,23.3,75.0,4.8,0.0,0.0
2157230,L. Jove Fuste,BASKET ALMEDA,,Scorer,18.1,4.0,35.6,36.4,27.3,18.6,40.7,0.0,0.0
2440587,M. Coll-Vinent Olle,BASKET ALMEDA,,Scorer,17.5,3.7,32.2,35.6,18.4,33.7,15.4,0.0,0.0
2053836,C. Moreno Mengibar,BASKET ALMEDA,,Scorer,19.9,3.2,40.0,41.1,17.3,49.1,5.5,0.0,0.0
2256492,M. Ibáñez Granero,BASKET ALMEDA,,Scorer,13.2,3.0,50.0,44.4,0.0,80.0,80.0,0.0,0.0
2219057,I. Homs Fatjo,BASKET ALMEDA,,Scorer,11.7,2.8,33.9,35.3,22.2,14.3,39.3,0.0,0.0
2353429,J. Neyhart Mora,BASKET ALMEDA,,Scorer,10.2,2.8,55.0,55.0,23.1,0.0,60.0,0.0,0.0
2216044,J. Masa Carne,BASKET ALMEDA,,Scorer,10.9,2.6,22.1,24.5,13.0,20.9,32.6,0.0,0.0
2153573,M. Carretero Soler,BASKET ALMEDA,,Scorer,6.9,2.0,100.0,100.0,0.0,0.0,0.0,0.0,0.0
2460355,M. Robles Sanabria,BASKET ALMEDA,,Scorer,9.7,2.0,0.0,34.7,0.0,100.0,0.0,0.0,0.0
2355761,N. Bernal Ibarria,BASKET ALMEDA,,Scorer,17.5,1.9,27.8,32.2,19.8,27.8,5.6,0.0,0.0
2104880,M. Llodra Jaen,BASKET ALMEDA,,Scorer,6.0,1.2,50.0,50.0,0.0,0.0,80.0,0.0,0.0
1912154,C. Balibrea Oliveras,BASKET ALMEDA,,Scorer,7.3,1.0,21.4,24.0,19.4,42.9,14.3,0.0,0.0
2524874,M. Vulovic,C. B. ISLA BONITA,,Scorer,21.6,11.1,53.5,58.5,22.9,37.2,3.2,0.0,0.0
2816643,E. Motekaitytè,C. B. ISLA BONITA,,Scorer,21.9,9.1,48.6,52.7,15.7,24.4,17.2,0.0,0.0
1131087,B. Armengol Vall,C. B. ISLA BONITA,,Scorer,27.4,8.7,38.4,44.7,22.3,52.5,45.3,0.0,0.0
1870487,T. Gonzalez Soto,C. B. ISLA BONITA,,Scorer,20.3,7.9,45.9,48.9,18.5,17.4,67.4,0.0,0.0
2171960,M. Colom Elosúa,C. B. ISLA BONITA,,Scorer,26.8,7.6,45.6,49.3,19.1,26.4,39.6,0.0,0.0
1471341,M. Rosales Elejabeita,C. B. ISLA BONITA,,Scorer,18.9,5.3,41.7,43.2,24.2,38.0,19.0,0.0,0.0
2524609,A. Glomazic,C. B. ISLA BONITA,,Scorer,15.5,4.5,53.4,55.9,19.8,12.3,65.8,0.0,0.0
2816642,N. Cunill Peña,C. B. ISLA BONITA,,Scorer,18.1,4.5,52.9,54.9,29.7,25.9,3.5,0.0,0.0
1853281,I. Bautista Villaverde,C. B. ISLA BONITA,,Scorer,13.3,4.1,48.9,49.7,7.8,6.5,93.5,0.0,0.0
1981139,S. Blanco Guitian,C. B. ISLA BONITA,,Scorer,14.6,2.5,35.1,35.1,21.9,0.0,86.0,0.0,0.0
1372464,M. Carballo Diaz,C. B. ISLA BONITA,,Scorer,10.7,1.8,29.6,33.8,31.4,26.5,42.9,0.0,0.0
1506842,E. Cases Rey,CB CLARET BENIMACLET,,Scorer,25.1,14.0,50.2,56.5,16.6,36.5,63.5,0.0,0.0
1767443,M. Cuellar Bayarri,CB CLARET BENIMACLET,,Scorer,23.2,11.6,44.6,50.7,15.5,29.7,4.7,0.0,0.0
1886112,S. Afonso Gonzalez,CB CLARET BENIMACLET,,Scorer,28.6,11.5,41.3,43.2,13.5,15.4,56.9,0.0,0.0
2816051,E. Tenbrock,CB CLARET BENIMACLET,,Scorer,20.5,11.0,61.3,62.6,4.4,22.5,70.0,0.0,0.0
1749591,I. Garrido Perez,CB CLARET BENIMACLET,,Scorer,27.1,8.5,47.8,48.5,8.7,10.5,68.0,0.0,0.0
2557107,I. Serrano Alvarez,CB CLARET BENIMACLET,,Scorer,17.9,7.1,45.1,47.7,19.7,30.6,16.7,0.0,0.0
1840053,P. Garcia Garcia,CB CLARET BENIMACLET,,Scorer,16.1,6.3,34.9,53.9,24.4,119.2,41.1,0.0,0.0
1853228,J. Rochina Troncoso,CB CLARET BENIMACLET,,Scorer,24.6,5.8,39.9,43.3,20.7,37.0,44.2,0.0,0.0
1984467,G. Lopez Cuesta,CB CLARET BENIMACLET,,Scorer,17.8,5.2,27.0,39.8,16.6,70.0,8.0,0.0,0.0
2209715,J. Sarrio Asensio,CB CLARET BENIMACLET,,Scorer,15.2,4.4,48.4,50.8,20.7,20.0,47.4,0.0,0.0
1681307,E. Iranzo Gutierrez,CB CLARET BENIMACLET,,Scorer,13.0,4.2,31.3,33.6,13.0,16.0,62.7,0.0,0.0
1994256,T. Toledo Navarro,CB CLARET BENIMACLET,,Scorer,12.9,3.4,46.4,50.9,23.7,34.3,40.0,0.0,0.0
2087980,A. Romero De Vicente,CB CLARET BENIMACLET,,Scorer,6.4,1.2,41.7,41.7,25.0,0.0,66.7,0.0,0.0
2163612,N. Garcia Herrera,CB CLARET BENIMACLET,,Scorer,4.3,1.0,0.0,56.8,0.0,0.0,0.0,0.0,0.0
2345472,S. Osarenmwinda Anuge,CB CLARET BENIMACLET,,Scorer,3.4,1.0,33.3,33.3,25.0,0.0,0.0,0.0,0.0
2281500,L. Liern Ruiz,CB CLARET BENIMACLET,,Scorer,9.2,0.9,25.0,24.5,21.2,5.0,67.5,0.0,0.0
2009630,M. Lafuente Royo,CB CLARET BENIMACLET,,Scorer,8.9,0.0,0.0,0.0,0.0,0.0,50.0,0.0,0.0
2246236,L. Gonzalez Llacer,CB CLARET BENIMACLET,,Scorer,4.2,0.0,0.0,0.0,0.0,0.0,0.0,0.0,0.0
2031383,A. Picos Porras,CESUR DISTRITO OLIMPICO,,Scorer,30.7,13.9,51.3,57.3,20.5,58.4,21.6,0.0,0.0
2160293,V. Lopez Riaño,CESUR DISTRITO OLIMPICO,,Scorer,27.2,12.1,48.0,51.6,14.5,32.4,8.1,0.0,0.0
2286837,B. Arranz Albero,CESUR DISTRITO OLIMPICO,,Scorer,21.2,11.2,43.7,49.2,14.6,27.3,50.6,0.0,0.0
1811220,S. Francisco Abos,CESUR DISTRITO OLIMPICO,,Scorer,20.4,7.5,35.6,39.7,18.9,18.3,51.8,0.0,0.0
1871488,M. Gomez Hernandez,CESUR DISTRITO OLIMPICO,,Scorer,22.8,4.8,32.0,36.1,27.5,25.4,66.2,0.0,0.0
2404419,P. Alonso-Basurto Cumplido,CESUR DISTRITO OLIMPICO,,Scorer,16.5,4.3,41.7,44.1,31.1,25.0,6.2,0.0,0.0
1832824,C. Leal Flores,CESUR DISTRITO OLIMPICO,,Scorer,21.5,4.0,39.1,44.4,21.3,43.7,40.2,0.0,0.0
1562695,A. González Ramírez,CESUR DISTRITO OLIMPICO,,Scorer,21.0,3.9,38.0,43.5,26.2,26.0,22.9,0.0,0.0
2035834,M. Martinez Majan,CESUR DISTRITO OLIMPICO,,Scorer,8.6,2.7,40.3,44.1,20.4,44.4,36.1,0.0,0.0
2160399,C. Campos Alum,CESUR DISTRITO OLIMPICO,,Scorer,8.8,2.7,38.1,41.7,11.6,19.0,28.6,0.0,0.0
1677519,R. Flores Aguado,CESUR DISTRITO OLIMPICO,,Scorer,11.5,1.7,29.8,31.6,36.1,12.3,54.4,0.0,0.0
2226680,J. Masip Lámbarri,CESUR DISTRITO OLIMPICO,,Scorer,9.2,1.4,40.0,51.5,22.2,170.0,0.0,0.0,0.0
2649723,S. Diane,CESUR DISTRITO OLIMPICO,,Scorer,3.3,1.0,0.0,56.8,0.0,0.0,0.0,0.0,0.0
2800814,A. Emusi Adeniran,CESUR DISTRITO OLIMPICO,,Scorer,6.6,0.9,33.3,39.9,46.8,88.9,22.2,0.0,0.0
1676283,B. Sanchez Campillo,CESUR DISTRITO OLIMPICO,,Scorer,5.7,0.3,0.0,7.2,26.5,15.4,23.1,0.0,0.0
2185253,P. Álvarez Honorato,CESUR DISTRITO OLIMPICO,,Scorer,3.1,0.0,0.0,0.0,51.5,200.0,100.0,0.0,0.0
2283143,E. Moratinos Molino,CESUR DISTRITO OLIMPICO,,Scorer,3.7,0.0,0.0,0.0,33.3,0.0,0.0,0.0,0.0
2371275,V. Serrano Gutierrez,CESUR DISTRITO OLIMPICO,,Scorer,3.5,0.0,0.0,0.0,0.0,0.0,50.0,0.0,0.0
1727776,P. Curto Garcia,DISHELEC 65 VILADECANS,,Scorer,25.2,9.8,39.1,43.8,14.6,21.3,60.9,0.0,0.0
1398200,J. Turrion Aranda,DISHELEC 65 VILADECANS,,Scorer,26.8,9.2,33.2,39.6,15.4,24.6,62.6,0.0,0.0
2322360,A. Torne Labarta,DISHELEC 65 VILADECANS,,Scorer,23.2,8.8,48.5,50.8,22.1,17.0,2.1,0.0,0.0
2050407,L. Sanchez Garcia,DISHELEC 65 VILADECANS,,Scorer,25.4,8.6,48.1,50.4,16.6,22.5,29.9,0.0,0.0
2146979,N. Sanchez Marques,DISHELEC 65 VILADECANS,,Scorer,23.5,7.6,42.5,49.5,25.5,57.1,45.6,0.0,0.0
1910113,L. Anducas Rodon,DISHELEC 65 VILADECANS,,Scorer,21.4,7.4,44.6,52.0,28.1,52.5,38.8,0.0,0.0
2082380,J. Torreño Jimenez,DISHELEC 65 VILADECANS,,Scorer,15.0,5.2,46.4,51.5,15.7,34.3,54.3,0.0,0.0
1956668,M. Ribera Sanuy,DISHELEC 65 VILADECANS,,Scorer,21.0,4.9,38.0,41.2,22.3,32.8,36.8,0.0,0.0
2056456,N. Soler Ramos,DISHELEC 65 VILADECANS,,Scorer,13.2,3.0,45.0,47.0,17.3,26.7,41.7,0.0,0.0
1663009,Q. Ubia Llunell,DISHELEC 65 VILADECANS,,Scorer,21.9,2.9,39.2,40.5,27.6,23.0,66.2,0.0,0.0
2240210,A. Alcantara Ros,DISHELEC 65 VILADECANS,,Scorer,2.0,0.6,25.0,30.7,17.0,50.0,50.0,0.0,0.0
2080127,E. Berenguer Fernandez,DISHELEC 65 VILADECANS,,Scorer,3.5,0.0,0.0,0.0,0.0,0.0,0.0,0.0,0.0
2189878,M. Fernandez Galan,DISHELEC 65 VILADECANS,,Scorer,0.6,0.0,0.0,0.0,0.0,0.0,0.0,0.0,0.0
2194944,B. Larrea Hijano,DISHELEC 65 VILADECANS,,Scorer,3.6,0.0,0.0,0.0,0.0,0.0,0.0,0.0,0.0
2240744,I. Rastrojo Obrero,DISHELEC 65 VILADECANS,,Scorer,1.5,0.0,0.0,0.0,0.0,0.0,0.0,0.0,0.0
2396917,D. Cañizares Herrera,DISHELEC 65 VILADECANS,,Scorer,1.2,0.0,0.0,0.0,0.0,0.0,0.0,0.0,0.0
1434653,B. Martinez Sanz,DPES CB CIUDAD DE MOSTOLES,,Scorer,28.2,12.3,51.1,55.6,23.2,47.4,38.7,0.0,0.0
2040603,P. Gonzalez Gonzalez,DPES CB CIUDAD DE MOSTOLES,,Scorer,21.6,10.4,43.1,46.5,14.9,43.1,42.6,0.0,0.0
1740994,B. Rodríguez Bazaga,DPES CB CIUDAD DE MOSTOLES,,Scorer,24.2,9.8,50.5,53.7,15.5,15.7,76.0,0.0,0.0
2404223,E. Abubakar Arrey,DPES CB CIUDAD DE MOSTOLES,,Scorer,22.6,9.5,42.2,48.1,18.2,62.0,0.5,0.0,0.0
2035086,M. Gamez Martinez,DPES CB CIUDAD DE MOSTOLES,,Scorer,17.9,6.5,57.9,58.7,22.8,20.7,43.0,0.0,0.0
1819108,N. Gomez Cobo,DPES CB CIUDAD DE MOSTOLES,,Scorer,19.6,5.5,44.4,46.7,14.9,12.6,31.9,0.0,0.0
2162836,D. Vaquero Martinez,DPES CB CIUDAD DE MOSTOLES,,Scorer,13.5,5.0,33.2,40.2,14.7,46.4,22.4,0.0,0.0
1178705,A. Peredo Lopez,DPES CB CIUDAD DE MOSTOLES,,Scorer,19.3,4.6,35.5,36.9,11.8,7.2,68.1,0.0,0.0
1981139,S. Blanco Guitian,DPES CB CIUDAD DE MOSTOLES,,Scorer,14.0,4.6,45.5,47.2,19.1,6.1,84.8,0.0,0.0
2527859,A. Jimenez Vizcaino,DPES CB CIUDAD DE MOSTOLES,,Scorer,16.4,4.2,40.0,37.5,26.1,30.0,10.0,0.0,0.0
1222687,B. Moreno Hurtado,DPES CB CIUDAD DE MOSTOLES,,Scorer,17.0,4.1,37.9,44.3,21.1,26.4,50.6,0.0,0.0
1589173,M. Correa Villalona,DPES CB CIUDAD DE MOSTOLES,,Scorer,19.0,3.4,33.1,40.5,30.1,67.5,41.6,0.0,0.0
2367464,H. Sanz Rabja,DPES CB CIUDAD DE MOSTOLES,,Scorer,0.4,3.0,150.0,150.0,0.0,0.0,100.0,0.0,0.0
1871083,A. Quesada Romero,DPES CB CIUDAD DE MOSTOLES,,Scorer,8.0,1.8,34.6,34.6,10.3,0.0,84.6,0.0,0.0
2499420,C. Bokuy Angue,DPES CB CIUDAD DE MOSTOLES,,Scorer,5.2,0.6,50.0,43.6,0.0,33.3,66.7,0.0,0.0
2226042,N. Nieva Vicente,DPES CB CIUDAD DE MOSTOLES,,Scorer,1.3,0.0,0.0,0.0,0.0,0.0,0.0,0.0,0.0
2284393,S. Martinez Gallego,DPES CB CIUDAD DE MOSTOLES,,Scorer,1.5,0.0,0.0,0.0,33.3,0.0,0.0,0.0,0.0
2285191,C. Martinez Gallego,DPES CB CIUDAD DE MOSTOLES,,Scorer,2.0,0.0,0.0,0.0,0.0,0.0,0.0,0.0,0.0
2370953,S. Cuquerella Martin,DPES CB CIUDAD DE MOSTOLES,,Scorer,2.0,0.0,0.0,0.0,50.0,0.0,100.0,0.0,0.0
2746773,O. Betancourt Labrador,EL PLANTEL GMASB,,Scorer,30.6,14.9,49.4,55.8,16.6,42.7,15.9,0.0,0.0
1111828,L. Fernandez Fiel,EL PLANTEL GMASB,,Scorer,26.7,10.6,40.4,45.7,15.0,32.9,36.2,0.0,0.0
1974272,R. Revueltas Pareja,EL PLANTEL GMASB,,Scorer,25.2,10.5,36.1,40.9,15.9,31.1,43.7,0.0,0.0
2232865,M. Sanchez Valenzuela,EL PLANTEL GMASB,,Scorer,31.0,9.1,44.3,45.2,9.0,12.2,65.2,0.0,0.0
1080472,P. Benet Edo,EL PLANTEL GMASB,,Scorer,22.8,8.8,43.3,47.6,13.4,34.8,49.1,0.0,0.0
2124275,C. Villanueva Lazaro,EL PLANTEL GMASB,,Scorer,23.1,8.1,36.3,46.3,22.6,62.8,43.9,0.0,0.0
2819272,D. Ryzinska,EL PLANTEL GMASB,,Scorer,22.5,3.8,35.5,37.1,13.3,13.7,32.5,0.0,0.0
2819274,O. Schlegl,EL PLANTEL GMASB,,Scorer,14.1,3.2,32.2,36.2,15.0,16.7,63.3,0.0,0.0
2364455,T. Sene,EL PLANTEL GMASB,,Scorer,8.7,2.4,44.6,47.2,18.8,50.0,8.7,0.0,0.0
2202075,M. Garcia Garrido,EL PLANTEL GMASB,,Scorer,10.6,2.1,37.9,40.2,18.1,21.2,51.5,0.0,0.0
2419277,A. Cisse Barragan,EL PLANTEL GMASB,,Scorer,12.9,1.3,57.1,46.7,45.4,85.7,0.0,0.0,0.0
2112760,M. Diaz Torres,EL PLANTEL GMASB,,Scorer,10.8,1.0,28.3,32.8,31.7,50.0,6.7,0.0,0.0
2664237,C. Rojas Cepero,EL PLANTEL GMASB,,Scorer,3.6,0.8,27.8,30.4,23.3,22.2,33.3,0.0,0.0
2307170,A. Rodriguez Romero,EL PLANTEL GMASB,,Scorer,9.0,0.4,6.7,6.0,15.2,26.7,66.7,0.0,0.0
1461086,P. Comella Pons,ELSAMEX CB ANDRATX,,Scorer,34.1,13.9,44.1,47.9,12.1,22.7,44.1,0.0,0.0
1489116,B. Gual Castillo,ELSAMEX CB ANDRATX,,Scorer,24.3,12.4,51.7,52.3,7.8,5.2,69.0,0.0,0.0
2036170,A. Peregrina Garcia,ELSAMEX CB ANDRATX,,Scorer,29.5,11.3,42.0,47.5,23.0,37.5,49.1,0.0,0.0
2294809,P. Sans Cantallops,ELSAMEX CB ANDRATX,,Scorer,23.1,7.2,40.7,47.0,21.0,41.0,41.7,0.0,0.0
1762758,P. Charro Och,ELSAMEX CB ANDRATX,,Scorer,19.3,6.9,38.3,39.8,9.8,12.1,51.0,0.0,0.0
2553411,N. Jeng,ELSAMEX CB ANDRATX,,Scorer,16.3,6.9,39.1,43.5,19.5,50.7,12.7,0.0,0.0
2407584,D. Seguí García,ELSAMEX CB ANDRATX,,Scorer,6.8,4.7,85.7,88.8,20.2,28.6,57.1,0.0,0.0
1579078,H. Condom Rosell,ELSAMEX CB ANDRATX,,Scorer,20.2,4.3,31.7,35.6,19.3,42.3,5.7,0.0,0.0
2148958,M. López Martí,ELSAMEX CB ANDRATX,,Scorer,22.4,3.9,51.2,52.3,35.3,12.9,38.8,0.0,0.0
2043611,J. Ballester Manque,ELSAMEX CB ANDRATX,,Scorer,16.9,3.7,35.8,39.6,23.8,28.4,2.7,0.0,0.0
2251948,F. Diallo Bagayogo,ELSAMEX CB ANDRATX,,Scorer,4.6,3.2,83.3,83.8,11.4,66.7,33.3,0.0,0.0
2276474,L. García Rivera,ELSAMEX CB ANDRATX,,Scorer,16.6,2.3,29.3,29.1,21.6,10.3,13.8,0.0,0.0
2820516,L. Stenta,ELSAMEX CB ANDRATX,,Scorer,10.4,2.3,51.7,51.8,26.3,6.7,16.7,0.0,0.0
2120195,A. Real Cerda,ELSAMEX CB ANDRATX,,Scorer,6.3,1.4,27.5,37.6,34.0,60.0,45.0,0.0,0.0
2113013,B. Marroig Padilla,ELSAMEX CB ANDRATX,,Scorer,1.4,1.0,0.0,53.2,0.0,200.0,0.0,0.0,0.0
2162538,C. Del Amo Sevillano,ESCO GRUPO FEMENINO ALCORCON,,Scorer,27.2,17.2,50.6,56.2,12.0,48.3,29.4,0.0,0.0
1869823,D. Miliauskaite,ESCO GRUPO FEMENINO ALCORCON,,Scorer,21.9,12.6,38.8,48.2,10.3,66.9,27.3,0.0,0.0
2128123,N. Ipo Seriche-Dougan,ESCO GRUPO FEMENINO ALCORCON,,Scorer,25.7,9.9,38.5,44.7,20.3,62.5,30.5,0.0,0.0
2822982,Y. Sifaoui Bucero,ESCO GRUPO FEMENINO ALCORCON,,Scorer,19.5,7.0,45.1,47.1,21.5,22.7,3.1,0.0,0.0
1535457,M. Aranda Fraile,ESCO GRUPO FEMENINO ALCORCON,,Scorer,22.1,6.3,53.3,53.6,18.4,9.6,77.2,0.0,0.0
2095287,G. Escorial Ferrero,ESCO GRUPO FEMENINO ALCORCON,,Scorer,18.9,6.3,48.8,51.4,27.3,31.5,5.6,0.0,0.0
2012796,M. Blanco Eusebio,ESCO GRUPO FEMENINO ALCORCON,,Scorer,24.8,6.1,40.7,41.3,17.3,21.5,57.0,0.0,0.0
2822981,C. Ribeiro Dos Santos Bernardeco,ESCO GRUPO FEMENINO ALCORCON,,Scorer,21.9,5.5,37.9,41.3,18.7,27.3,57.6,0.0,0.0
2176383,I. Camiña Rodriguez,ESCO GRUPO FEMENINO ALCORCON,,Scorer,17.5,5.0,38.7,40.3,9.8,9.2,76.8,0.0,0.0
2164976,A. Martínez Mora,ESCO GRUPO FEMENINO ALCORCON,,Scorer,15.6,3.8,38.3,42.0,23.7,37.2,40.4,0.0,0.0
2182200,L. Bernardo Perez,ESCO GRUPO FEMENINO ALCORCON,,Scorer,14.4,3.4,32.6,36.6,19.6,26.1,60.9,0.0,0.0
2819126,L. Vulovic,ESCO GRUPO FEMENINO ALCORCON,,Scorer,9.1,1.8,50.0,51.0,33.8,40.0,0.0,0.0,0.0
2498418,S. Hinestrosa Envo,ESCO GRUPO FEMENINO ALCORCON,,Scorer,0.2,0.0,0.0,0.0,0.0,0.0,0.0,0.0,0.0
1666109,A. Coma Perpiña,GEIEG PACISA,,Scorer,27.1,11.5,42.2,48.3,16.6,40.7,23.5,0.0,0.0
1926754,J. Fernandez Pinsach,GEIEG PACISA,,Scorer,23.4,11.5,48.1,50.9,12.3,32.5,1.3,0.0,0.0
1944150,M. Melero Bravo,GEIEG PACISA,,Scorer,25.8,11.4,40.1,45.5,23.0,55.8,21.9,0.0,0.0
1567998,V. Gonzalez Olaizola,GEIEG PACISA,,Scorer,23.3,7.3,36.0,40.0,17.6,45.7,2.3,0.0,0.0
1917788,M. Carbo Cachinero,GEIEG PACISA,,Scorer,17.2,6.5,41.9,47.9,20.6,43.4,27.9,0.0,0.0
2239082,N. Mitjanas Costa,GEIEG PACISA,,Scorer,19.6,5.6,38.8,40.2,14.0,10.9,12.2,0.0,0.0
1968963,A. Talasimov,GEIEG PACISA,,Scorer,19.0,5.2,38.6,43.9,11.7,46.6,17.0,0.0,0.0
1748049,N. Bagaria Rovira,GEIEG PACISA,,Scorer,20.2,4.6,47.2,47.6,21.3,11.4,71.6,0.0,0.0
1949920,J. Pairo Urtos,GEIEG PACISA,,Scorer,17.7,4.6,44.3,45.9,17.8,33.0,63.9,0.0,0.0
1667386,C. Morente Lopez,GEIEG PACISA,,Scorer,18.9,3.1,36.5,36.2,20.3,5.0,58.0,0.0,0.0
2191036,R. Calvet Sandez,GEIEG PACISA,,Scorer,7.0,3.0,41.7,46.6,13.4,16.7,66.7,0.0,0.0
2059054,A. Riera Buil,GEIEG PACISA,,Scorer,5.8,1.0,36.4,36.4,21.4,0.0,72.7,0.0,0.0
2055732,C. Vila Matamala,GEIEG PACISA,,Scorer,7.7,0.0,0.0,0.0,100.0,0.0,0.0,0.0,0.0
2151755,A. Martinez Rus,GEIEG PACISA,,Scorer,1.6,0.0,0.0,0.0,0.0,0.0,0.0,0.0,0.0
2191037,C. Calvet Sandez,GEIEG PACISA,,Scorer,1.7,0.0,0.0,0.0,0.0,0.0,0.0,0.0,0.0
1707378,M. Pérez Castro,HIERROS DÍAZ EXTREMADURA MIRALVALLE,,Scorer,29.8,10.0,37.4,45.7,15.7,42.8,42.3,0.0,0.0
1724925,M. Romero Garrido,HIERROS DÍAZ EXTREMADURA MIRALVALLE,,Scorer,24.6,9.8,43.9,47.7,12.7,19.3,60.8,0.0,0.0
1529427,C. Lazaro Hernandez,HIERROS DÍAZ EXTREMADURA MIRALVALLE,,Scorer,28.2,9.1,38.6,43.5,7.7,34.2,58.0,0.0,0.0
2845561,S. Brown,HIERROS DÍAZ EXTREMADURA MIRALVALLE,,Scorer,24.7,9.0,44.7,48.4,15.0,21.1,40.9,0.0,0.0
2566363,P. Laurenson Cheynel,HIERROS DÍAZ EXTREMADURA MIRALVALLE,,Scorer,29.1,8.7,36.9,43.6,15.9,28.1,28.6,0.0,0.0
2734458,L. Navas Castro,HIERROS DÍAZ EXTREMADURA MIRALVALLE,,Scorer,22.6,7.8,39.9,41.2,20.1,10.6,33.2,0.0,0.0
2557107,I. Serrano Alvarez,HIERROS DÍAZ EXTREMADURA MIRALVALLE,,Scorer,25.8,7.6,46.9,51.2,19.9,25.0,26.2,0.0,0.0
1984467,G. Lopez Cuesta,HIERROS DÍAZ EXTREMADURA MIRALVALLE,,Scorer,21.2,6.4,38.9,50.0,17.6,93.7,6.3,0.0,0.0
2818302,V. Michel,HIERROS DÍAZ EXTREMADURA MIRALVALLE,,Scorer,22.9,6.3,40.6,44.1,20.4,25.2,0.6,0.0,0.0
1158794,A. Fernandez Oraa,HIERROS DÍAZ EXTREMADURA MIRALVALLE,,Scorer,11.5,0.8,28.1,27.5,21.6,31.2,43.8,0.0,0.0
2323074,A. Zurita Garcia,HIERROS DÍAZ EXTREMADURA MIRALVALLE,,Scorer,10.4,0.0,0.0,0.0,50.0,0.0,0.0,0.0,0.0
2323794,L. Márquez Corralero,HIERROS DÍAZ EXTREMADURA MIRALVALLE,,Scorer,0.6,0.0,0.0,0.0,0.0,0.0,0.0,0.0,0.0
2375030,A. Alcon Grande,HIERROS DÍAZ EXTREMADURA MIRALVALLE,,Scorer,2.0,0.0,0.0,0.0,0.0,0.0,0.0,0.0,0.0
1100445,Y. Garcia Gonzalez,MAGEC TÍAS LANZAROTE CONTRA LA VIOLENCIA DE GÉNERO,,Scorer,31.8,14.2,41.8,49.3,18.2,66.0,4.5,0.0,0.0
2379074,N. Zabala Gabilondo,MAGEC TÍAS LANZAROTE CONTRA LA VIOLENCIA DE GÉNERO,,Scorer,30.5,13.9,55.0,55.4,12.4,33.2,31.0,0.0,0.0
1695414,C. Mateo Cañada,MAGEC TÍAS LANZAROTE CONTRA LA VIOLENCIA DE GÉNERO,,Scorer,27.8,11.9,40.9,43.5,13.0,12.2,40.1,0.0,0.0
2524794,M. Marinho Junqueira,MAGEC TÍAS LANZAROTE CONTRA LA VIOLENCIA DE GÉNERO,,Scorer,30.6,10.8,38.7,42.9,15.2,23.0,51.5,0.0,0.0
2415445,I. Drake Ruiz-Villar,MAGEC TÍAS LANZAROTE CONTRA LA VIOLENCIA DE GÉNERO,,Scorer,24.5,9.3,38.6,44.3,25.8,45.6,17.7,0.0,0.0
1681307,E. Iranzo Gutierrez,MAGEC TÍAS LANZAROTE CONTRA LA VIOLENCIA DE GÉNERO,,Scorer,24.8,8.4,58.5,57.9,12.1,25.4,50.8,0.0,0.0
2824664,B. Snorradottir,MAGEC TÍAS LANZAROTE CONTRA LA VIOLENCIA DE GÉNERO,,Scorer,24.1,7.9,53.3,63.4,15.9,81.9,30.5,0.0,0.0
1995747,S. Hisado Santos,MAGEC TÍAS LANZAROTE CONTRA LA VIOLENCIA DE GÉNERO,,Scorer,30.5,3.5,40.3,44.5,31.5,19.3,36.4,0.0,0.0
2345010,P. Lahora Koerting,MAGEC TÍAS LANZAROTE CONTRA LA VIOLENCIA DE GÉNERO,,Scorer,4.3,3.0,75.0,75.0,0.0,0.0,100.0,0.0,0.0
2178381,E. Lozano Sosa,MAGEC TÍAS LANZAROTE CONTRA LA VIOLENCIA DE GÉNERO,,Scorer,11.2,2.9,50.9,54.2,18.7,34.0,49.1,0.0,0.0
1450205,A. Rodriguez Guerra,MAGEC TÍAS LANZAROTE CONTRA LA VIOLENCIA DE GÉNERO,,Scorer,4.6,0.8,25.0,25.3,0.0,22.2,83.3,0.0,0.0
1373989,N. Bermúdez Martín,MAGEC TÍAS LANZAROTE CONTRA LA VIOLENCIA DE GÉNERO,,Scorer,2.6,0.0,0.0,0.0,0.0,0.0,0.0,0.0,0.0
2347898,M. Cardona Miranda,MAGEC TÍAS LANZAROTE CONTRA LA VIOLENCIA DE GÉNERO,,Scorer,3.2,0.0,0.0,0.0,0.0,0.0,100.0,0.0,0.0
2381629,S. Muñoz Lahora,MAGEC TÍAS LANZAROTE CONTRA LA VIOLENCIA DE GÉNERO,,Scorer,2.6,0.0,0.0,0.0,0.0,0.0,100.0,0.0,0.0
2444469,I. Melian Cabrera,MAGEC TÍAS LANZAROTE CONTRA LA VIOLENCIA DE GÉNERO,,Scorer,1.7,0.0,0.0,0.0,0.0,0.0,0.0,0.0,0.0
2639399,S. Okafor Ofoegbu,SEGLE XXI,,Scorer,25.9,13.9,43.9,48.7,9.7,29.9,40.9,0.0,0.0
2244483,S. Nde Akawung,SEGLE XXI,,Scorer,26.3,10.5,43.6,46.7,11.5,20.3,30.4,0.0,0.0
2196865,M. Carbó Medina,SEGLE XXI,,Scorer,19.6,8.2,42.7,43.3,17.4,21.5,50.8,0.0,0.0
2461439,A. Smykovskaia,SEGLE XXI,,Scorer,17.6,7.8,46.5,47.5,14.9,45.5,0.7,0.0,0.0
2153172,M. Cintas Diaz,SEGLE XXI,,Scorer,26.2,6.8,33.7,36.0,17.3,18.3,28.8,0.0,0.0
2289362,D. Garcia Dominguez,SEGLE XXI,,Scorer,20.7,6.6,32.0,35.2,19.3,19.2,39.9,0.0,0.0
2454402,S. Fernandez De Cuevas Martinez,SEGLE XXI,,Scorer,21.7,6.6,37.9,40.0,14.6,12.8,47.7,0.0,0.0
2528757,I. Garcia Fernandez,SEGLE XXI,,Scorer,18.5,6.3,45.2,44.5,18.7,38.6,13.8,0.0,0.0
2357204,B. Ajisebutu Casas,SEGLE XXI,,Scorer,14.8,5.0,30.0,37.0,22.8,80.0,20.0,0.0,0.0
2229661,B. Asensio Senosiáin,SEGLE XXI,,Scorer,14.9,4.5,52.7,53.1,20.8,23.7,38.7,0.0,0.0
2357207,Z. Ajisebutu Casas,SEGLE XXI,,Scorer,12.8,3.0,40.4,41.9,32.8,23.1,46.2,0.0,0.0
2320695,A. Plans Bellavista,SEGLE XXI,,Scorer,16.0,2.6,23.0,26.4,14.1,10.5,55.3,0.0,0.0
2528756,M. Zarzuelo Oroz,SEGLE XXI,,Scorer,5.1,0.7,33.3,33.3,21.7,0.0,22.2,0.0,0.0
2448425,N. Cordón Elizarán,SEGLE XXI,,Scorer,4.5,0.6,57.1,59.5,28.4,100.0,0.0,0.0,0.0
2235818,L. Niño San Miguel,SEGLE XXI,,Scorer,3.2,0.0,0.0,0.0,0.0,0.0,100.0,0.0,0.0
2647608,M. Doumbia,SPAR GRAN CANARIA,,Scorer,36.8,20.8,43.0,46.4,14.6,41.2,17.5,0.0,0.0
2643570,L. Toure,SPAR GRAN CANARIA,,Scorer,31.9,16.9,46.7,48.2,9.6,38.7,0.4,0.0,0.0
2494285,A. Mbengue Sánchez,SPAR GRAN CANARIA,,Scorer,31.1,13.7,60.0,61.5,17.5,20.5,1.3,0.0,0.0
2203305,L. Perez Castro,SPAR GRAN CANARIA,,Scorer,34.8,10.8,43.8,44.9,14.6,10.2,48.0,0.0,0.0
2352279,T. Ezeanatogu Ezeonu,SPAR GRAN CANARIA,,Scorer,31.6,10.4,41.3,42.4,24.5,49.4,1.7,0.0,0.0
2383238,E. Ezeanatogu Ezeonu,SPAR GRAN CANARIA,,Scorer,20.0,10.0,83.3,83.3,14.3,0.0,0.0,0.0,0.0
1879260,C. Ojeda Bernal,SPAR GRAN CANARIA,,Scorer,30.0,9.0,50.0,58.0,20.5,66.7,0.0,0.0,0.0
2251955,M. Ocurto Mendes,SPAR GRAN CANARIA,,Scorer,29.1,8.5,36.8,39.7,18.2,18.9,58.3,0.0,0.0
2288451,A. Hernandez Martinez,SPAR GRAN CANARIA,,Scorer,17.9,5.0,37.7,39.2,22.6,8.2,75.4,0.0,0.0
2621781,F. Thiao,SPAR GRAN CANARIA,,Scorer,9.9,3.2,43.5,47.4,22.6,43.5,0.0,0.0,0.0
2292843,M. Rodríguez Sánchez,SPAR GRAN CANARIA,,Scorer,16.2,3.1,42.2,42.1,23.5,13.3,49.4,0.0,0.0
2233043,A. Deniz Agullo,SPAR GRAN CANARIA,,Scorer,9.1,1.7,40.0,40.0,37.5,0.0,6.7,0.0,0.0
2230179,A. Garcia San Blas,SPAR GRAN CANARIA,,Scorer,8.0,1.6,27.8,28.5,23.0,5.6,86.1,0.0,0.0
2340752,N. Prado Plumed,SPAR GRAN CANARIA,,Scorer,7.9,1.4,26.9,26.9,7.1,0.0,76.9,0.0,0.0
1597595,M. Mbulito Upolo,SPAR GRAN CANARIA,,Scorer,1.6,0.0,0.0,0.0,0.0,0.0,66.7,0.0,0.0
2234762,V. Hernandez Spaccesi,SPAR GRAN CANARIA,,Scorer,4.3,0.0,0.0,0.0,50.0,0.0,100.0,0.0,0.0
2340892,M. Redondo De Santa Ana,SPAR GRAN CANARIA,,Scorer,6.4,0.0,0.0,0.0,40.0,0.0,0.0,0.0,0.0
2340893,S. Redondo De Santa Ana,SPAR GRAN CANARIA,,Scorer,4.2,0.0,0.0,0.0,50.0,0.0,0.0,0.0,0.0
2343754,O. Boniface Peters,SPAR GRAN CANARIA,,Scorer,2.1,0.0,0.0,0.0,0.0,0.0,0.0,0.0,0.0
