PLAYER_ID,PLAYER_NAME,TEAM_ID,TEAM,POSITION,POS_ORDER,ROLE_NAME,DORSAL,PHOTO_URL,GP,GS,MIN_PG,PTS_PG,ORB_PG,DRB_PG,TRB_PG,AST_PG,STL_PG,BLK_PG,BLKA_PG,TOV_PG,PF_PG,PFD_PG,PLUS_MINUS_PG,PIR_PG,FGM_2_PG,FGA_2_PG,FG2_PCT,FGM_3_PG,FGA_3_PG,FG3_PCT,FTM_PG,FTA_PG,FT_PCT,TS_PCT,EFG_PCT,3PAr,FTr,TOV_PCT,GMSC_PG,ROLE_EFG_PCT,ROLE_TS_PCT,ROLE_TOV_PCT,ROLE_ORB_PCT,ROLE_FTr,ROLE_USG_PCT,PTS,TRB,AST,STL,BLK,TOV,PIR,FGM_2,FGA_2,FGM_3,FGA_3,FTM,FTA,MIN_TOTAL,MIN_SECS_TOTAL
2816397,K. Sotolová,981303,BAXI FERROL,PG,1,Offensive Engine,,https://imagenes.feb.es/Foto.aspx?c=2816397,30,16,28.5,9.2,0.9,2.0,2.9,2.3,1.3,0.1,0.0,1.6,1.7,1.0,-1.7,8.4,2.0,3.9,50.0,1.6,4.5,34.8,0.5,0.8,69.6,52.3,51.2,53.4,9.1,15.4,6.6,49.9,51.0,15.3,4.1,10.0,17.8,275.0,87.0,70.0,39.0,4.0,48.0,253.0,59.0,118.0,47.0,135.0,16.0,23.0,855.4,51329.0
2644563,K. Erjavec,981303,BAXI FERROL,PG,1,Offensive Engine,,https://imagenes.feb.es/Foto.aspx?c=2644563,16,9,21.7,7.4,0.1,1.9,2.0,2.1,0.8,0.0,0.2,1.6,1.8,1.3,-1.9,5.3,1.8,3.8,45.9,0.9,3.5,25.0,1.2,1.4,87.0,46.4,41.9,47.9,19.7,16.4,3.8,39.3,43.5,15.3,0.8,18.2,21.0,118.0,32.0,34.0,12.0,0.0,25.0,85.0,28.0,61.0,14.0,56.0,20.0,23.0,347.0,20825.0
1538522,S. Millan Modia,981303,BAXI FERROL,PG,1,,,https://imagenes.feb.es/Foto.aspx?c=1538522,3,0,1.2,0.7,0.0,0.0,0.0,0.0,0.0,0.0,0.0,0.0,0.3,0.3,-2.7,0.0,0.3,0.3,100.0,0.0,0.0,0.0,0.0,0.7,0.0,53.2,100.0,0.0,200.0,0.0,0.2,,,,,,,2.0,0.0,0.0,0.0,0.0,0.0,0.0,1.0,1.0,0.0,0.0,0.0,2.0,3.6,217.0
2736817,M. Joiner,981303,BAXI FERROL,SG,2,High Volume Scorer,,https://imagenes.feb.es/Foto.aspx?c=2736817,30,29,27.4,12.3,1.2,3.1,4.3,2.0,1.0,0.0,0.4,2.7,2.2,2.7,-2.8,10.9,2.6,5.9,43.8,1.9,4.5,41.8,1.6,2.1,74.6,54.6,51.9,43.2,20.3,19.2,7.2,53.2,55.3,18.2,5.3,22.4,24.6,369.0,129.0,60.0,29.0,0.0,80.0,327.0,77.0,176.0,56.0,134.0,47.0,63.0,822.6,49359.0
1538521,B. Millan Modia,981303,BAXI FERROL,SG,2,Offensive Engine,,https://imagenes.feb.es/Foto.aspx?c=1538521,30,26,27.0,9.2,1.0,2.7,3.7,2.5,1.2,0.1,0.2,1.6,2.2,3.5,1.3,10.0,1.8,4.1,43.5,1.2,4.5,25.7,2.1,2.7,77.8,46.7,41.0,52.3,31.2,14.0,6.1,42.7,48.2,14.8,4.8,47.8,20.6,276.0,111.0,74.0,37.0,3.0,48.0,301.0,54.0,124.0,35.0,136.0,63.0,81.0,810.2,48600.0
2641500,C. Samson,981303,BAXI FERROL,SF,3,3&D Wing,,https://imagenes.feb.es/Foto.aspx?c=2641500,22,4,14.1,4.6,0.6,1.5,2.1,1.0,0.2,0.1,0.0,0.8,0.7,0.5,-0.9,4.5,0.8,2.2,37.5,0.8,2.0,41.9,0.5,0.6,85.7,52.5,49.5,47.3,15.4,15.6,3.2,44.5,48.0,12.8,5.3,20.4,17.7,102.0,46.0,22.0,5.0,3.0,18.0,100.0,18.0,48.0,18.0,43.0,12.0,14.0,309.5,18572.0
2641500,C. Samson,981303,BAXI FERROL,SF,3,3&D Wing,,https://imagenes.feb.es/Foto.aspx?c=2641500,22,4,14.1,4.6,0.6,1.5,2.1,1.0,0.2,0.1,0.0,0.8,0.7,0.5,-0.9,4.5,0.8,2.2,37.5,0.8,2.0,41.9,0.5,0.6,85.7,52.5,49.5,47.3,15.4,15.6,3.2,44.5,48.0,12.8,5.3,20.4,17.7,102.0,46.0,22.0,5.0,3.0,18.0,100.0,18.0,48.0,18.0,43.0,12.0,14.0,309.5,18572.0
1679252,A. Sanchez Ramos Pereda,981303,BAXI FERROL,SF,3,3&D Wing,,https://imagenes.feb.es/Foto.aspx?c=1679252,30,6,16.3,3.0,0.6,1.7,2.3,0.7,0.7,0.0,0.1,0.9,1.8,1.1,-1.0,2.2,0.6,1.8,34.0,0.3,1.8,17.0,0.9,1.0,83.9,37.2,29.7,50.0,29.2,17.9,1.3,34.4,40.5,16.7,4.6,34.4,14.5,89.0,68.0,21.0,20.0,0.0,26.0,66.0,18.0,53.0,9.0,53.0,26.0,31.0,488.0,29270.0
2753064,I. Joris,981303,BAXI FERROL,PF,4,3&D Wing,,https://imagenes.feb.es/Foto.aspx?c=2753064,29,8,18.3,5.9,1.0,2.1,3.1,0.7,0.6,0.0,0.1,0.9,1.4,0.5,-1.6,5.2,0.6,1.8,32.1,1.5,3.6,41.7,0.3,0.3,100.0,53.8,52.2,66.0,5.8,14.0,3.9,50.1,51.2,12.8,6.5,5.1,16.9,172.0,89.0,21.0,16.0,1.0,26.0,151.0,17.0,53.0,43.0,103.0,9.0,9.0,530.1,31802.0
1824971,E. Rodriguez Dominguez,981303,BAXI FERROL,PF,4,3&D Wing,,https://imagenes.feb.es/Foto.aspx?c=1824971,28,6,13.0,2.7,0.8,2.0,2.9,0.7,0.6,0.1,0.0,0.4,1.0,0.7,-1.2,5.0,1.1,1.7,68.1,0.1,0.5,14.3,0.2,0.4,41.7,56.6,57.4,23.0,19.7,15.3,3.0,51.2,49.7,13.4,7.5,19.2,10.3,75.0,80.0,20.0,16.0,2.0,12.0,140.0,32.0,47.0,2.0,14.0,5.0,12.0,363.3,21792.0
2816349,D. Daniels,981303,BAXI FERROL,C,5,Stretch Big,,https://imagenes.feb.es/Foto.aspx?c=2816349,30,27,26.1,12.2,1.7,3.6,5.4,1.6,0.9,0.7,0.5,2.6,2.3,3.3,-1.4,12.5,3.9,8.0,49.4,0.8,2.3,33.8,2.1,3.2,64.6,52.5,49.7,22.1,31.3,18.1,7.8,48.6,51.1,17.4,8.5,33.8,26.4,367.0,161.0,47.0,28.0,21.0,77.0,376.0,118.0,239.0,23.0,68.0,62.0,96.0,783.5,46991.0
2736824,C. Melia,981303,BAXI FERROL,C,5,Stretch Big,,https://imagenes.feb.es/Foto.aspx?c=2736824,29,19,23.9,10.0,1.1,3.7,4.8,2.7,0.4,0.5,0.1,2.3,2.6,5.3,-1.9,14.8,2.3,4.3,54.8,0.8,2.2,36.9,2.9,3.7,78.3,61.7,55.0,34.4,56.1,21.9,7.7,56.6,62.8,21.9,5.8,64.1,21.3,291.0,139.0,79.0,13.0,15.0,66.0,430.0,68.0,124.0,24.0,65.0,83.0,106.0,691.9,41512.0
2231427,I. Somorrostro Fornos,981303,BAXI FERROL,C,5,Rolling Big,,https://imagenes.feb.es/Foto.aspx?c=2231427,2,0,3.6,0.0,0.0,0.0,0.0,0.0,0.0,0.0,0.0,0.5,0.0,0.0,-3.0,-1.5,0.0,0.0,0.0,0.0,1.0,0.0,0.0,0.0,0.0,0.0,0.0,100.0,0.0,33.3,-1.2,0.0,0.0,26.0,0.0,0.0,19.9,0.0,0.0,0.0,0.0,0.0,1.0,-3.0,0.0,0.0,0.0,2.0,0.0,0.0,7.3,441.0
2285448,E. Baldonedo Vila,981303,BAXI FERROL,C,5,Rolling Big,,https://imagenes.feb.es/Foto.aspx?c=2285448,3,0,4.4,0.0,0.3,0.3,0.7,0.7,0.0,0.0,0.0,0.3,0.3,0.0,-3.0,-0.3,0.0,1.0,0.0,0.0,0.0,0.0,0.0,0.0,0.0,0.0,0.0,0.0,0.0,25.0,-0.4,0.0,0.0,26.2,10.1,0.0,13.5,0.0,2.0,2.0,0.0,0.0,1.0,-1.0,0.0,3.0,0.0,0.0,0.0,0.0,13.1,790.0
2812647,S. Gonzales,979864,CADI LA SEU,PG,1,Lead Guard,,https://imagenes.feb.es/Foto.aspx?c=2812647,24,11,22.0,11.2,1.2,2.1,3.3,2.0,1.2,0.1,0.5,1.8,1.5,2.7,-2.3,10.5,2.5,6.2,40.9,1.3,4.0,32.6,2.2,2.6,87.1,49.6,44.1,38.9,25.4,13.4,7.3,44.1,50.4,13.4,6.1,28.2,27.9,269.0,79.0,47.0,29.0,3.0,42.0,253.0,61.0,149.0,31.0,95.0,54.0,62.0,528.4,31702.0
1389607,R. Aguilar Motta,979864,CADI LA SEU,PG,1,Offensive Engine,,https://imagenes.feb.es/Foto.aspx?c=1389607,28,20,26.8,9.0,0.5,1.8,2.3,3.1,1.0,0.0,0.1,1.8,2.5,2.8,-4.2,7.2,1.7,5.2,33.1,1.1,3.7,29.8,2.2,2.9,77.5,44.2,38.0,41.8,32.1,14.7,4.9,38.2,44.8,14.3,2.2,37.7,21.1,251.0,64.0,87.0,29.0,0.0,49.0,202.0,48.0,145.0,31.0,104.0,62.0,80.0,749.2,44946.0
1825318,A. Gervasini Lacorzana,979864,CADI LA SEU,PG,1,Offensive Engine,,https://imagenes.feb.es/Foto.aspx?c=1825318,27,15,23.8,8.4,0.9,3.3,4.2,3.7,1.0,0.1,0.2,2.8,2.0,3.5,-3.5,10.4,2.0,5.0,40.7,0.7,2.7,26.0,2.2,2.9,74.7,46.5,40.1,35.1,38.0,23.6,5.5,39.8,46.1,24.1,4.2,39.8,23.8,226.0,113.0,101.0,27.0,2.0,75.0,280.0,55.0,135.0,19.0,73.0,59.0,79.0,641.8,38508.0
1371309,Y. Diaz Castellano,979864,CADI LA SEU,PG,1,3&D Wing,,https://imagenes.feb.es/Foto.aspx?c=1371309,6,0,9.1,2.2,0.0,0.7,0.7,0.5,0.2,0.3,0.2,0.3,0.5,0.3,-6.3,1.0,0.0,1.2,0.0,0.7,1.7,40.0,0.2,0.3,50.0,36.4,35.3,58.8,11.8,10.1,0.8,40.6,41.0,8.4,0.0,14.0,18.1,13.0,4.0,3.0,1.0,2.0,2.0,6.0,0.0,7.0,4.0,10.0,1.0,2.0,54.5,3277.0
1763693,L. Raventos Roig,979864,CADI LA SEU,SG,2,Lead Guard,,https://imagenes.feb.es/Foto.aspx?c=1763693,29,15,21.4,9.1,0.5,1.9,2.4,2.8,1.5,0.0,0.1,2.1,2.8,2.0,-1.9,8.0,2.4,4.8,51.4,1.0,2.9,34.5,1.2,1.8,64.2,53.6,51.6,37.8,23.9,19.7,6.0,50.3,51.4,18.8,3.0,23.9,23.3,263.0,70.0,80.0,43.0,1.0,60.0,233.0,71.0,138.0,29.0,84.0,34.0,53.0,619.3,37155.0
1568385,A. Palma Jorge,979864,CADI LA SEU,SF,3,3&D Wing,,https://imagenes.feb.es/Foto.aspx?c=1568385,30,25,21.8,3.8,1.5,4.2,5.7,1.2,0.7,0.1,0.0,0.9,1.1,0.7,-6.8,7.2,0.8,2.8,30.1,0.6,1.7,34.0,0.4,0.6,76.5,40.6,38.0,37.6,12.8,16.1,3.9,36.5,38.1,17.0,8.2,15.0,12.3,114.0,172.0,35.0,22.0,4.0,27.0,215.0,25.0,83.0,17.0,50.0,13.0,17.0,654.3,39274.0
2038639,M. Morales Romero,979864,CADI LA SEU,SF,3,3&D Wing,,https://imagenes.feb.es/Foto.aspx?c=2038639,26,1,8.3,2.4,0.3,1.1,1.3,0.5,0.1,0.1,0.1,0.5,0.3,0.2,-2.0,2.5,0.6,1.1,55.2,0.3,1.1,27.6,0.2,0.3,85.7,50.8,48.3,50.0,12.1,16.4,1.6,37.8,39.4,14.2,3.7,12.2,15.9,62.0,35.0,13.0,3.0,2.0,12.0,64.0,16.0,29.0,8.0,29.0,6.0,7.0,216.2,12986.0
2736275,S. Ridard,979864,CADI LA SEU,PF,4,3&D Wing,,https://imagenes.feb.es/Foto.aspx?c=2736275,23,17,24.8,7.7,1.1,2.1,3.2,0.5,0.5,0.0,0.3,1.3,2.0,0.9,-4.5,4.5,1.9,4.3,44.4,1.1,3.4,32.1,0.6,0.9,66.7,47.5,46.0,44.1,11.9,14.3,3.5,46.0,46.9,14.5,5.3,12.5,18.5,177.0,73.0,12.0,11.0,1.0,31.0,104.0,44.0,99.0,25.0,78.0,14.0,21.0,571.5,34291.0
2812649,F. Werth,979864,CADI LA SEU,PF,4,3&D Wing,,https://imagenes.feb.es/Foto.aspx?c=2812649,15,4,17.1,4.6,0.9,1.6,2.5,0.3,1.0,0.0,0.3,0.7,1.7,0.9,-3.5,4.3,1.1,2.1,50.0,0.5,2.1,25.0,0.9,0.9,92.9,49.2,43.8,50.0,21.9,12.5,3.3,44.3,47.6,9.6,6.1,19.7,14.3,69.0,38.0,5.0,15.0,0.0,10.0,64.0,16.0,32.0,8.0,32.0,13.0,14.0,256.2,15360.0
1869976,L. Rodriguez Arribas,979864,CADI LA SEU,PF,4,3&D Wing,,https://imagenes.feb.es/Foto.aspx?c=1869976,7,3,12.5,2.9,0.7,1.4,2.1,0.1,0.1,0.0,0.0,0.3,1.0,1.4,-2.6,2.0,0.4,1.6,27.3,0.3,2.1,13.3,1.1,1.6,72.7,32.4,23.1,57.7,42.3,6.1,0.9,45.0,46.1,5.5,3.4,34.5,17.0,20.0,15.0,1.0,1.0,0.0,2.0,14.0,3.0,11.0,2.0,15.0,8.0,11.0,87.4,5246.0
1869976,L. Rodriguez Arribas,979864,CADI LA SEU,PF,4,3&D Wing,,https://imagenes.feb.es/Foto.aspx?c=1869976,7,3,12.5,2.9,0.7,1.4,2.1,0.1,0.1,0.0,0.0,0.3,1.0,1.4,-2.6,2.0,0.4,1.6,27.3,0.3,2.1,13.3,1.1,1.6,72.7,32.4,23.1,57.7,42.3,6.1,0.9,45.0,46.1,5.5,3.4,34.5,17.0,20.0,15.0,1.0,1.0,0.0,2.0,14.0,3.0,11.0,2.0,15.0,8.0,11.0,87.4,5246.0
2817565,N. Niare,979864,CADI LA SEU,C,5,Traditional Center,,https://imagenes.feb.es/Foto.aspx?c=2817565,30,28,23.7,9.2,1.5,1.8,3.3,0.7,0.5,0.2,0.6,2.1,3.1,2.8,-5.3,6.8,3.7,7.5,49.3,0.0,0.0,0.0,1.8,2.7,67.1,53.0,49.3,0.0,36.4,19.4,4.5,51.2,54.1,19.4,7.1,44.9,21.8,277.0,99.0,22.0,16.0,5.0,63.0,204.0,111.0,225.0,0.0,0.0,55.0,82.0,711.2,42693.0
2846968,M. Hollingshed,979864,CADI LA SEU,C,5,3&D Wing,,https://imagenes.feb.es/Foto.aspx?c=2846968,19,8,19.7,6.7,0.7,3.3,4.0,0.5,0.5,0.3,0.1,1.5,3.1,0.9,-4.2,4.5,1.3,2.9,43.6,1.2,3.3,37.1,0.5,0.5,100.0,52.3,50.0,53.0,8.5,19.3,3.1,47.5,49.2,21.2,4.0,8.1,19.4,127.0,76.0,9.0,9.0,6.0,29.0,86.0,24.0,55.0,23.0,62.0,10.0,10.0,373.4,22403.0
2131271,M. Mata Galindo,979864,CADI LA SEU,C,5,Stretch Big,,https://imagenes.feb.es/Foto.aspx?c=2131271,30,3,16.7,5.4,1.5,1.1,2.6,0.6,0.8,0.2,0.2,1.0,2.9,1.9,-1.9,4.7,2.0,3.9,52.6,0.0,0.1,25.0,1.2,2.1,59.7,55.0,52.1,3.3,51.7,17.4,3.6,50.9,52.5,15.0,10.2,58.2,16.8,162.0,77.0,18.0,23.0,5.0,31.0,140.0,61.0,116.0,1.0,4.0,37.0,62.0,502.3,30125.0
2829993,G. Aiello,979864,CADI LA SEU,C,5,Rolling Big,,https://imagenes.feb.es/Foto.aspx?c=2829993,4,0,7.4,1.8,1.2,0.8,2.0,0.2,0.0,0.0,0.0,1.2,1.8,1.0,-4.5,1.0,0.2,0.5,50.0,0.0,0.0,0.0,1.2,2.0,62.5,63.4,50.0,0.0,400.0,47.5,0.5,13.5,46.4,51.6,19.9,0.0,15.9,7.0,8.0,1.0,0.0,0.0,5.0,4.0,1.0,2.0,0.0,0.0,5.0,8.0,29.6,1770.0
2195245,E. Vidal Gomez,979864,CADI LA SEU,,6,,,https://imagenes.feb.es/Foto.aspx?c=2195245,1,0,2.4,0.0,0.0,0.0,0.0,0.0,1.0,0.0,0.0,0.0,0.0,0.0,-4.0,1.0,0.0,0.0,0.0,0.0,0.0,0.0,0.0,0.0,0.0,0.0,0.0,0.0,0.0,0.0,1.0,,,,,,,0.0,0.0,0.0,1.0,0.0,0.0,1.0,0.0,0.0,0.0,0.0,0.0,0.0,2.4,146.0
2319073,M. Marquet Guiu,979864,CADI LA SEU,,6,,,https://imagenes.feb.es/Foto.aspx?c=2319073,1,0,2.0,0.0,0.0,1.0,1.0,0.0,0.0,0.0,0.0,0.0,0.0,0.0,-4.0,1.0,0.0,0.0,0.0,0.0,0.0,0.0,0.0,0.0,0.0,0.0,0.0,0.0,0.0,0.0,0.3,,,,,,,0.0,1.0,0.0,0.0,0.0,0.0,1.0,0.0,0.0,0.0,0.0,0.0,0.0,2.0,118.0
2819700,C. Leite,979954,CASADEMONT ZARAGOZA,PG,1,Offensive Engine,,https://imagenes.feb.es/Foto.aspx?c=2819700,24,18,20.3,9.7,0.5,1.3,1.8,2.1,0.7,0.0,0.1,1.3,2.2,2.9,7.3,9.6,2.8,5.0,56.7,0.5,2.0,23.4,2.7,3.1,85.3,58.2,50.6,28.1,44.9,13.8,6.7,47.6,55.3,13.5,2.9,48.1,22.3,233.0,44.0,50.0,16.0,1.0,32.0,230.0,68.0,120.0,11.0,47.0,64.0,75.0,486.1,29165.0
703084,M. Ortiz Vives,979954,CASADEMONT ZARAGOZA,PG,1,Offensive Engine,4.0,https://imagenes.feb.es/Foto.aspx?c=703084,35,16,21.1,5.3,0.5,3.2,3.7,5.1,1.4,0.1,0.0,2.1,2.0,1.9,8.7,10.2,1.4,3.1,44.4,0.5,1.5,35.3,1.0,1.5,67.3,50.9,47.2,32.1,32.7,29.2,6.1,46.1,50.3,29.1,3.0,39.2,16.6,185.0,130.0,178.0,49.0,5.0,75.0,358.0,48.0,108.0,18.0,51.0,35.0,52.0,737.6,44256.0
1572736,L. Flores Costa,979954,CASADEMONT ZARAGOZA,PG,1,Offensive Engine,10.0,https://imagenes.feb.es/Foto.aspx?c=1572736,36,15,17.2,5.2,0.7,2.1,2.8,2.6,1.0,0.0,0.2,1.1,1.2,1.8,3.4,7.4,0.9,2.5,36.0,0.8,2.6,31.5,1.0,1.4,73.5,46.2,41.7,50.8,27.1,16.1,4.5,37.1,42.0,16.6,5.3,35.3,18.5,187.0,101.0,92.0,36.0,0.0,39.0,265.0,32.0,89.0,29.0,92.0,36.0,49.0,620.0,37188.0
2814809,V. Vorackova,979954,CASADEMONT ZARAGOZA,SG,2,Offensive Engine,8.0,https://imagenes.feb.es/Foto.aspx?c=2814809,36,19,20.6,7.1,0.7,2.1,2.8,2.5,0.8,0.1,0.0,1.7,1.1,1.0,7.0,8.1,2.4,4.6,52.4,0.6,1.6,35.7,0.6,0.8,74.1,54.3,52.7,25.2,12.2,20.7,5.4,54.5,55.6,20.6,4.3,14.3,19.0,254.0,99.0,90.0,29.0,4.0,61.0,290.0,87.0,166.0,20.0,56.0,20.0,27.0,743.2,44592.0
1686642,H. Pueyo Melchor,979954,CASADEMONT ZARAGOZA,SF,3,Lead Guard,13.0,https://imagenes.feb.es/Foto.aspx?c=1686642,29,16,22.7,9.4,0.6,3.1,3.6,1.9,2.0,0.4,0.0,0.9,1.7,1.1,8.6,12.3,2.3,3.8,60.9,1.3,3.3,39.6,0.9,1.1,83.9,62.4,60.2,46.6,15.0,10.9,9.2,61.1,63.6,10.3,3.1,19.2,17.8,274.0,105.0,55.0,58.0,12.0,27.0,356.0,67.0,110.0,38.0,96.0,26.0,31.0,657.0,39441.0
2622325,O. Bankole,979954,CASADEMONT ZARAGOZA,SF,3,Stretch Big,3.0,https://imagenes.feb.es/Foto.aspx?c=2622325,35,15,17.7,8.2,0.7,2.5,3.2,1.6,0.6,0.1,0.1,1.5,2.0,2.0,3.6,8.8,2.1,3.6,58.7,0.7,2.2,30.8,1.9,2.3,83.8,60.0,53.9,38.2,39.2,18.1,5.8,54.4,59.3,18.1,5.5,52.2,22.2,287.0,113.0,55.0,21.0,2.0,53.0,307.0,74.0,126.0,24.0,78.0,67.0,80.0,619.4,37150.0
1572741,H. Oma Giralt,979954,CASADEMONT ZARAGOZA,SF,3,Offensive Engine,16.0,https://imagenes.feb.es/Foto.aspx?c=1572741,31,9,12.2,3.7,1.0,1.2,2.2,1.0,0.6,0.0,0.0,0.7,1.2,0.5,4.3,3.3,0.9,2.2,42.6,0.5,1.8,28.6,0.3,0.5,62.5,44.3,42.7,45.2,12.9,13.8,2.6,38.8,39.4,14.1,9.9,12.7,18.8,116.0,68.0,30.0,18.0,0.0,21.0,102.0,29.0,68.0,16.0,56.0,10.0,16.0,378.0,22695.0
2631378,M. Hempe,979954,CASADEMONT ZARAGOZA,PF,4,3&D Wing,5.0,https://imagenes.feb.es/Foto.aspx?c=2631378,33,18,20.4,9.0,0.9,2.8,3.7,0.8,0.8,0.3,0.2,1.2,1.7,2.0,6.2,9.1,2.4,4.8,50.3,1.0,2.8,35.1,1.2,1.7,70.9,53.8,51.2,37.2,21.7,12.3,6.1,49.9,52.2,11.8,5.4,25.1,22.3,298.0,121.0,28.0,28.0,9.0,39.0,300.0,80.0,159.0,33.0,94.0,39.0,55.0,672.4,40336.0
2432613,N. Fingall,979954,CASADEMONT ZARAGOZA,PF,4,3&D Wing,7.0,https://imagenes.feb.es/Foto.aspx?c=2432613,36,36,23.0,8.5,1.5,4.0,5.5,1.4,0.9,0.3,0.1,1.2,1.6,1.6,7.2,11.3,2.5,4.2,59.6,0.8,2.7,29.9,1.1,1.7,63.9,55.7,53.8,39.1,24.6,13.5,7.3,54.6,56.3,14.1,7.7,30.8,18.1,306.0,197.0,50.0,34.0,12.0,43.0,406.0,90.0,151.0,29.0,97.0,39.0,61.0,829.2,49744.0
2642682,S. Mawuli,979954,CASADEMONT ZARAGOZA,PF,4,3&D Wing,33.0,https://imagenes.feb.es/Foto.aspx?c=2642682,36,0,17.0,6.4,0.6,0.9,1.5,0.8,0.4,0.1,0.0,0.8,1.3,2.0,4.6,6.2,1.1,2.3,45.8,0.9,2.1,43.4,1.6,2.0,78.1,60.7,55.0,47.8,45.9,13.2,4.3,54.8,59.8,13.2,4.2,58.0,16.8,232.0,55.0,27.0,16.0,2.0,29.0,225.0,38.0,83.0,33.0,76.0,57.0,73.0,612.4,36733.0
2814962,A. Gueye,979954,CASADEMONT ZARAGOZA,C,5,Stretch Big,31.0,https://imagenes.feb.es/Foto.aspx?c=2814962,36,15,17.7,10.2,1.8,4.4,6.2,0.6,0.6,0.1,0.2,1.8,1.6,2.6,4.2,12.7,3.4,6.2,54.5,0.5,1.5,33.3,2.0,2.6,79.3,58.3,53.6,19.6,33.3,16.8,7.4,53.9,57.2,18.0,12.4,40.5,28.4,369.0,223.0,23.0,20.0,3.0,64.0,457.0,121.0,222.0,18.0,54.0,73.0,92.0,636.9,38211.0
2085170,N. Hermosa Monreal,979954,CASADEMONT ZARAGOZA,C,5,Traditional Center,20.0,https://imagenes.feb.es/Foto.aspx?c=2085170,27,3,7.7,2.9,0.6,1.3,1.8,0.5,0.3,0.0,0.1,0.7,1.1,0.6,3.9,2.6,1.3,2.6,49.3,0.0,0.1,0.0,0.3,0.5,64.3,49.9,47.9,2.8,19.7,20.6,1.7,51.0,52.5,16.9,9.2,31.4,21.5,77.0,49.0,13.0,8.0,1.0,20.0,71.0,34.0,69.0,0.0,2.0,9.0,14.0,208.3,12489.0
1937427,L. Lamana Llobera,979289,CLUB JOVENTUT BADALONA,PG,1,Lead Guard,,https://imagenes.feb.es/Foto.aspx?c=1937427,26,11,21.3,8.0,0.6,1.7,2.2,2.7,1.7,0.0,0.2,1.7,2.1,1.5,-0.2,8.4,2.3,4.1,56.6,0.8,3.0,28.6,0.8,0.9,91.3,53.6,50.8,42.1,12.6,18.2,6.3,50.0,52.5,18.7,2.9,12.4,20.0,207.0,58.0,71.0,44.0,0.0,43.0,218.0,60.0,106.0,22.0,77.0,21.0,23.0,554.5,33278.0
2739915,B. Mununga,979289,CLUB JOVENTUT BADALONA,PG,1,Lead Guard,,https://imagenes.feb.es/Foto.aspx?c=2739915,5,3,24.3,8.0,1.6,4.6,6.2,1.4,2.0,0.2,0.0,1.2,1.0,2.2,1.4,14.4,2.6,3.8,68.4,0.4,1.8,22.2,1.6,2.4,66.7,60.1,57.1,32.1,42.9,15.3,9.0,57.1,60.0,15.7,6.4,36.7,13.9,40.0,31.0,7.0,10.0,1.0,6.0,72.0,13.0,19.0,2.0,9.0,8.0,12.0,121.7,7306.0
1952614,L. Piera Flo,979289,CLUB JOVENTUT BADALONA,PG,1,Offensive Engine,,https://imagenes.feb.es/Foto.aspx?c=1952614,27,20,20.5,5.5,0.7,1.9,2.7,2.0,1.4,0.1,0.2,1.8,1.8,1.6,-1.4,5.4,1.5,3.9,39.0,0.5,1.7,28.9,1.0,1.7,60.0,43.6,40.3,30.0,30.0,22.4,3.6,40.1,42.3,22.6,4.5,34.6,18.4,148.0,72.0,54.0,38.0,3.0,49.0,147.0,41.0,105.0,13.0,45.0,27.0,45.0,553.8,33229.0
2525185,E. Ramette,979289,CLUB JOVENTUT BADALONA,PG,1,Offensive Engine,,https://imagenes.feb.es/Foto.aspx?c=2525185,29,19,21.8,3.2,0.7,1.2,1.9,2.6,1.3,0.1,0.1,2.0,2.4,1.3,-3.7,3.2,0.6,1.2,45.7,0.6,2.6,21.3,0.5,0.6,77.8,39.9,36.4,68.2,16.4,33.3,2.0,32.3,35.3,35.3,3.6,14.6,13.1,94.0,56.0,76.0,37.0,2.0,59.0,92.0,16.0,35.0,16.0,75.0,14.0,18.0,632.4,37944.0
2256485,A. Hinojosa Punter,979289,CLUB JOVENTUT BADALONA,PG,1,Offensive Engine,,https://imagenes.feb.es/Foto.aspx?c=2256485,6,0,6.2,1.5,0.0,0.3,0.3,0.5,0.3,0.0,0.3,0.5,0.3,0.3,1.7,1.2,0.2,0.8,20.0,0.3,0.5,66.7,0.2,0.3,50.0,50.7,50.0,37.5,25.0,25.3,0.8,36.4,34.8,29.1,0.0,18.2,15.0,9.0,2.0,3.0,2.0,0.0,3.0,7.0,1.0,5.0,2.0,3.0,1.0,2.0,37.4,2246.0
1867462,I. Santibañez Herrero,979289,CLUB JOVENTUT BADALONA,SG,2,Offensive Engine,,https://imagenes.feb.es/Foto.aspx?c=1867462,22,10,21.2,6.6,1.0,2.0,3.0,2.0,1.0,0.0,0.2,1.4,2.0,2.8,-0.5,7.7,1.6,3.8,42.9,0.5,1.9,29.3,1.7,2.5,70.4,49.1,43.2,32.8,43.2,17.2,4.7,45.6,52.0,17.9,5.7,45.3,18.2,146.0,65.0,43.0,22.0,0.0,31.0,169.0,36.0,84.0,12.0,41.0,38.0,54.0,466.1,27963.0
2744004,L. Howard,979289,CLUB JOVENTUT BADALONA,SF,3,Offensive Engine,,https://imagenes.feb.es/Foto.aspx?c=2744004,29,5,24.5,10.5,0.7,3.1,3.8,2.8,1.0,0.1,0.1,2.2,2.4,3.4,-1.1,10.9,2.4,5.4,45.2,0.9,3.0,30.7,2.8,3.7,75.9,52.1,45.5,35.9,44.1,18.0,6.8,46.2,52.4,17.0,3.1,72.5,23.4,305.0,110.0,80.0,28.0,2.0,64.0,317.0,71.0,157.0,27.0,88.0,82.0,108.0,709.2,42561.0
2813035,A. Sivka,979289,CLUB JOVENTUT BADALONA,SF,3,3&D Wing,,https://imagenes.feb.es/Foto.aspx?c=2813035,29,25,25.6,8.4,0.6,3.0,3.6,1.0,0.7,0.2,0.2,1.8,1.2,1.4,-1.5,6.6,1.6,3.9,40.2,1.6,4.8,33.8,0.4,0.7,65.0,47.0,46.0,55.4,8.0,16.7,4.1,45.8,47.0,16.9,2.7,7.8,19.5,244.0,104.0,30.0,21.0,6.0,52.0,192.0,45.0,112.0,47.0,139.0,13.0,20.0,743.3,44615.0
2644595,I. Vennema,979289,CLUB JOVENTUT BADALONA,SF,3,3&D Wing,,https://imagenes.feb.es/Foto.aspx?c=2644595,8,0,6.8,1.8,0.1,0.8,0.9,0.1,0.1,0.0,0.0,0.4,0.4,0.6,-0.2,1.2,0.5,0.8,66.7,0.0,0.8,0.0,0.8,1.2,60.0,42.7,33.3,50.0,83.3,15.5,0.7,26.6,46.4,11.1,1.8,67.3,16.8,14.0,7.0,1.0,1.0,0.0,3.0,10.0,4.0,6.0,0.0,6.0,6.0,10.0,54.4,3261.0
2818990,G. Dembele,979289,CLUB JOVENTUT BADALONA,PF,4,Stretch Big,,https://imagenes.feb.es/Foto.aspx?c=2818990,25,25,31.4,17.0,1.7,5.8,7.5,0.8,1.3,0.1,0.4,1.8,2.6,3.5,-2.7,16.9,4.6,9.5,47.9,1.4,4.4,32.1,3.6,4.6,79.1,53.3,48.0,31.4,33.1,10.2,11.3,48.6,53.8,10.3,6.6,35.1,26.7,424.0,188.0,21.0,32.0,3.0,45.0,423.0,114.0,238.0,35.0,109.0,91.0,115.0,784.6,47087.0
1674308,R. Cotano De Juan,979289,CLUB JOVENTUT BADALONA,PF,4,3&D Wing,,https://imagenes.feb.es/Foto.aspx?c=1674308,26,2,8.4,1.7,0.5,0.8,1.2,0.5,0.2,0.2,0.0,0.1,1.0,0.3,-1.9,1.8,0.7,1.2,53.1,0.1,0.6,13.3,0.2,0.2,80.0,44.7,42.6,31.9,10.6,5.7,1.4,31.6,33.8,8.2,5.8,7.5,10.8,44.0,32.0,14.0,4.0,4.0,3.0,46.0,17.0,32.0,2.0,15.0,4.0,5.0,219.2,13153.0
2813098,L. Ebo,979289,CLUB JOVENTUT BADALONA,C,5,Stretch Big,,https://imagenes.feb.es/Foto.aspx?c=2813098,30,25,23.0,9.6,2.1,3.9,6.0,0.9,0.6,0.4,0.3,2.0,2.6,3.5,-2.0,10.4,3.8,7.1,53.3,0.1,0.3,33.3,1.7,4.0,43.3,52.4,53.2,4.1,54.3,18.2,6.1,54.6,53.0,18.2,10.8,59.5,22.9,287.0,180.0,26.0,18.0,11.0,61.0,313.0,113.0,212.0,3.0,9.0,52.0,120.0,689.1,41367.0
2644051,B. Brewer,979289,CLUB JOVENTUT BADALONA,C,5,Traditional Center,,https://imagenes.feb.es/Foto.aspx?c=2644051,27,5,15.4,5.9,1.3,2.7,4.0,0.6,0.3,0.5,0.1,1.3,2.0,1.0,-1.9,6.7,2.7,4.6,57.6,0.0,0.1,33.3,0.5,0.8,61.9,58.3,57.4,2.3,16.4,20.8,4.3,57.5,58.1,20.0,9.6,21.6,19.6,160.0,107.0,17.0,9.0,13.0,36.0,180.0,72.0,125.0,1.0,3.0,13.0,21.0,414.6,24876.0
2813034,A. Gaye,979289,CLUB JOVENTUT BADALONA,C,5,Traditional Center,,https://imagenes.feb.es/Foto.aspx?c=2813034,2,0,12.8,5.0,1.5,2.0,3.5,0.5,0.0,0.0,0.0,0.5,4.5,0.0,4.5,2.0,2.5,4.0,62.5,0.0,0.5,0.0,0.0,0.0,0.0,55.6,55.6,11.1,0.0,10.0,2.6,59.3,59.3,14.0,14.7,0.0,19.1,10.0,7.0,1.0,0.0,0.0,1.0,4.0,5.0,8.0,0.0,1.0,0.0,0.0,25.6,1537.0
2244231,M. Gironella Mandos,979289,CLUB JOVENTUT BADALONA,,6,,,https://imagenes.feb.es/Foto.aspx?c=2244231,1,0,12.4,9.0,0.0,1.0,1.0,0.0,0.0,0.0,0.0,0.0,0.0,1.0,9.0,5.0,1.0,4.0,25.0,2.0,4.0,50.0,1.0,2.0,50.0,50.7,50.0,50.0,25.0,0.0,4.5,,,,,,,9.0,1.0,0.0,0.0,0.0,0.0,5.0,1.0,4.0,2.0,4.0,1.0,2.0,12.4,744.0
2215981,L. Nieto Morales,979289,CLUB JOVENTUT BADALONA,,6,,,https://imagenes.feb.es/Foto.aspx?c=2215981,1,0,5.5,2.0,1.0,0.0,1.0,0.0,1.0,0.0,0.0,0.0,0.0,0.0,4.0,2.0,1.0,2.0,50.0,0.0,1.0,0.0,0.0,0.0,0.0,33.3,33.3,33.3,0.0,0.0,2.0,,,,,,,2.0,1.0,0.0,1.0,0.0,0.0,2.0,1.0,2.0,0.0,1.0,0.0,0.0,5.5,333.0
2819795,A. Orsili,981243,DURÁN MAQUINARIA ENSINO,PG,1,Offensive Engine,,https://imagenes.feb.es/Foto.aspx?c=2819795,32,21,16.7,2.9,0.5,0.8,1.3,1.5,0.7,0.0,0.2,0.9,2.2,1.0,-2.0,1.6,0.5,1.8,29.8,0.5,1.8,28.6,0.3,0.4,76.9,38.7,36.3,49.6,11.5,20.2,1.3,33.6,35.1,20.7,3.5,9.0,12.7,92.0,41.0,49.0,22.0,1.0,30.0,52.0,17.0,57.0,16.0,56.0,10.0,13.0,534.3,32051.0
2794778,I. Tate,981243,DURÁN MAQUINARIA ENSINO,SG,2,Offensive Engine,,https://imagenes.feb.es/Foto.aspx?c=2794778,31,29,30.5,13.3,0.9,2.8,3.7,3.8,1.7,0.1,0.1,3.0,2.8,3.4,2.2,12.5,3.6,8.1,44.4,1.3,3.5,36.7,2.3,3.1,73.7,51.4,47.6,30.4,26.5,19.0,8.5,48.0,51.3,18.8,3.5,27.9,24.2,412.0,114.0,117.0,52.0,2.0,94.0,388.0,111.0,250.0,40.0,109.0,70.0,95.0,944.1,56650.0
2099031,A. Florez Getino,981243,DURÁN MAQUINARIA ENSINO,SG,2,Offensive Engine,,https://imagenes.feb.es/Foto.aspx?c=2099031,32,31,33.0,11.8,1.4,4.2,5.6,5.3,1.9,0.3,0.1,3.3,3.0,4.7,3.5,15.8,2.9,6.5,44.5,1.2,3.9,29.6,2.5,3.5,69.9,49.0,44.5,37.4,33.8,21.5,9.2,46.7,50.6,21.4,5.1,35.1,21.3,376.0,178.0,171.0,61.0,10.0,105.0,505.0,93.0,209.0,37.0,125.0,79.0,113.0,1055.6,63333.0
1915107,N. Bosch Duran,981243,DURÁN MAQUINARIA ENSINO,SG,2,Offensive Engine,,https://imagenes.feb.es/Foto.aspx?c=1915107,20,0,10.5,2.2,0.4,0.6,1.0,0.6,0.3,0.0,0.0,0.7,1.2,0.9,-3.5,0.8,0.4,1.2,37.5,0.4,1.8,20.0,0.2,0.2,80.0,35.1,33.1,59.3,8.5,18.6,0.4,29.1,30.9,17.8,4.4,6.4,16.3,43.0,19.0,13.0,6.0,0.0,14.0,16.0,9.0,24.0,7.0,35.0,4.0,5.0,210.4,12629.0
2744013,J. Fequiere,981243,DURÁN MAQUINARIA ENSINO,SF,3,3&D Wing,,https://imagenes.feb.es/Foto.aspx?c=2744013,32,4,23.3,8.6,1.1,1.7,2.8,0.7,1.0,0.0,0.2,0.8,1.8,1.6,-0.4,7.6,1.7,3.0,54.6,1.2,4.2,29.6,1.5,1.7,88.9,53.6,48.7,58.2,23.3,8.6,5.9,47.9,51.8,8.8,5.5,23.4,17.3,274.0,89.0,21.0,32.0,0.0,24.0,242.0,53.0,97.0,40.0,135.0,48.0,54.0,746.8,44814.0
2561098,Z. Hernandez Ortiz,981243,DURÁN MAQUINARIA ENSINO,SF,3,3&D Wing,,https://imagenes.feb.es/Foto.aspx?c=2561098,30,11,13.8,2.6,0.2,0.6,0.8,0.5,0.5,0.0,0.0,0.2,1.1,0.3,-0.4,1.8,0.2,0.5,31.2,0.7,2.0,37.3,0.1,0.2,60.0,51.2,50.7,78.7,6.7,6.1,1.8,49.2,49.0,4.6,1.4,9.9,9.1,79.0,23.0,15.0,15.0,0.0,5.0,53.0,5.0,16.0,22.0,59.0,3.0,5.0,415.0,24901.0
2735179,M. Haidara,981243,DURÁN MAQUINARIA ENSINO,PF,4,Stretch Big,,https://imagenes.feb.es/Foto.aspx?c=2735179,32,19,24.3,12.2,2.7,5.1,7.8,1.4,1.0,0.2,0.3,2.3,1.9,2.7,1.7,15.1,4.7,8.4,55.4,0.2,0.9,24.1,2.2,3.7,59.8,55.7,53.5,9.7,39.3,17.5,9.4,51.4,53.8,18.0,12.6,43.7,25.0,389.0,250.0,44.0,32.0,7.0,74.0,482.0,149.0,269.0,7.0,29.0,70.0,117.0,777.9,46674.0
1860492,E. Garfella Bejar,981243,DURÁN MAQUINARIA ENSINO,PF,4,3&D Wing,,https://imagenes.feb.es/Foto.aspx?c=1860492,32,13,16.0,3.8,0.8,2.0,2.8,1.0,0.3,0.1,0.2,0.6,1.8,0.6,-1.5,2.6,1.0,2.5,38.8,0.6,2.5,22.8,0.2,0.4,53.8,37.3,36.5,49.7,8.2,10.8,1.8,34.8,36.4,10.7,5.9,5.2,16.5,123.0,91.0,31.0,9.0,2.0,20.0,82.0,31.0,80.0,18.0,79.0,7.0,13.0,513.6,30815.0
2451516,L. Giomi,981243,DURÁN MAQUINARIA ENSINO,C,5,Traditional Center,,https://imagenes.feb.es/Foto.aspx?c=2451516,32,32,30.0,14.6,3.6,4.3,7.9,1.0,1.2,0.4,0.4,2.2,3.2,3.5,3.0,16.3,6.0,11.8,50.7,0.0,0.2,0.0,2.7,3.7,71.4,53.8,50.0,1.3,31.2,13.7,10.8,49.9,54.0,13.6,14.1,35.1,24.2,467.0,254.0,32.0,38.0,14.0,69.0,521.0,191.0,377.0,0.0,5.0,85.0,119.0,959.9,57609.0
2820189,H. Van Schaik,981243,DURÁN MAQUINARIA ENSINO,C,5,3&D Wing,,https://imagenes.feb.es/Foto.aspx?c=2820189,30,0,8.8,2.9,0.5,1.2,1.7,0.5,0.3,0.1,0.1,0.8,1.9,0.6,-1.7,1.6,0.8,1.6,48.9,0.3,1.2,28.6,0.3,0.4,83.3,49.3,46.3,42.7,14.6,21.6,1.3,41.9,47.1,19.0,6.7,14.3,19.4,86.0,50.0,14.0,10.0,4.0,24.0,49.0,23.0,47.0,10.0,35.0,10.0,12.0,263.2,15786.0
2293287,N. López Tallón,981243,DURÁN MAQUINARIA ENSINO,C,5,Rolling Big,,https://imagenes.feb.es/Foto.aspx?c=2293287,2,0,2.0,0.0,0.0,0.0,0.0,0.0,0.0,0.0,0.0,0.0,0.0,0.5,-1.5,0.5,0.0,0.0,0.0,0.0,0.0,0.0,0.0,0.0,0.0,0.0,0.0,0.0,0.0,0.0,0.0,0.0,0.0,0.0,0.0,0.0,0.0,0.0,0.0,0.0,0.0,0.0,0.0,1.0,0.0,0.0,0.0,0.0,0.0,0.0,4.0,238.0
1911694,A. Ayuso Bagur,979981,HOZONO GLOBAL JAIRIS,PG,1,Offensive Engine,,https://imagenes.feb.es/Foto.aspx?c=1911694,32,29,24.8,8.1,0.7,4.3,5.0,5.2,0.7,0.1,0.2,2.2,2.1,3.0,2.1,10.8,2.1,5.8,35.7,0.6,3.2,17.8,2.2,2.9,77.4,39.5,32.5,35.3,32.5,18.0,5.7,31.6,38.0,18.4,3.6,33.3,24.9,258.0,160.0,168.0,22.0,3.0,72.0,344.0,66.0,185.0,18.0,101.0,72.0,93.0,794.6,47666.0
1987007,A. Mataix Guill,979981,HOZONO GLOBAL JAIRIS,PG,1,Offensive Engine,,https://imagenes.feb.es/Foto.aspx?c=1987007,32,4,21.4,6.7,0.6,2.4,2.9,2.2,0.8,0.0,0.0,1.4,1.9,1.7,6.0,7.0,1.8,4.0,44.9,0.8,2.3,34.2,0.8,1.2,67.6,49.5,47.2,36.5,18.5,16.9,4.5,43.1,45.9,16.6,3.3,19.7,18.7,214.0,94.0,71.0,25.0,0.0,44.0,223.0,57.0,127.0,25.0,73.0,25.0,37.0,685.5,41122.0
1692968,A. Prieto Martinez,979981,HOZONO GLOBAL JAIRIS,SG,2,Offensive Engine,,https://imagenes.feb.es/Foto.aspx?c=1692968,32,12,21.3,6.8,0.5,2.5,3.0,2.2,1.0,0.0,0.2,1.6,2.3,1.0,3.7,6.4,2.1,3.6,57.9,0.7,2.6,25.6,0.7,1.0,71.9,51.9,49.7,41.8,16.3,19.2,4.6,49.7,51.4,18.7,3.1,18.5,19.0,218.0,96.0,70.0,31.0,1.0,50.0,205.0,66.0,114.0,21.0,82.0,23.0,32.0,680.2,40816.0
2703757,L. López-Sénéchal,979981,HOZONO GLOBAL JAIRIS,SF,3,High Volume Scorer,,https://imagenes.feb.es/Foto.aspx?c=2703757,19,19,26.1,11.7,0.5,2.2,2.7,1.3,0.4,0.1,0.3,1.3,2.2,1.8,6.5,9.0,2.4,4.9,47.9,1.7,4.4,38.1,1.9,2.1,92.3,56.9,52.2,47.2,21.9,11.0,6.9,52.0,56.8,10.1,2.4,25.1,21.8,222.0,52.0,24.0,8.0,1.0,24.0,171.0,45.0,94.0,32.0,84.0,36.0,39.0,495.6,29745.0
2054484,T. Alarcon Otero,979981,HOZONO GLOBAL JAIRIS,SF,3,3&D Wing,,https://imagenes.feb.es/Foto.aspx?c=2054484,31,29,26.4,8.0,0.9,2.8,3.7,1.5,0.5,0.0,0.1,0.9,1.5,2.0,2.0,9.5,1.8,3.3,54.5,1.1,3.0,36.2,1.2,1.5,76.6,57.5,54.4,48.2,24.1,11.5,6.1,54.0,57.3,11.0,4.3,28.1,14.8,248.0,114.0,48.0,14.0,1.0,28.0,296.0,55.0,101.0,34.0,94.0,36.0,47.0,817.1,49024.0
2863044,K. Lewis,979981,HOZONO GLOBAL JAIRIS,SF,3,3&D Wing,,https://imagenes.feb.es/Foto.aspx?c=2863044,3,0,16.8,7.7,0.0,2.7,2.7,0.7,1.0,0.0,0.0,2.0,1.3,0.7,-4.0,3.3,0.3,0.7,50.0,2.3,8.0,29.2,0.0,0.0,0.0,44.2,44.2,92.3,0.0,18.8,2.4,42.3,42.3,19.3,0.0,0.0,29.6,23.0,8.0,2.0,3.0,0.0,6.0,10.0,1.0,2.0,7.0,24.0,0.0,0.0,50.5,3028.0
2861332,L. Ehk,979981,HOZONO GLOBAL JAIRIS,SF,3,High Volume Scorer,,https://imagenes.feb.es/Foto.aspx?c=2861332,24,10,19.4,7.1,0.7,1.6,2.3,1.0,0.2,0.0,0.2,0.5,1.5,1.1,1.9,6.2,0.7,1.3,51.6,1.8,4.5,38.9,0.5,0.6,86.7,58.7,56.8,77.7,10.8,8.2,4.8,57.9,59.2,7.6,4.5,10.8,16.8,171.0,55.0,23.0,6.0,0.0,13.0,150.0,16.0,31.0,42.0,108.0,13.0,15.0,466.3,27972.0
2733290,K. Chery,979981,HOZONO GLOBAL JAIRIS,SF,3,3&D Wing,,https://imagenes.feb.es/Foto.aspx?c=2733290,4,0,11.8,4.0,0.8,3.0,3.8,0.2,0.0,0.0,0.0,0.8,0.5,0.8,2.0,6.2,1.0,1.8,57.1,0.5,1.0,50.0,0.5,0.5,100.0,67.3,63.6,36.4,18.2,20.2,3.3,47.8,50.6,11.9,8.4,12.3,15.5,16.0,15.0,1.0,0.0,0.0,3.0,25.0,4.0,7.0,2.0,4.0,2.0,2.0,47.1,2827.0
2733290,K. Chery,979981,HOZONO GLOBAL JAIRIS,SF,3,3&D Wing,,https://imagenes.feb.es/Foto.aspx?c=2733290,4,0,11.8,4.0,0.8,3.0,3.8,0.2,0.0,0.0,0.0,0.8,0.5,0.8,2.0,6.2,1.0,1.8,57.1,0.5,1.0,50.0,0.5,0.5,100.0,67.3,63.6,36.4,18.2,20.2,3.3,47.8,50.6,11.9,8.4,12.3,15.5,16.0,15.0,1.0,0.0,0.0,3.0,25.0,4.0,7.0,2.0,4.0,2.0,2.0,47.1,2827.0
2867523,M. Mane,979981,HOZONO GLOBAL JAIRIS,SF,3,3&D Wing,,https://imagenes.feb.es/Foto.aspx?c=2867523,12,1,18.6,3.9,0.5,1.0,1.5,0.8,0.8,0.2,0.1,0.6,2.1,0.8,0.8,1.9,0.3,0.7,50.0,1.0,4.1,24.5,0.2,0.3,75.0,40.0,38.6,86.0,7.0,10.6,1.8,35.7,37.0,8.2,3.4,6.0,14.7,47.0,18.0,10.0,9.0,3.0,7.0,23.0,4.0,8.0,12.0,49.0,3.0,4.0,223.6,13424.0
2121103,T. Lopez Vicente,979981,HOZONO GLOBAL JAIRIS,SF,3,Shooter Specialist,,https://imagenes.feb.es/Foto.aspx?c=2121103,3,0,4.0,1.7,0.0,0.0,0.0,0.7,0.0,0.0,0.0,0.0,0.3,0.3,1.7,1.7,0.7,0.7,100.0,0.0,0.3,0.0,0.3,0.7,50.0,64.4,66.7,33.3,66.7,0.0,1.4,51.1,58.7,0.0,0.0,0.0,15.5,5.0,0.0,2.0,0.0,0.0,0.0,5.0,2.0,2.0,0.0,1.0,1.0,2.0,12.0,724.0
2746447,M. Bertsch,979981,HOZONO GLOBAL JAIRIS,PF,4,Stretch Big,,https://imagenes.feb.es/Foto.aspx?c=2746447,19,14,24.1,13.3,1.4,3.3,4.6,1.1,0.8,0.4,0.2,1.6,1.8,3.1,5.1,14.6,3.9,7.1,56.0,0.9,2.5,36.2,2.7,3.3,82.5,60.6,55.5,26.0,34.8,12.6,9.8,55.8,59.9,11.4,7.8,38.7,26.2,253.0,88.0,20.0,16.0,7.0,30.0,278.0,75.0,134.0,17.0,47.0,52.0,63.0,457.7,27457.0
2820454,J. Walker,979981,HOZONO GLOBAL JAIRIS,PF,4,3&D Wing,,https://imagenes.feb.es/Foto.aspx?c=2820454,9,5,24.6,7.9,0.4,3.2,3.7,0.4,0.7,0.1,0.1,1.7,1.6,0.8,0.4,6.0,1.3,3.2,41.4,1.6,3.9,40.0,0.6,0.7,83.3,53.3,51.6,54.7,9.4,18.4,4.1,40.5,42.7,23.3,2.2,8.8,18.1,71.0,33.0,4.0,6.0,1.0,15.0,54.0,12.0,29.0,14.0,35.0,5.0,6.0,221.0,13262.0
2820480,A. Cvitkovic,979981,HOZONO GLOBAL JAIRIS,PF,4,3&D Wing,,https://imagenes.feb.es/Foto.aspx?c=2820480,6,4,13.6,2.8,0.5,1.8,2.3,0.5,0.7,0.0,0.3,0.5,2.8,1.0,2.5,0.5,1.2,3.0,38.9,0.0,1.5,0.0,0.5,0.7,75.0,29.6,25.9,33.3,14.8,9.4,0.4,24.6,28.7,9.5,4.2,19.2,18.9,17.0,14.0,3.0,4.0,0.0,3.0,3.0,7.0,18.0,0.0,9.0,3.0,4.0,81.6,4891.0
2820455,A. Vonleh,979981,HOZONO GLOBAL JAIRIS,C,5,Traditional Center,,https://imagenes.feb.es/Foto.aspx?c=2820455,14,7,19.3,10.5,1.7,2.4,4.1,0.4,0.6,0.2,0.0,1.5,3.4,2.6,0.6,9.4,4.5,7.9,56.8,0.0,0.1,0.0,1.5,2.1,72.4,58.4,55.8,1.8,25.7,14.3,6.6,58.5,60.1,13.4,11.1,23.4,22.0,147.0,58.0,6.0,9.0,3.0,21.0,132.0,63.0,111.0,0.0,2.0,21.0,29.0,269.7,16182.0
2820455,A. Vonleh,979981,HOZONO GLOBAL JAIRIS,C,5,Traditional Center,,https://imagenes.feb.es/Foto.aspx?c=2820455,14,7,19.3,10.5,1.7,2.4,4.1,0.4,0.6,0.2,0.0,1.5,3.4,2.6,0.6,9.4,4.5,7.9,56.8,0.0,0.1,0.0,1.5,2.1,72.4,58.4,55.8,1.8,25.7,14.3,6.6,58.5,60.1,13.4,11.1,23.4,22.0,147.0,58.0,6.0,9.0,3.0,21.0,132.0,63.0,111.0,0.0,2.0,21.0,29.0,269.7,16182.0
1385801,L. Gil Collado,979981,HOZONO GLOBAL JAIRIS,C,5,Traditional Center,,https://imagenes.feb.es/Foto.aspx?c=1385801,19,4,22.4,9.5,1.8,4.1,5.8,1.5,1.1,0.4,0.2,1.1,1.9,3.7,4.3,15.6,3.0,5.5,54.3,0.0,0.1,0.0,3.5,4.3,81.7,63.3,53.3,1.9,76.6,12.8,9.5,53.3,63.2,12.5,10.1,91.2,19.3,181.0,111.0,29.0,20.0,8.0,21.0,297.0,57.0,105.0,0.0,2.0,67.0,82.0,425.2,25513.0
2527152,B. Massey,979981,HOZONO GLOBAL JAIRIS,C,5,Traditional Center,,https://imagenes.feb.es/Foto.aspx?c=2527152,31,22,22.3,7.4,1.8,4.1,5.9,1.5,0.8,0.9,0.3,1.5,1.7,1.7,4.7,11.1,2.9,5.7,50.3,0.2,0.9,25.9,1.0,1.5,66.0,51.2,48.8,13.2,23.0,17.0,6.7,45.7,49.0,18.7,10.6,29.4,19.4,230.0,183.0,48.0,24.0,27.0,46.0,343.0,89.0,177.0,7.0,27.0,31.0,47.0,691.5,41484.0
2182121,A. Alguacil Lozano,979981,HOZONO GLOBAL JAIRIS,,6,,,https://imagenes.feb.es/Foto.aspx?c=2182121,3,0,2.0,0.7,0.3,0.7,1.0,0.0,0.0,0.0,0.3,0.7,0.0,0.3,-2.3,1.0,0.3,0.7,50.0,0.0,0.0,0.0,0.0,0.0,0.0,50.0,50.0,0.0,0.0,50.0,0.1,,,,,,,2.0,3.0,0.0,0.0,0.0,2.0,3.0,1.0,2.0,0.0,0.0,0.0,0.0,5.9,352.0
2237432,C. García Imbernón,979981,HOZONO GLOBAL JAIRIS,,6,,,https://imagenes.feb.es/Foto.aspx?c=2237432,1,0,0.2,0.0,0.0,0.0,0.0,1.0,0.0,0.0,0.0,0.0,0.0,0.0,3.0,1.0,0.0,0.0,0.0,0.0,0.0,0.0,0.0,0.0,0.0,0.0,0.0,0.0,0.0,0.0,0.7,,,,,,,0.0,0.0,1.0,0.0,0.0,0.0,1.0,0.0,0.0,0.0,0.0,0.0,0.0,0.2,11.0
1583743,L. Gonzalez Duarte,979874,IDK EUSKOTREN,PG,1,Offensive Engine,,https://imagenes.feb.es/Foto.aspx?c=1583743,29,13,21.6,5.3,0.5,1.6,2.1,2.5,1.1,0.0,0.1,1.8,2.2,2.0,-2.0,5.3,1.7,3.9,42.9,0.3,1.1,25.0,1.1,1.7,68.8,46.3,41.7,22.2,33.3,23.6,3.4,43.5,48.0,22.7,2.6,39.6,16.8,153.0,60.0,72.0,31.0,1.0,51.0,155.0,48.0,112.0,8.0,32.0,33.0,48.0,626.7,37593.0
1833234,I. Ariztimuño Lopez,979874,IDK EUSKOTREN,PG,1,Offensive Engine,,https://imagenes.feb.es/Foto.aspx?c=1833234,30,17,21.5,4.0,0.5,2.5,3.0,2.7,1.0,0.0,0.1,2.2,1.2,1.9,-1.7,5.8,1.0,2.7,37.8,0.4,1.8,22.6,0.7,1.0,73.3,40.5,36.3,39.3,22.2,30.8,2.6,33.3,39.5,31.0,2.7,22.2,16.2,120.0,89.0,81.0,30.0,1.0,66.0,175.0,31.0,82.0,12.0,53.0,22.0,30.0,646.4,38800.0
2814749,P. Robinson,979874,IDK EUSKOTREN,SG,2,High Volume Scorer,,https://imagenes.feb.es/Foto.aspx?c=2814749,28,18,29.4,12.9,0.8,3.1,3.9,1.6,1.0,0.1,0.1,1.8,2.5,2.6,1.2,11.4,2.6,5.3,49.7,1.9,5.3,36.5,1.8,2.2,81.0,55.6,52.2,49.8,21.2,13.1,8.0,51.6,55.6,12.8,3.2,28.4,22.3,361.0,109.0,45.0,27.0,3.0,49.0,320.0,74.0,149.0,54.0,148.0,51.0,63.0,822.8,49383.0
1763580,R. Buch Rosell,979874,IDK EUSKOTREN,SG,2,Offensive Engine,,https://imagenes.feb.es/Foto.aspx?c=1763580,30,16,25.0,7.6,0.2,1.5,1.7,2.8,0.7,0.0,0.2,1.4,1.7,1.6,-0.7,5.1,2.4,6.1,39.6,0.7,2.9,23.9,0.7,1.1,66.7,40.2,38.3,32.6,12.2,13.1,3.6,38.5,39.9,13.0,1.0,14.0,21.5,229.0,50.0,83.0,22.0,1.0,43.0,152.0,72.0,182.0,21.0,88.0,22.0,33.0,749.3,44966.0
2814758,Y. Ejim,979874,IDK EUSKOTREN,SF,3,Stretch Big,,https://imagenes.feb.es/Foto.aspx?c=2814758,27,17,23.6,9.8,2.0,3.9,5.9,0.9,0.9,0.3,0.2,1.3,2.5,1.9,-0.5,11.2,3.4,6.9,50.3,0.5,1.4,37.8,1.3,1.8,75.0,54.3,51.4,16.7,21.6,12.6,7.4,51.7,53.7,12.8,10.5,25.1,21.4,264.0,159.0,25.0,23.0,9.0,35.0,303.0,93.0,185.0,14.0,37.0,36.0,48.0,637.0,38230.0
2814867,H. Jump,979874,IDK EUSKOTREN,SF,3,3&D Wing,,https://imagenes.feb.es/Foto.aspx?c=2814867,17,0,9.2,3.2,0.2,0.5,0.6,0.4,0.1,0.1,0.0,0.4,0.6,0.2,-2.9,2.0,0.7,0.9,75.0,0.6,1.9,30.3,0.0,0.0,0.0,55.1,55.1,67.3,0.0,10.9,1.8,52.8,52.8,10.3,2.2,0.0,18.3,54.0,11.0,6.0,2.0,2.0,6.0,34.0,12.0,16.0,10.0,33.0,0.0,0.0,156.2,9383.0
2851680,H. Tulonen,979874,IDK EUSKOTREN,SF,3,Rolling Big,,https://imagenes.feb.es/Foto.aspx?c=2851680,4,0,5.0,0.8,0.0,0.8,0.8,0.0,0.2,0.0,0.0,0.2,1.5,0.2,-1.5,-0.5,0.0,0.2,0.0,0.2,0.8,33.3,0.0,0.0,0.0,37.5,37.5,75.0,0.0,20.0,-0.2,26.1,26.1,13.1,0.0,0.0,10.7,3.0,3.0,0.0,1.0,0.0,1.0,-2.0,0.0,1.0,1.0,3.0,0.0,0.0,20.1,1208.0
2643313,V. Remenárová,979874,IDK EUSKOTREN,PF,4,3&D Wing,,https://imagenes.feb.es/Foto.aspx?c=2643313,16,6,18.3,6.2,0.6,1.9,2.5,0.9,0.9,0.2,0.2,1.1,1.8,1.6,-1.4,5.8,1.4,3.7,37.3,0.9,1.8,50.0,0.9,1.4,63.6,51.7,49.4,32.2,25.3,15.7,4.0,43.7,50.3,17.9,4.3,30.6,19.4,100.0,40.0,14.0,15.0,3.0,18.0,92.0,22.0,59.0,14.0,28.0,14.0,22.0,292.5,17544.0
1980407,M. Erauncetamurgil Ayestaran,979874,IDK EUSKOTREN,PF,4,Traditional Center,,https://imagenes.feb.es/Foto.aspx?c=1980407,29,23,22.8,5.8,1.1,4.1,5.2,1.3,0.9,0.7,0.3,1.6,2.7,2.4,-3.2,5.9,1.9,5.7,32.9,0.3,1.6,19.6,1.1,2.1,53.2,35.4,32.1,21.9,29.5,16.5,2.7,31.7,35.3,16.7,5.8,32.4,21.0,168.0,150.0,37.0,25.0,20.0,47.0,170.0,54.0,164.0,9.0,46.0,33.0,62.0,660.3,39599.0
2814757,K. Faye,979874,IDK EUSKOTREN,C,5,Traditional Center,,https://imagenes.feb.es/Foto.aspx?c=2814757,30,29,27.2,11.5,3.5,4.5,8.0,0.8,1.1,1.1,0.4,2.5,3.5,3.7,-1.0,14.5,3.8,8.3,45.8,0.0,0.0,0.0,3.9,5.1,77.0,54.6,45.8,0.0,61.0,19.2,9.0,48.0,57.0,19.3,15.2,68.4,23.3,345.0,239.0,23.0,32.0,34.0,75.0,436.0,114.0,249.0,0.0,0.0,117.0,152.0,816.9,49018.0
2865993,K. Vitola,979874,IDK EUSKOTREN,C,5,Offensive Engine,,https://imagenes.feb.es/Foto.aspx?c=2865993,12,4,16.0,4.4,0.4,1.5,1.9,1.2,0.3,0.2,0.0,1.6,1.4,1.7,-3.0,3.1,1.2,3.5,35.7,0.3,1.8,19.0,0.9,1.0,91.7,38.8,33.3,33.3,19.0,21.8,1.3,30.2,38.3,24.1,3.5,32.8,22.1,53.0,23.0,15.0,4.0,3.0,19.0,37.0,15.0,42.0,4.0,21.0,11.0,12.0,191.6,11492.0
2082788,I. Murua Txintxurreta,979874,IDK EUSKOTREN,C,5,Stretch Big,,https://imagenes.feb.es/Foto.aspx?c=2082788,30,7,13.0,3.6,1.0,1.0,2.0,0.3,0.2,0.0,0.1,0.7,0.8,0.9,-1.3,4.2,1.2,2.0,58.3,0.2,0.5,40.0,0.7,1.0,70.0,61.8,58.7,20.0,40.0,18.5,2.8,61.3,61.4,17.9,9.3,50.4,13.4,109.0,60.0,10.0,7.0,1.0,20.0,125.0,35.0,60.0,6.0,15.0,21.0,30.0,390.2,23413.0
2452459,N. Rubio Dominguez,979874,IDK EUSKOTREN,,6,,,https://imagenes.feb.es/Foto.aspx?c=2452459,1,0,12.1,3.0,0.0,0.0,0.0,1.0,0.0,0.0,0.0,0.0,2.0,2.0,-3.0,-1.0,1.0,3.0,33.3,0.0,2.0,0.0,1.0,2.0,50.0,25.5,20.0,40.0,40.0,0.0,-0.6,,,,,,,3.0,0.0,1.0,0.0,0.0,0.0,-1.0,1.0,3.0,0.0,2.0,1.0,2.0,12.1,725.0
2440702,E. Diaz De Monasterioguren Gonzal,979874,IDK EUSKOTREN,,6,,,https://imagenes.feb.es/Foto.aspx?c=2440702,1,0,2.4,0.0,0.0,0.0,0.0,1.0,0.0,0.0,0.0,0.0,0.0,0.0,-2.0,1.0,0.0,0.0,0.0,0.0,0.0,0.0,0.0,0.0,0.0,0.0,0.0,0.0,0.0,0.0,0.7,,,,,,,0.0,0.0,1.0,0.0,0.0,0.0,1.0,0.0,0.0,0.0,0.0,0.0,0.0,2.4,146.0
2100039,C. Contell Sanchis,981322,INGENIERÍA AMBIENTAL CAB ESTEPONA,PG,1,Lead Guard,,https://imagenes.feb.es/Foto.aspx?c=2100039,20,16,28.0,11.3,0.6,2.5,3.1,2.0,2.3,0.3,0.2,2.0,2.6,3.6,1.0,10.5,3.4,7.4,46.3,0.8,3.2,23.4,2.2,3.2,69.2,47.2,42.9,30.3,30.8,14.6,7.1,42.8,48.2,16.7,2.7,35.5,26.0,226.0,62.0,40.0,46.0,6.0,41.0,210.0,68.0,147.0,15.0,64.0,45.0,65.0,560.7,33625.0
2100039,C. Contell Sanchis,981322,INGENIERÍA AMBIENTAL CAB ESTEPONA,PG,1,Lead Guard,,https://imagenes.feb.es/Foto.aspx?c=2100039,20,16,28.0,11.3,0.6,2.5,3.1,2.0,2.3,0.3,0.2,2.0,2.6,3.6,1.0,10.5,3.4,7.4,46.3,0.8,3.2,23.4,2.2,3.2,69.2,47.2,42.9,30.3,30.8,14.6,7.1,42.8,48.2,16.7,2.7,35.5,26.0,226.0,62.0,40.0,46.0,6.0,41.0,210.0,68.0,147.0,15.0,64.0,45.0,65.0,560.7,33625.0
2030234,M. Gretter,981322,INGENIERÍA AMBIENTAL CAB ESTEPONA,PG,1,Offensive Engine,,https://imagenes.feb.es/Foto.aspx?c=2030234,32,31,35.7,7.4,0.7,2.8,3.5,6.5,1.9,0.0,0.1,1.8,2.1,2.5,-1.0,12.8,1.9,4.8,40.3,0.8,2.8,28.9,1.1,1.3,79.1,44.9,41.4,36.9,17.6,18.1,8.2,41.1,44.2,17.8,2.4,19.6,14.0,236.0,113.0,208.0,62.0,1.0,58.0,411.0,62.0,154.0,26.0,90.0,34.0,43.0,1143.6,68629.0
1593358,M. Ortega Campos,981322,INGENIERÍA AMBIENTAL CAB ESTEPONA,PG,1,Offensive Engine,,https://imagenes.feb.es/Foto.aspx?c=1593358,29,3,12.5,2.4,0.9,0.7,1.6,1.1,0.5,0.0,0.0,0.6,1.0,0.6,-1.7,2.8,0.6,1.3,43.2,0.4,1.4,30.0,0.1,0.1,50.0,44.4,44.2,51.9,5.2,18.6,2.0,46.0,47.4,19.8,8.3,2.2,13.4,70.0,46.0,33.0,15.0,0.0,18.0,81.0,16.0,37.0,12.0,40.0,2.0,4.0,361.5,21704.0
2824674,M. Äijänen,981322,INGENIERÍA AMBIENTAL CAB ESTEPONA,PG,1,Rolling Big,,https://imagenes.feb.es/Foto.aspx?c=2824674,9,4,7.1,0.2,0.2,0.4,0.7,0.4,0.0,0.0,0.1,0.2,1.6,0.3,-4.2,-1.0,0.0,0.2,0.0,0.0,0.7,0.0,0.2,0.2,100.0,11.3,0.0,75.0,25.0,18.4,-0.6,0.0,9.9,16.1,4.1,37.1,8.4,2.0,6.0,4.0,0.0,0.0,2.0,-9.0,0.0,2.0,0.0,6.0,2.0,2.0,64.2,3852.0
2824673,M. Conner,981322,INGENIERÍA AMBIENTAL CAB ESTEPONA,SG,2,High Volume Scorer,,https://imagenes.feb.es/Foto.aspx?c=2824673,29,28,28.6,14.7,0.3,2.4,2.8,2.3,0.9,0.2,0.1,1.9,2.5,2.1,0.6,11.5,2.2,4.7,47.4,2.9,7.0,40.7,1.6,1.9,82.1,58.1,55.6,59.8,16.4,13.1,9.0,53.5,56.5,13.4,1.5,17.7,25.0,425.0,80.0,68.0,26.0,5.0,55.0,333.0,65.0,137.0,83.0,204.0,46.0,56.0,828.8,49736.0
1898932,M. Gea Becerra,981322,INGENIERÍA AMBIENTAL CAB ESTEPONA,SG,2,Rolling Big,,https://imagenes.feb.es/Foto.aspx?c=1898932,11,3,12.8,2.8,0.5,0.6,1.2,0.8,0.5,0.0,0.1,1.2,2.5,0.7,-7.6,-0.3,1.0,2.6,37.9,0.3,1.2,23.1,0.0,0.0,0.0,36.9,36.9,31.0,0.0,23.6,0.1,35.2,35.2,24.6,4.7,0.0,19.4,31.0,13.0,9.0,5.0,0.0,13.0,-3.0,11.0,29.0,3.0,13.0,0.0,0.0,141.2,8485.0
2867905,M. Lekovic,981322,INGENIERÍA AMBIENTAL CAB ESTEPONA,SG,2,Offensive Engine,,https://imagenes.feb.es/Foto.aspx?c=2867905,5,0,6.8,2.6,0.0,0.6,0.6,0.2,0.4,0.0,0.0,0.8,0.6,1.2,-4.6,1.4,0.4,1.8,22.2,0.2,0.8,25.0,1.2,1.4,85.7,40.4,26.9,30.8,53.8,19.9,0.6,21.2,30.8,20.3,0.0,45.9,28.2,13.0,3.0,1.0,2.0,0.0,4.0,7.0,2.0,9.0,1.0,4.0,6.0,7.0,34.0,2045.0
2825497,M. Garrick,981322,INGENIERÍA AMBIENTAL CAB ESTEPONA,SF,3,3&D Wing,,https://imagenes.feb.es/Foto.aspx?c=2825497,18,12,22.4,6.4,0.5,2.2,2.7,0.7,0.4,0.0,0.2,0.9,1.4,1.4,-3.2,3.9,1.5,4.4,34.2,0.9,3.1,28.6,0.7,1.0,72.2,40.2,37.8,41.5,13.3,10.6,2.4,41.6,44.1,12.9,2.2,15.9,20.1,115.0,49.0,13.0,8.0,0.0,17.0,71.0,27.0,79.0,16.0,56.0,13.0,18.0,403.1,24180.0
2825497,M. Garrick,981322,INGENIERÍA AMBIENTAL CAB ESTEPONA,SF,3,3&D Wing,,https://imagenes.feb.es/Foto.aspx?c=2825497,18,12,22.4,6.4,0.5,2.2,2.7,0.7,0.4,0.0,0.2,0.9,1.4,1.4,-3.2,3.9,1.5,4.4,34.2,0.9,3.1,28.6,0.7,1.0,72.2,40.2,37.8,41.5,13.3,10.6,2.4,41.6,44.1,12.9,2.2,15.9,20.1,115.0,49.0,13.0,8.0,0.0,17.0,71.0,27.0,79.0,16.0,56.0,13.0,18.0,403.1,24180.0
2325358,T. Atkinson,981322,INGENIERÍA AMBIENTAL CAB ESTEPONA,SF,3,Stretch Big,,https://imagenes.feb.es/Foto.aspx?c=2325358,15,0,14.2,3.7,0.2,2.3,2.5,1.3,0.5,0.0,0.1,0.7,0.4,1.6,-5.4,5.4,0.8,2.6,30.8,0.3,1.1,25.0,1.3,1.9,71.4,41.6,32.7,29.1,50.9,12.9,2.7,34.7,44.9,14.1,3.7,75.0,18.4,56.0,38.0,19.0,7.0,0.0,10.0,81.0,12.0,39.0,4.0,16.0,20.0,28.0,213.3,12806.0
2325358,T. Atkinson,981322,INGENIERÍA AMBIENTAL CAB ESTEPONA,SF,3,Offensive Engine,,https://imagenes.feb.es/Foto.aspx?c=2325358,15,0,14.2,3.7,0.2,2.3,2.5,1.3,0.5,0.0,0.1,0.7,0.4,1.6,-5.4,5.4,0.8,2.6,30.8,0.3,1.1,25.0,1.3,1.9,71.4,41.6,32.7,29.1,50.9,12.9,2.7,34.7,44.9,14.1,3.7,75.0,18.4,56.0,38.0,19.0,7.0,0.0,10.0,81.0,12.0,39.0,4.0,16.0,20.0,28.0,213.3,12806.0
1641657,N. Masia Llanes,981322,INGENIERÍA AMBIENTAL CAB ESTEPONA,SF,3,Rolling Big,,https://imagenes.feb.es/Foto.aspx?c=1641657,21,0,6.9,1.0,0.3,0.9,1.2,0.3,0.1,0.0,0.1,0.4,0.6,0.1,-1.0,0.7,0.2,0.7,35.7,0.2,0.8,23.5,0.0,0.1,0.0,34.5,35.5,54.8,6.5,20.1,0.3,32.3,31.7,19.3,4.7,5.2,13.7,22.0,25.0,6.0,2.0,0.0,8.0,14.0,5.0,14.0,4.0,17.0,0.0,2.0,145.4,8720.0
2824675,L. Dongue,981322,INGENIERÍA AMBIENTAL CAB ESTEPONA,PF,4,Stretch Big,,https://imagenes.feb.es/Foto.aspx?c=2824675,31,8,22.8,11.5,1.4,3.5,4.9,0.9,0.8,0.1,0.4,2.5,3.2,2.2,-3.6,10.7,4.4,6.9,64.0,0.2,0.8,19.2,2.2,2.9,75.3,63.8,60.2,10.8,37.1,21.6,7.3,61.4,65.4,20.9,7.4,47.9,25.0,356.0,151.0,27.0,24.0,3.0,77.0,332.0,137.0,214.0,5.0,26.0,67.0,89.0,706.7,42390.0
1869976,L. Rodriguez Arribas,981322,INGENIERÍA AMBIENTAL CAB ESTEPONA,PF,4,3&D Wing,,https://imagenes.feb.es/Foto.aspx?c=1869976,23,9,16.7,5.5,0.4,1.3,1.7,0.7,0.5,0.0,0.0,0.3,1.8,1.0,-1.9,3.6,0.3,1.1,28.0,1.4,3.7,37.2,0.7,1.3,51.6,50.5,49.5,77.5,27.9,6.0,3.1,45.0,46.1,5.5,3.4,34.5,17.0,126.0,40.0,16.0,12.0,0.0,8.0,82.0,7.0,25.0,32.0,86.0,16.0,31.0,385.0,23107.0
1869976,L. Rodriguez Arribas,981322,INGENIERÍA AMBIENTAL CAB ESTEPONA,PF,4,3&D Wing,,https://imagenes.feb.es/Foto.aspx?c=1869976,23,9,16.7,5.5,0.4,1.3,1.7,0.7,0.5,0.0,0.0,0.3,1.8,1.0,-1.9,3.6,0.3,1.1,28.0,1.4,3.7,37.2,0.7,1.3,51.6,50.5,49.5,77.5,27.9,6.0,3.1,45.0,46.1,5.5,3.4,34.5,17.0,126.0,40.0,16.0,12.0,0.0,8.0,82.0,7.0,25.0,32.0,86.0,16.0,31.0,385.0,23107.0
2446557,C. Muhate Peña,981322,INGENIERÍA AMBIENTAL CAB ESTEPONA,PF,4,3&D Wing,,https://imagenes.feb.es/Foto.aspx?c=2446557,30,17,18.5,5.4,0.7,2.0,2.6,0.8,0.2,0.1,0.1,0.8,2.1,1.4,-2.0,4.4,1.0,2.7,35.8,0.9,2.2,40.0,0.8,1.0,80.6,50.4,46.6,44.5,21.2,12.6,2.9,46.6,51.1,11.3,4.6,23.2,16.3,161.0,79.0,24.0,7.0,3.0,23.0,133.0,29.0,81.0,26.0,65.0,25.0,31.0,555.5,33317.0
2237207,S. Kone,981322,INGENIERÍA AMBIENTAL CAB ESTEPONA,C,5,Stretch Big,,https://imagenes.feb.es/Foto.aspx?c=2237207,29,29,30.2,15.6,2.9,5.9,8.8,1.1,0.9,0.2,0.4,2.2,2.0,4.6,1.0,20.6,4.6,8.6,53.0,0.9,2.3,40.9,3.7,4.6,80.3,60.4,54.8,21.0,41.9,14.8,12.4,54.3,59.9,14.3,12.1,42.6,24.7,451.0,256.0,31.0,27.0,6.0,65.0,598.0,132.0,249.0,27.0,66.0,106.0,132.0,876.2,52550.0
2205793,A. Ruiz Rodriguez,981322,INGENIERÍA AMBIENTAL CAB ESTEPONA,,6,,,https://imagenes.feb.es/Foto.aspx?c=2205793,2,0,1.2,1.0,0.0,0.0,0.0,0.0,0.0,0.0,0.0,0.0,0.0,0.0,-1.0,0.5,0.5,1.0,50.0,0.0,0.0,0.0,0.0,0.0,0.0,50.0,50.0,0.0,0.0,0.0,0.5,,,,,,,2.0,0.0,0.0,0.0,0.0,0.0,1.0,1.0,2.0,0.0,0.0,0.0,0.0,2.5,156.0
2207185,P. Prados Castel,981322,INGENIERÍA AMBIENTAL CAB ESTEPONA,,6,,,https://imagenes.feb.es/Foto.aspx?c=2207185,1,0,1.6,0.0,0.0,0.0,0.0,0.0,0.0,0.0,0.0,0.0,0.0,0.0,-2.0,0.0,0.0,0.0,0.0,0.0,0.0,0.0,0.0,0.0,0.0,0.0,0.0,0.0,0.0,0.0,0.0,,,,,,,0.0,0.0,0.0,0.0,0.0,0.0,0.0,0.0,0.0,0.0,0.0,0.0,0.0,1.6,99.0
2332369,I. Muñoz Manterola,981322,INGENIERÍA AMBIENTAL CAB ESTEPONA,,6,,,https://imagenes.feb.es/Foto.aspx?c=2332369,1,0,1.6,0.0,0.0,0.0,0.0,0.0,0.0,0.0,0.0,0.0,0.0,0.0,-2.0,-1.0,0.0,1.0,0.0,0.0,0.0,0.0,0.0,0.0,0.0,0.0,0.0,0.0,0.0,0.0,-0.7,,,,,,,0.0,0.0,0.0,0.0,0.0,0.0,-1.0,0.0,1.0,0.0,0.0,0.0,0.0,1.6,99.0
1459397,I. Lahuerta Mendoza,981325,INNOVA-TSN LEGANES,PG,1,Offensive Engine,,https://imagenes.feb.es/Foto.aspx?c=1459397,32,32,27.9,6.1,1.1,2.3,3.4,3.4,1.3,0.2,0.1,1.9,2.6,2.2,2.8,7.8,1.2,3.1,39.8,0.9,3.1,29.3,0.9,1.3,73.2,45.3,41.9,50.3,20.8,21.8,5.0,39.8,43.4,22.1,4.3,22.6,14.8,195.0,109.0,109.0,43.0,7.0,60.0,251.0,39.0,98.0,29.0,99.0,30.0,41.0,892.7,53564.0
1590118,L. Togores Carpintero,981325,INNOVA-TSN LEGANES,PG,1,Offensive Engine,,https://imagenes.feb.es/Foto.aspx?c=1590118,32,0,11.5,2.4,0.2,0.9,1.1,1.7,0.3,0.0,0.0,1.0,1.0,0.8,-2.6,2.8,0.4,1.2,32.5,0.3,0.9,35.7,0.6,0.8,83.3,48.4,41.2,41.2,35.3,28.9,1.7,41.4,46.9,26.7,1.8,47.1,14.5,76.0,35.0,53.0,11.0,1.0,32.0,88.0,13.0,40.0,10.0,28.0,20.0,24.0,369.0,22142.0
2861644,N. Dudasova,981325,INNOVA-TSN LEGANES,SG,2,Offensive Engine,,https://imagenes.feb.es/Foto.aspx?c=2861644,23,19,25.2,10.1,0.8,2.7,3.5,2.5,0.6,0.0,0.5,1.0,2.6,2.2,1.5,7.0,2.8,7.7,36.5,0.9,3.7,24.7,1.7,2.4,70.9,40.4,36.7,32.3,20.9,7.7,5.0,37.3,41.1,7.7,3.3,22.8,25.5,232.0,81.0,57.0,14.0,1.0,24.0,160.0,65.0,178.0,21.0,85.0,39.0,55.0,580.6,34845.0
2814707,N. Driessen,981325,INNOVA-TSN LEGANES,SG,2,3&D Wing,,https://imagenes.feb.es/Foto.aspx?c=2814707,32,21,23.6,9.8,0.7,1.1,1.8,1.2,0.6,0.2,0.2,0.8,2.1,3.5,0.7,7.9,2.4,5.8,41.7,0.7,2.5,27.8,2.8,3.8,73.8,48.8,41.7,29.7,45.9,7.3,5.5,41.2,48.2,7.1,3.2,56.3,21.8,312.0,58.0,38.0,19.0,5.0,25.0,253.0,78.0,187.0,22.0,79.0,90.0,122.0,754.4,45267.0
2814706,G. Andelova,981325,INNOVA-TSN LEGANES,SG,2,Offensive Engine,,https://imagenes.feb.es/Foto.aspx?c=2814706,32,12,20.0,6.5,0.5,2.0,2.5,1.8,0.9,0.0,0.2,1.8,1.7,1.6,1.2,5.2,1.4,3.4,41.8,0.9,3.2,28.2,0.9,1.2,73.7,45.1,42.0,48.4,17.8,19.6,3.3,43.5,46.6,18.0,3.0,20.7,21.4,207.0,80.0,56.0,30.0,0.0,56.0,168.0,46.0,110.0,29.0,103.0,28.0,38.0,640.4,38418.0
1119511,M. Espin De Sancho,981325,INNOVA-TSN LEGANES,SF,3,3&D Wing,,https://imagenes.feb.es/Foto.aspx?c=1119511,32,8,14.0,3.6,0.2,1.4,1.7,0.7,0.5,0.0,0.1,0.4,1.3,0.4,-2.5,2.9,0.5,1.1,45.7,0.8,2.2,34.8,0.3,0.5,66.7,51.5,50.0,66.3,14.4,11.2,2.3,43.9,45.2,11.4,1.9,14.4,13.2,114.0,53.0,21.0,17.0,0.0,14.0,93.0,16.0,35.0,24.0,69.0,10.0,15.0,449.3,26969.0
2814705,E. Bosgana,981325,INNOVA-TSN LEGANES,SF,3,3&D Wing,,https://imagenes.feb.es/Foto.aspx?c=2814705,5,2,13.6,3.6,0.4,2.0,2.4,0.4,0.6,0.4,0.0,0.6,1.8,0.6,-1.2,2.0,0.6,2.4,25.0,0.6,2.2,27.3,0.6,0.8,75.0,36.3,32.6,47.8,17.4,10.8,1.5,28.8,31.3,11.5,3.6,17.7,20.7,18.0,12.0,2.0,3.0,2.0,3.0,10.0,3.0,12.0,3.0,11.0,3.0,4.0,68.0,4081.0
1665212,C. Bermejo Gil,981325,INNOVA-TSN LEGANES,SF,3,Offensive Engine,,https://imagenes.feb.es/Foto.aspx?c=1665212,28,2,6.4,1.2,0.2,0.4,0.6,0.6,0.3,0.0,0.0,0.5,1.0,0.3,-2.0,0.1,0.1,0.5,23.1,0.3,1.3,24.3,0.0,0.1,25.0,32.8,33.0,74.0,8.0,21.3,0.2,42.0,39.5,17.9,3.5,9.3,17.3,34.0,17.0,17.0,8.0,1.0,14.0,3.0,3.0,13.0,9.0,37.0,1.0,4.0,179.7,10796.0
2645782,B. Herlihy,981325,INNOVA-TSN LEGANES,PF,4,3&D Wing,,https://imagenes.feb.es/Foto.aspx?c=2645782,25,4,19.3,9.1,1.2,2.4,3.6,0.6,0.8,0.2,0.4,0.7,2.0,2.2,-1.4,8.2,2.4,5.6,43.6,0.7,2.4,30.0,2.0,2.8,72.9,49.2,44.0,30.0,35.0,7.2,5.9,48.6,52.3,7.6,7.8,40.4,24.5,227.0,91.0,15.0,20.0,6.0,18.0,205.0,61.0,140.0,18.0,60.0,51.0,70.0,482.7,28947.0
2818782,A. Sangare,981325,INNOVA-TSN LEGANES,C,5,Stretch Big,,https://imagenes.feb.es/Foto.aspx?c=2818782,32,29,28.8,14.1,3.1,7.8,11.0,0.9,1.4,0.1,0.5,2.2,2.6,3.6,-0.9,18.9,4.5,8.8,51.2,0.7,2.8,25.8,2.8,3.8,74.0,52.8,48.3,23.9,33.1,14.3,11.0,47.2,51.4,15.4,11.3,33.6,25.7,450.0,351.0,28.0,45.0,3.0,71.0,604.0,145.0,283.0,23.0,89.0,91.0,123.0,921.0,55254.0
2703161,M. Dodson,981325,INNOVA-TSN LEGANES,C,5,Traditional Center,,https://imagenes.feb.es/Foto.aspx?c=2703161,32,31,30.4,9.7,2.8,4.2,7.0,0.9,0.8,1.2,0.1,1.6,3.0,3.0,2.6,12.1,4.0,8.3,47.9,0.1,0.2,28.6,1.5,2.8,55.7,49.7,47.8,2.6,32.4,14.3,7.4,48.5,49.6,13.8,10.4,40.2,17.8,309.0,223.0,28.0,25.0,38.0,52.0,388.0,127.0,265.0,2.0,7.0,49.0,88.0,973.7,58401.0
1463681,C. Soriano Cuesta,981325,INNOVA-TSN LEGANES,C,5,3&D Wing,,https://imagenes.feb.es/Foto.aspx?c=1463681,23,0,5.9,1.5,0.3,0.5,0.9,0.1,0.0,0.1,0.2,0.4,0.8,0.3,-1.9,0.8,0.6,1.0,56.5,0.1,0.3,25.0,0.1,0.3,37.5,50.7,51.6,25.8,25.8,20.7,0.6,40.0,39.1,13.9,5.8,17.0,15.2,35.0,20.0,3.0,1.0,2.0,9.0,19.0,13.0,23.0,2.0,8.0,3.0,8.0,135.8,8146.0
2365078,A. Gil Porras,981325,INNOVA-TSN LEGANES,,6,,,https://imagenes.feb.es/Foto.aspx?c=2365078,2,0,1.4,0.5,0.0,0.0,0.0,0.0,0.0,0.0,0.0,0.0,0.0,0.5,-3.5,0.0,0.0,0.5,0.0,0.0,0.0,0.0,0.5,1.0,50.0,26.6,0.0,0.0,200.0,0.0,-0.0,,,,,,,1.0,0.0,0.0,0.0,0.0,0.0,0.0,0.0,1.0,0.0,0.0,1.0,2.0,2.8,170.0
2647172,L. Lahtinen,981129,KUTXABANK ARASKI,PG,1,Offensive Engine,,https://imagenes.feb.es/Foto.aspx?c=2647172,30,19,25.6,8.2,1.2,2.1,3.3,1.8,1.0,0.0,0.3,1.3,2.8,1.5,-2.3,5.9,1.5,4.0,37.8,1.4,4.5,31.9,0.9,1.2,70.3,45.3,43.1,53.1,14.6,12.6,4.6,42.0,45.1,14.2,5.4,18.0,19.1,245.0,100.0,54.0,31.0,1.0,39.0,176.0,45.0,119.0,43.0,135.0,26.0,37.0,769.4,46167.0
2159718,M. Dembele Traore,981129,KUTXABANK ARASKI,PG,1,Lead Guard,,https://imagenes.feb.es/Foto.aspx?c=2159718,27,17,21.4,6.0,0.6,1.7,2.3,3.2,1.5,0.0,0.3,1.9,1.5,3.4,-3.0,8.3,1.9,4.7,39.1,0.1,1.0,7.1,2.1,3.0,71.2,42.6,34.0,17.9,51.3,21.1,4.6,34.5,41.3,21.4,3.0,56.4,19.8,163.0,61.0,86.0,41.0,0.0,51.0,224.0,50.0,128.0,2.0,28.0,57.0,80.0,576.8,34606.0
2644050,S. Hill,981129,KUTXABANK ARASKI,SG,2,Offensive Engine,,https://imagenes.feb.es/Foto.aspx?c=2644050,30,28,31.9,11.4,0.5,1.1,1.5,2.4,0.8,0.0,0.2,2.3,2.2,3.2,-8.0,8.3,1.7,4.4,38.3,1.7,5.2,33.1,2.8,3.2,86.6,51.4,44.5,54.1,33.4,17.0,5.9,42.9,50.2,16.5,1.6,34.8,20.0,342.0,46.0,73.0,25.0,0.0,68.0,249.0,51.0,133.0,52.0,157.0,84.0,97.0,957.0,57432.0
2223895,M. Sanz Arranz,981129,KUTXABANK ARASKI,SG,2,Rolling Big,,https://imagenes.feb.es/Foto.aspx?c=2223895,23,1,7.1,0.6,0.3,0.5,0.7,0.3,0.4,0.0,0.0,0.4,0.8,0.3,-4.3,0.1,0.1,0.3,33.3,0.0,0.8,5.6,0.3,0.4,60.0,22.9,14.6,75.0,41.7,24.1,0.1,13.2,18.4,22.3,4.4,41.9,11.2,13.0,17.0,6.0,10.0,1.0,9.0,3.0,2.0,6.0,1.0,18.0,6.0,10.0,163.8,9824.0
2451558,D. Toussaint,981129,KUTXABANK ARASKI,SF,3,Offensive Engine,,https://imagenes.feb.es/Foto.aspx?c=2451558,30,18,24.4,9.9,0.6,2.6,3.2,2.1,1.0,0.2,0.2,2.4,2.8,2.6,-3.9,6.4,2.2,6.3,34.7,1.4,4.0,34.5,1.4,2.1,67.7,44.2,41.3,38.5,20.1,17.6,4.2,42.0,44.6,17.2,2.6,21.0,26.7,297.0,97.0,62.0,31.0,6.0,72.0,193.0,66.0,190.0,41.0,119.0,42.0,62.0,732.7,43961.0
2533639,A. Mollenhauer,981129,KUTXABANK ARASKI,SF,3,3&D Wing,,https://imagenes.feb.es/Foto.aspx?c=2533639,22,8,18.3,6.8,0.8,2.5,3.2,1.0,0.3,0.1,0.2,1.2,1.2,1.2,-3.7,5.2,1.4,3.2,42.9,1.1,3.5,31.2,0.8,1.6,48.6,45.9,44.9,52.4,23.8,14.3,3.5,48.6,47.0,15.2,4.5,36.1,22.3,149.0,71.0,23.0,7.0,3.0,27.0,115.0,30.0,70.0,24.0,77.0,17.0,35.0,402.9,24175.0
2787866,A. Lawrence,981129,KUTXABANK ARASKI,SF,3,Rolling Big,,https://imagenes.feb.es/Foto.aspx?c=2787866,6,2,20.4,2.3,1.5,2.7,4.2,0.7,0.7,0.3,0.2,1.0,2.7,0.8,-5.3,1.8,1.0,4.3,23.1,0.0,0.2,0.0,0.3,0.3,100.0,25.1,22.2,3.7,7.4,17.7,0.7,16.6,18.4,19.1,9.8,5.4,14.0,14.0,25.0,4.0,4.0,2.0,6.0,11.0,6.0,26.0,0.0,1.0,2.0,2.0,122.4,7341.0
2819418,I. Jourdain Quevedo,981129,KUTXABANK ARASKI,PF,4,Stretch Big,,https://imagenes.feb.es/Foto.aspx?c=2819418,30,14,20.7,8.3,1.8,3.3,5.1,0.6,0.4,0.1,0.2,1.4,2.3,1.4,-4.1,7.3,3.2,6.9,45.7,0.3,0.9,34.6,1.0,1.6,66.0,48.7,46.4,11.1,20.1,13.9,4.8,45.4,48.3,13.4,9.7,21.7,22.8,248.0,152.0,17.0,13.0,4.0,41.0,218.0,95.0,208.0,9.0,26.0,31.0,47.0,620.4,37222.0
2115799,N. Djiu Morro,981129,KUTXABANK ARASKI,PF,4,Stretch Big,,https://imagenes.feb.es/Foto.aspx?c=2115799,26,25,25.4,8.2,1.3,6.2,7.5,1.6,0.7,0.9,0.4,2.2,2.5,1.6,-1.8,10.9,1.8,4.4,40.0,1.2,3.1,37.5,1.2,1.5,78.9,50.1,46.7,41.0,19.5,21.2,6.0,44.9,48.3,21.4,5.6,22.9,19.2,212.0,194.0,42.0,18.0,23.0,57.0,283.0,46.0,115.0,30.0,80.0,30.0,38.0,660.1,39605.0
2792014,Q. Urbaniak- Dornstauder,981129,KUTXABANK ARASKI,C,5,Stretch Big,,https://imagenes.feb.es/Foto.aspx?c=2792014,30,15,18.1,6.7,1.4,2.8,4.3,0.6,0.6,0.4,0.1,1.7,0.9,2.2,-4.9,9.2,2.6,4.7,55.7,0.0,0.1,33.3,1.4,2.2,63.1,58.3,55.6,2.1,45.5,22.6,5.1,54.0,55.3,22.0,9.4,61.5,19.7,200.0,128.0,18.0,17.0,11.0,50.0,275.0,78.0,140.0,1.0,3.0,41.0,65.0,542.1,32525.0
1696285,M. Brotons Pascual,981129,KUTXABANK ARASKI,C,5,3&D Wing,,https://imagenes.feb.es/Foto.aspx?c=1696285,30,3,15.7,2.9,0.8,1.6,2.4,0.6,0.5,0.0,0.0,0.7,2.3,1.2,-4.0,2.6,0.9,2.2,40.3,0.2,0.5,31.2,0.6,1.0,62.1,45.4,41.6,19.3,34.9,18.7,1.6,41.6,44.4,18.2,5.7,38.0,11.9,87.0,73.0,17.0,16.0,1.0,22.0,77.0,27.0,67.0,5.0,16.0,18.0,29.0,471.3,28291.0
2137902,M. Castellano Escolar,981129,KUTXABANK ARASKI,,6,,,https://imagenes.feb.es/Foto.aspx?c=2137902,4,0,1.4,0.0,0.0,0.0,0.0,0.0,0.0,0.0,0.0,0.0,0.0,0.0,0.2,0.0,0.0,0.0,0.0,0.0,0.0,0.0,0.0,0.0,0.0,0.0,0.0,0.0,0.0,0.0,0.0,,,,,,,0.0,0.0,0.0,0.0,0.0,0.0,0.0,0.0,0.0,0.0,0.0,0.0,0.0,5.8,351.0
2021110,A. Olaeta Larrauri,979930,LOINTEK GERNIKA BIZKAIA,PG,1,Offensive Engine,,https://imagenes.feb.es/Foto.aspx?c=2021110,30,28,30.3,10.6,1.0,2.1,3.1,3.1,1.3,0.0,0.2,2.3,2.1,2.0,-1.1,9.2,2.1,5.0,41.1,1.8,5.0,36.9,1.0,1.4,73.2,50.2,48.2,49.7,13.7,18.0,6.7,48.8,50.5,17.9,4.1,14.5,20.3,319.0,92.0,93.0,39.0,1.0,70.0,277.0,62.0,151.0,55.0,149.0,30.0,41.0,909.8,54587.0
1631170,E. Castedo Potente,979930,LOINTEK GERNIKA BIZKAIA,PG,1,Offensive Engine,,https://imagenes.feb.es/Foto.aspx?c=1631170,28,4,21.6,6.9,0.6,1.1,1.8,2.4,0.5,0.0,0.1,1.0,1.6,1.7,-3.5,6.0,0.6,2.3,27.7,1.6,4.3,36.7,0.9,1.0,85.7,48.7,45.4,64.9,15.1,12.4,4.3,44.4,47.2,12.3,3.8,17.6,17.9,192.0,49.0,67.0,13.0,0.0,28.0,168.0,18.0,65.0,44.0,120.0,24.0,28.0,604.1,36254.0
1458903,A. Salvadores Alvarez,979930,LOINTEK GERNIKA BIZKAIA,SG,2,Offensive Engine,,https://imagenes.feb.es/Foto.aspx?c=1458903,19,17,29.4,10.7,0.3,2.5,2.8,3.6,1.1,0.0,0.1,2.4,1.9,2.5,-1.6,8.6,2.7,7.0,39.1,1.2,4.1,28.6,1.7,2.3,76.7,44.3,40.5,36.7,20.5,16.7,5.7,37.7,41.9,16.8,1.1,24.4,23.0,203.0,53.0,68.0,21.0,0.0,46.0,164.0,52.0,133.0,22.0,77.0,33.0,43.0,559.4,33566.0
2524193,L. Westerik,979930,LOINTEK GERNIKA BIZKAIA,SG,2,Offensive Engine,,https://imagenes.feb.es/Foto.aspx?c=2524193,28,19,24.9,7.5,1.8,2.4,4.1,2.2,0.7,0.1,0.2,1.7,2.4,2.6,-2.2,9.0,2.3,4.7,49.6,0.3,1.7,19.1,1.9,2.4,80.3,50.7,44.1,26.4,37.1,18.5,5.6,42.0,48.0,19.4,8.3,41.2,17.1,210.0,116.0,62.0,20.0,4.0,47.0,252.0,65.0,131.0,9.0,47.0,53.0,66.0,697.0,41815.0
2814602,E. Bessoir,979930,LOINTEK GERNIKA BIZKAIA,SF,3,3&D Wing,,https://imagenes.feb.es/Foto.aspx?c=2814602,30,19,27.6,11.1,1.3,5.2,6.5,1.5,0.8,0.6,0.2,1.6,2.3,1.4,-0.5,12.0,2.6,4.9,53.7,1.4,5.0,27.3,1.8,2.1,85.5,51.5,47.3,50.5,20.9,13.1,8.0,48.6,52.7,13.9,5.7,22.4,21.4,334.0,196.0,45.0,25.0,19.0,49.0,359.0,79.0,147.0,41.0,150.0,53.0,62.0,829.5,49765.0
2814607,J. Brown,979930,LOINTEK GERNIKA BIZKAIA,SF,3,Stretch Big,,https://imagenes.feb.es/Foto.aspx?c=2814607,29,22,26.5,10.8,1.5,4.4,5.9,2.4,1.2,0.1,0.3,2.4,2.1,3.6,-0.5,13.6,2.7,6.1,43.8,0.8,2.0,39.0,3.1,4.1,74.2,54.2,47.5,24.9,50.6,19.5,8.1,45.9,53.4,20.3,6.6,62.5,22.3,314.0,171.0,69.0,34.0,2.0,70.0,394.0,78.0,178.0,23.0,59.0,89.0,120.0,767.7,46067.0
2612942,M. Jankovic,979930,LOINTEK GERNIKA BIZKAIA,PF,4,Stretch Big,,https://imagenes.feb.es/Foto.aspx?c=2612942,28,27,26.6,13.8,1.6,3.1,4.7,1.8,1.3,0.1,0.4,1.8,3.3,3.9,-1.1,15.2,5.2,8.7,60.2,0.1,0.6,18.8,2.9,4.2,69.5,61.7,58.3,6.2,45.4,13.6,10.4,57.9,61.9,13.3,7.0,51.8,23.0,385.0,131.0,49.0,36.0,3.0,49.0,426.0,147.0,244.0,3.0,16.0,82.0,118.0,746.0,44758.0
2868313,I. Bourne,979930,LOINTEK GERNIKA BIZKAIA,PF,4,3&D Wing,,https://imagenes.feb.es/Foto.aspx?c=2868313,7,0,18.6,4.4,1.3,3.1,4.4,1.3,0.9,0.3,0.1,1.9,1.6,1.7,4.1,5.7,1.0,2.3,43.8,0.4,2.4,17.6,1.1,1.7,66.7,40.5,34.8,51.5,36.4,25.4,2.8,37.9,42.4,23.8,8.5,35.5,18.1,31.0,31.0,9.0,6.0,2.0,13.0,40.0,7.0,16.0,3.0,17.0,8.0,12.0,130.3,7819.0
2818679,S. Polleros,979930,LOINTEK GERNIKA BIZKAIA,PF,4,3&D Wing,,https://imagenes.feb.es/Foto.aspx?c=2818679,17,1,13.6,2.6,1.1,1.6,2.6,0.3,0.3,0.1,0.4,0.5,1.4,0.8,-5.3,2.4,0.5,1.5,34.6,0.4,1.7,20.7,0.5,0.7,75.0,37.3,32.7,52.7,21.8,11.7,1.4,29.4,32.1,13.0,9.3,26.9,14.1,45.0,45.0,5.0,5.0,1.0,8.0,40.0,9.0,26.0,6.0,29.0,9.0,12.0,231.0,13878.0
2820455,A. Vonleh,979930,LOINTEK GERNIKA BIZKAIA,C,5,Traditional Center,,https://imagenes.feb.es/Foto.aspx?c=2820455,14,10,18.4,7.6,1.6,2.1,3.7,0.4,0.4,0.4,0.1,0.9,3.2,1.0,-3.4,7.1,3.6,5.4,66.7,0.0,0.0,0.0,0.4,0.8,54.5,66.4,66.7,0.0,14.7,14.0,5.5,58.5,60.1,13.4,11.1,23.4,22.0,106.0,52.0,6.0,5.0,5.0,13.0,100.0,50.0,75.0,0.0,0.0,6.0,11.0,257.4,15448.0
2820455,A. Vonleh,979930,LOINTEK GERNIKA BIZKAIA,C,5,Traditional Center,,https://imagenes.feb.es/Foto.aspx?c=2820455,14,10,18.4,7.6,1.6,2.1,3.7,0.4,0.4,0.4,0.1,0.9,3.2,1.0,-3.4,7.1,3.6,5.4,66.7,0.0,0.0,0.0,0.4,0.8,54.5,66.4,66.7,0.0,14.7,14.0,5.5,58.5,60.1,13.4,11.1,23.4,22.0,106.0,52.0,6.0,5.0,5.0,13.0,100.0,50.0,75.0,0.0,0.0,6.0,11.0,257.4,15448.0
1990541,E. Matarranz Martín,979930,LOINTEK GERNIKA BIZKAIA,C,5,Traditional Center,,https://imagenes.feb.es/Foto.aspx?c=1990541,25,3,11.5,3.4,1.0,1.2,2.2,0.4,0.3,0.1,0.2,0.6,2.2,1.4,-1.2,3.0,1.2,2.5,49.2,0.0,0.0,0.0,1.0,1.6,58.5,52.4,48.4,1.6,64.1,16.3,2.1,48.9,51.0,16.7,10.3,77.3,16.3,86.0,54.0,11.0,8.0,3.0,16.0,74.0,31.0,63.0,0.0,1.0,24.0,41.0,286.6,17186.0
2841290,S. Krnjic,979930,LOINTEK GERNIKA BIZKAIA,C,5,Rolling Big,,https://imagenes.feb.es/Foto.aspx?c=2841290,6,0,7.4,1.3,0.8,0.7,1.5,0.3,0.0,0.2,0.2,0.8,1.0,0.2,-1.3,1.2,0.7,1.2,57.1,0.0,0.0,0.0,0.0,0.0,0.0,57.1,57.1,0.0,0.0,41.7,0.7,34.8,34.8,38.3,14.0,0.0,12.6,8.0,9.0,2.0,0.0,1.0,5.0,7.0,4.0,7.0,0.0,0.0,0.0,0.0,44.3,2666.0
2303428,N. Zubiaga Rojo,979930,LOINTEK GERNIKA BIZKAIA,,6,,,https://imagenes.feb.es/Foto.aspx?c=2303428,1,0,10.0,1.0,1.0,0.0,1.0,2.0,0.0,0.0,0.0,1.0,1.0,1.0,9.0,-1.0,0.0,1.0,0.0,0.0,2.0,0.0,1.0,2.0,50.0,12.9,0.0,66.7,66.7,20.5,-0.8,,,,,,,1.0,1.0,2.0,0.0,0.0,1.0,-1.0,0.0,1.0,0.0,2.0,1.0,2.0,10.0,600.0
2556690,A. Iturrioz Bras,979930,LOINTEK GERNIKA BIZKAIA,,6,,,https://imagenes.feb.es/Foto.aspx?c=2556690,1,0,1.5,0.0,0.0,0.0,0.0,0.0,0.0,0.0,0.0,0.0,0.0,0.0,1.0,0.0,0.0,0.0,0.0,0.0,0.0,0.0,0.0,0.0,0.0,0.0,0.0,0.0,0.0,0.0,0.0,,,,,,,0.0,0.0,0.0,0.0,0.0,0.0,0.0,0.0,0.0,0.0,0.0,0.0,0.0,1.5,91.0
2841496,L. Berkani,981426,MOVISTAR ESTUDIANTES,PG,1,Offensive Engine,,https://imagenes.feb.es/Foto.aspx?c=2841496,25,25,27.4,10.4,0.2,1.5,1.8,2.7,0.7,0.0,0.0,2.0,1.8,3.6,-1.0,8.8,1.7,4.2,39.6,1.8,5.3,33.3,1.8,2.2,80.0,49.6,45.4,55.5,23.1,16.3,5.4,42.8,46.6,15.1,1.1,24.7,21.5,260.0,44.0,68.0,17.0,0.0,51.0,220.0,42.0,106.0,44.0,132.0,44.0,55.0,684.1,41063.0
2181409,J. Camilion Cuccaro,981426,MOVISTAR ESTUDIANTES,PG,1,Offensive Engine,,https://imagenes.feb.es/Foto.aspx?c=2181409,30,30,29.3,10.3,1.0,2.5,3.5,3.7,1.6,0.3,0.1,2.2,3.0,2.9,1.6,11.0,2.4,5.0,47.7,1.2,4.1,28.7,2.0,2.4,83.3,50.7,45.6,44.7,26.4,17.6,7.6,46.8,51.3,18.2,3.9,26.0,19.7,309.0,104.0,110.0,47.0,9.0,65.0,331.0,72.0,151.0,35.0,122.0,60.0,72.0,878.9,52746.0
2815062,A. Stanacev,981426,MOVISTAR ESTUDIANTES,PG,1,Offensive Engine,,https://imagenes.feb.es/Foto.aspx?c=2815062,25,3,15.2,4.8,0.2,1.1,1.3,2.6,1.0,0.0,0.0,1.8,1.4,1.3,-2.8,4.9,0.6,1.5,40.5,1.0,2.7,36.8,0.6,0.7,77.8,52.7,50.0,64.8,17.1,28.9,3.3,48.1,51.0,26.7,1.8,30.3,19.7,119.0,32.0,65.0,25.0,0.0,46.0,123.0,15.0,37.0,25.0,68.0,14.0,18.0,379.6,22776.0
1446879,I. Latorre Alcantara,981426,MOVISTAR ESTUDIANTES,PG,1,Offensive Engine,,https://imagenes.feb.es/Foto.aspx?c=1446879,24,2,18.2,3.2,0.3,2.0,2.2,3.1,1.2,0.0,0.1,1.3,1.7,2.0,0.1,6.4,0.5,1.5,32.4,0.5,1.4,35.3,0.8,1.2,64.3,46.8,42.3,47.9,39.4,27.7,3.6,38.5,47.3,26.9,1.7,33.3,12.4,78.0,54.0,74.0,29.0,1.0,32.0,153.0,12.0,37.0,12.0,34.0,18.0,28.0,437.7,26283.0
2005556,A. Toribio Saez,981426,MOVISTAR ESTUDIANTES,PG,1,Offensive Engine,,https://imagenes.feb.es/Foto.aspx?c=2005556,7,0,6.7,1.3,0.0,0.4,0.4,0.3,0.4,0.0,0.0,0.7,1.3,0.7,-2.4,0.1,0.3,1.0,28.6,0.1,0.4,33.3,0.3,0.3,100.0,41.4,35.0,30.0,20.0,31.5,-0.0,31.4,33.2,33.3,0.0,17.3,15.7,9.0,3.0,2.0,3.0,0.0,5.0,1.0,2.0,7.0,1.0,3.0,2.0,2.0,46.7,2798.0
2736280,K. Topuzovic,981426,MOVISTAR ESTUDIANTES,SF,3,Shooter Specialist,,https://imagenes.feb.es/Foto.aspx?c=2736280,2,2,16.8,10.0,0.0,2.0,2.0,0.5,0.0,0.0,0.0,0.5,2.0,1.5,-2.5,8.5,3.0,4.0,75.0,1.0,1.5,66.7,1.0,2.5,40.0,75.8,81.8,27.3,45.5,7.0,6.8,81.6,75.9,7.0,0.0,46.0,19.4,20.0,4.0,1.0,0.0,0.0,1.0,17.0,6.0,8.0,2.0,3.0,2.0,5.0,33.5,2007.0
2825497,M. Garrick,981426,MOVISTAR ESTUDIANTES,SF,3,3&D Wing,,https://imagenes.feb.es/Foto.aspx?c=2825497,12,1,18.0,7.2,0.1,1.2,1.3,1.0,0.7,0.1,0.0,1.2,1.6,1.0,2.8,4.7,1.1,3.2,34.2,1.4,3.0,47.2,0.8,1.1,76.9,54.6,52.0,48.6,17.6,14.9,3.9,41.6,44.1,12.9,2.2,15.9,20.1,87.0,16.0,12.0,8.0,1.0,14.0,56.0,13.0,38.0,17.0,36.0,10.0,13.0,216.2,12977.0
2825497,M. Garrick,981426,MOVISTAR ESTUDIANTES,SF,3,3&D Wing,,https://imagenes.feb.es/Foto.aspx?c=2825497,12,1,18.0,7.2,0.1,1.2,1.3,1.0,0.7,0.1,0.0,1.2,1.6,1.0,2.8,4.7,1.1,3.2,34.2,1.4,3.0,47.2,0.8,1.1,76.9,54.6,52.0,48.6,17.6,14.9,3.9,41.6,44.1,12.9,2.2,15.9,20.1,87.0,16.0,12.0,8.0,1.0,14.0,56.0,13.0,38.0,17.0,36.0,10.0,13.0,216.2,12977.0
2825750,L. Odom,981426,MOVISTAR ESTUDIANTES,SF,3,3&D Wing,,https://imagenes.feb.es/Foto.aspx?c=2825750,15,0,17.9,6.1,0.9,0.9,1.9,0.5,0.9,0.5,0.0,1.0,2.1,1.4,-1.8,4.7,2.0,3.7,53.6,0.3,1.3,25.0,1.1,1.8,63.0,52.3,49.3,26.3,35.5,14.6,3.9,46.1,49.5,16.4,6.3,39.3,17.7,92.0,28.0,8.0,13.0,7.0,15.0,71.0,30.0,56.0,5.0,20.0,17.0,27.0,268.8,16136.0
2858395,P. Crozon,981426,MOVISTAR ESTUDIANTES,SF,3,Shooter Specialist,,https://imagenes.feb.es/Foto.aspx?c=2858395,18,0,13.7,4.6,0.8,1.9,2.7,0.5,0.3,0.2,0.1,0.6,1.2,0.3,0.3,5.1,0.9,1.4,61.5,0.8,2.0,41.7,0.3,0.3,83.3,63.4,62.1,58.1,9.7,13.4,3.7,59.3,64.5,11.0,7.2,14.2,14.1,82.0,49.0,9.0,5.0,3.0,10.0,91.0,16.0,26.0,15.0,36.0,5.0,6.0,245.8,14744.0
2641500,C. Samson,981426,MOVISTAR ESTUDIANTES,SF,3,3&D Wing,,https://imagenes.feb.es/Foto.aspx?c=2641500,5,3,15.4,4.2,0.8,1.6,2.4,1.2,0.2,0.0,0.2,1.0,0.6,0.6,-5.4,3.4,0.4,1.8,22.2,0.8,2.6,30.8,1.0,1.4,71.4,41.9,36.4,59.1,31.8,16.6,2.3,44.5,48.0,12.8,5.3,20.4,17.7,21.0,12.0,6.0,1.0,0.0,5.0,17.0,2.0,9.0,4.0,13.0,5.0,7.0,77.1,4621.0
2641500,C. Samson,981426,MOVISTAR ESTUDIANTES,SF,3,3&D Wing,,https://imagenes.feb.es/Foto.aspx?c=2641500,5,3,15.4,4.2,0.8,1.6,2.4,1.2,0.2,0.0,0.2,1.0,0.6,0.6,-5.4,3.4,0.4,1.8,22.2,0.8,2.6,30.8,1.0,1.4,71.4,41.9,36.4,59.1,31.8,16.6,2.3,44.5,48.0,12.8,5.3,20.4,17.7,21.0,12.0,6.0,1.0,0.0,5.0,17.0,2.0,9.0,4.0,13.0,5.0,7.0,77.1,4621.0
2366048,C. Osma Cruz,981426,MOVISTAR ESTUDIANTES,SF,3,3&D Wing,,https://imagenes.feb.es/Foto.aspx?c=2366048,28,25,12.4,3.2,0.2,1.1,1.4,0.4,0.4,0.1,0.1,0.4,1.4,0.5,1.4,2.2,0.5,1.2,40.0,0.6,1.7,33.3,0.5,0.5,92.9,49.9,45.8,57.8,16.9,11.0,1.8,41.2,44.8,11.1,2.4,19.5,13.7,89.0,38.0,12.0,10.0,2.0,11.0,63.0,14.0,35.0,16.0,48.0,13.0,14.0,346.3,20781.0
2210132,A. Diaz Gomez,981426,MOVISTAR ESTUDIANTES,SF,3,3&D Wing,,https://imagenes.feb.es/Foto.aspx?c=2210132,11,0,5.8,2.7,0.6,0.4,1.0,0.4,0.3,0.0,0.0,0.1,0.6,0.2,-2.9,2.5,0.3,1.0,27.3,0.7,1.4,53.3,0.0,0.0,0.0,57.7,57.7,57.7,0.0,3.7,2.2,52.5,52.5,1.8,11.8,0.0,19.7,30.0,11.0,4.0,3.0,0.0,1.0,27.0,3.0,11.0,8.0,15.0,0.0,0.0,63.3,3787.0
2736277,F. Buhner,981426,MOVISTAR ESTUDIANTES,PF,4,3&D Wing,,https://imagenes.feb.es/Foto.aspx?c=2736277,29,28,30.2,16.7,1.6,5.2,6.7,1.8,1.0,0.3,0.5,1.8,1.6,3.1,0.3,18.6,5.4,9.0,59.5,1.1,4.4,24.4,2.8,3.4,81.6,56.1,52.1,32.6,25.2,10.7,12.3,52.1,56.1,10.5,6.2,27.4,25.8,485.0,195.0,52.0,28.0,9.0,52.0,540.0,156.0,262.0,31.0,127.0,80.0,98.0,876.3,52568.0
1591676,I. Etxarri Munarriz,981426,MOVISTAR ESTUDIANTES,PF,4,Traditional Center,,https://imagenes.feb.es/Foto.aspx?c=1591676,30,2,19.5,6.7,1.5,3.0,4.5,1.1,0.8,0.4,0.2,1.2,1.8,1.2,-2.7,8.5,2.8,5.5,50.3,0.1,0.5,14.3,1.0,1.2,83.3,51.8,48.0,7.8,20.1,15.6,5.5,47.0,50.0,15.3,9.3,25.7,18.6,202.0,136.0,34.0,25.0,12.0,36.0,255.0,83.0,165.0,2.0,14.0,30.0,36.0,583.9,35016.0
2813574,L. Erikstrup,981426,MOVISTAR ESTUDIANTES,PF,4,3&D Wing,,https://imagenes.feb.es/Foto.aspx?c=2813574,10,0,7.9,2.0,0.1,0.9,1.0,0.3,0.3,0.1,0.0,0.8,1.2,0.3,-2.6,1.0,0.9,1.6,56.2,0.0,0.3,0.0,0.2,0.2,100.0,50.3,47.4,15.8,10.5,28.7,0.7,43.1,50.0,18.7,6.0,29.3,17.1,20.0,10.0,3.0,3.0,1.0,8.0,10.0,9.0,16.0,0.0,3.0,2.0,2.0,78.9,4732.0
2813574,L. Erikstrup,981426,MOVISTAR ESTUDIANTES,PF,4,3&D Wing,,https://imagenes.feb.es/Foto.aspx?c=2813574,10,0,7.9,2.0,0.1,0.9,1.0,0.3,0.3,0.1,0.0,0.8,1.2,0.3,-2.6,1.0,0.9,1.6,56.2,0.0,0.3,0.0,0.2,0.2,100.0,50.3,47.4,15.8,10.5,28.7,0.7,43.1,50.0,18.7,6.0,29.3,17.1,20.0,10.0,3.0,3.0,1.0,8.0,10.0,9.0,16.0,0.0,3.0,2.0,2.0,78.9,4732.0
2432231,N. Ezeigbo,981426,MOVISTAR ESTUDIANTES,C,5,Traditional Center,,https://imagenes.feb.es/Foto.aspx?c=2432231,30,29,26.8,12.4,2.9,5.3,8.1,1.7,1.2,0.5,0.3,1.6,2.4,2.0,2.5,15.5,5.3,10.9,48.9,0.0,0.2,0.0,1.7,2.5,69.3,51.0,48.2,1.5,22.6,11.6,10.3,48.7,51.3,11.6,12.5,24.8,24.1,372.0,244.0,52.0,36.0,15.0,48.0,466.0,160.0,327.0,0.0,5.0,52.0,75.0,803.2,48196.0
2581732,T. Krivacevic,981426,MOVISTAR ESTUDIANTES,C,5,,,https://imagenes.feb.es/Foto.aspx?c=2581732,1,0,4.5,0.0,0.0,0.0,0.0,0.0,0.0,0.0,0.0,0.0,1.0,1.0,3.0,-1.0,0.0,1.0,0.0,0.0,0.0,0.0,0.0,0.0,0.0,0.0,0.0,0.0,0.0,0.0,-1.1,,,,,,,0.0,0.0,0.0,0.0,0.0,0.0,-1.0,0.0,1.0,0.0,0.0,0.0,0.0,4.5,269.0
2022346,I. Martin Carrion,979875,PERFUMERIAS AVENIDA,PG,1,Lead Guard,,https://imagenes.feb.es/Foto.aspx?c=2022346,33,30,26.1,14.3,0.9,2.1,3.0,4.7,1.5,0.0,0.2,3.6,2.2,4.3,1.1,13.9,3.6,8.1,44.2,1.5,4.3,34.5,2.7,3.5,78.9,51.5,46.8,34.7,27.9,20.7,8.9,47.1,51.5,20.7,4.4,28.7,32.0,473.0,98.0,154.0,49.0,1.0,120.0,458.0,118.0,267.0,49.0,142.0,90.0,114.0,862.6,51747.0
2080254,C. Soriano Perez,979875,PERFUMERIAS AVENIDA,PG,1,Lead Guard,,https://imagenes.feb.es/Foto.aspx?c=2080254,25,4,19.8,7.1,0.8,1.6,2.4,2.6,2.2,0.0,0.3,2.6,2.5,2.0,1.9,6.2,2.0,4.2,46.2,0.5,2.6,20.0,1.6,2.2,74.1,45.4,40.1,38.0,31.6,25.3,4.5,38.8,44.2,25.2,4.5,38.8,25.2,177.0,59.0,65.0,56.0,1.0,66.0,156.0,49.0,106.0,13.0,65.0,40.0,54.0,495.2,29716.0
1074107,A. Vilaro Aragones,979875,PERFUMERIAS AVENIDA,SG,2,3&D Wing,,https://imagenes.feb.es/Foto.aspx?c=1074107,34,27,24.0,5.6,0.4,3.4,3.8,1.8,0.8,0.0,0.0,1.3,2.1,1.2,0.8,6.7,0.8,1.7,47.5,0.9,2.9,32.0,1.1,1.2,92.5,53.5,47.8,62.9,25.2,20.3,4.2,43.5,49.2,22.8,2.0,35.0,12.9,189.0,128.0,61.0,28.0,0.0,45.0,228.0,28.0,59.0,32.0,100.0,37.0,40.0,817.1,49006.0
2813571,A. Meyers,979875,PERFUMERIAS AVENIDA,SG,2,3&D Wing,,https://imagenes.feb.es/Foto.aspx?c=2813571,34,9,19.1,5.6,0.7,1.9,2.5,0.9,1.2,0.1,0.1,1.4,1.8,1.2,2.5,3.9,1.1,3.1,34.9,0.9,3.0,29.7,0.8,1.0,74.3,42.7,39.6,48.8,16.9,17.8,2.8,37.8,41.0,16.9,4.1,20.4,19.7,190.0,86.0,29.0,41.0,4.0,48.0,131.0,37.0,106.0,30.0,101.0,26.0,35.0,649.0,38935.0
2814599,S. Zellous,979875,PERFUMERIAS AVENIDA,SG,2,Offensive Engine,,https://imagenes.feb.es/Foto.aspx?c=2814599,27,7,17.5,5.6,0.3,1.8,2.0,1.4,0.7,0.1,0.1,1.3,2.4,1.3,-1.0,3.8,1.3,3.0,42.5,0.8,2.5,32.4,0.7,0.9,72.0,47.8,45.3,45.9,16.9,17.6,2.8,42.7,45.9,16.3,1.8,21.0,19.6,152.0,55.0,38.0,19.0,3.0,34.0,103.0,34.0,80.0,22.0,68.0,18.0,25.0,473.7,28432.0
1590109,M. Hermida Herraez,979875,PERFUMERIAS AVENIDA,SG,2,Offensive Engine,,https://imagenes.feb.es/Foto.aspx?c=1590109,6,0,14.9,5.5,0.3,1.8,2.2,0.8,0.7,0.0,0.2,1.0,1.3,2.0,-2.0,3.2,1.2,3.5,33.3,0.7,3.8,17.4,1.2,1.3,87.5,34.7,29.5,52.3,18.2,11.2,1.5,31.5,36.4,14.0,2.4,16.5,27.0,33.0,13.0,5.0,4.0,0.0,6.0,19.0,7.0,21.0,4.0,23.0,7.0,8.0,89.6,5377.0
2524197,L. Spreafico,979875,PERFUMERIAS AVENIDA,SF,3,3&D Wing,,https://imagenes.feb.es/Foto.aspx?c=2524197,34,24,20.7,6.7,0.3,1.3,1.6,0.9,0.6,0.0,0.1,1.0,2.0,1.2,1.9,3.5,0.4,1.2,29.3,1.8,5.3,34.4,0.6,0.8,73.1,49.3,47.5,81.4,11.8,12.4,3.0,48.4,49.6,12.7,1.4,12.7,17.9,229.0,53.0,30.0,20.0,0.0,33.0,118.0,12.0,41.0,62.0,180.0,19.0,26.0,703.4,42200.0
1541830,M. Arrojo Jimenez,979875,PERFUMERIAS AVENIDA,SF,3,Rolling Big,,https://imagenes.feb.es/Foto.aspx?c=1541830,30,13,19.9,2.8,1.5,2.9,4.4,1.1,1.0,0.1,0.1,0.4,1.0,0.9,0.1,6.4,1.1,3.4,32.7,0.0,0.1,0.0,0.6,0.8,68.0,36.4,32.0,1.9,24.3,10.2,3.7,31.1,38.7,10.4,9.3,21.6,10.1,83.0,133.0,32.0,31.0,4.0,13.0,191.0,33.0,101.0,0.0,2.0,17.0,25.0,597.8,35871.0
2813567,R. Magarity,979875,PERFUMERIAS AVENIDA,PF,4,Stretch Big,,https://imagenes.feb.es/Foto.aspx?c=2813567,13,5,18.0,8.1,1.0,2.6,3.6,0.7,0.5,0.0,0.5,1.8,0.8,2.5,2.3,8.8,2.8,5.9,46.8,0.2,0.4,40.0,2.1,2.5,84.4,54.6,47.6,6.1,39.0,20.0,4.9,45.1,50.9,20.3,7.4,39.0,24.6,105.0,47.0,9.0,6.0,0.0,24.0,115.0,36.0,77.0,2.0,5.0,27.0,32.0,234.2,14054.0
2813572,M. Djaldi-Tabdi,979875,PERFUMERIAS AVENIDA,PF,4,Traditional Center,,https://imagenes.feb.es/Foto.aspx?c=2813572,27,13,16.2,4.4,1.4,1.8,3.2,0.6,0.7,0.3,0.2,1.6,2.7,1.3,-1.1,3.5,1.7,3.7,46.5,0.0,0.3,11.1,0.9,1.3,70.6,48.4,44.0,8.3,31.5,26.4,2.3,41.6,45.8,23.5,10.3,31.0,18.0,119.0,86.0,17.0,19.0,7.0,44.0,95.0,46.0,99.0,1.0,9.0,24.0,34.0,436.9,26214.0
2814596,N. Stoupalova,979875,PERFUMERIAS AVENIDA,PF,4,3&D Wing,,https://imagenes.feb.es/Foto.aspx?c=2814596,10,1,10.2,3.3,0.5,1.5,2.0,0.6,0.4,0.3,0.0,0.6,1.5,0.7,3.2,2.5,0.9,2.2,40.9,0.3,1.5,20.0,0.6,0.8,75.0,40.7,36.5,40.5,21.6,12.9,1.7,36.5,40.3,13.8,6.1,19.9,21.7,33.0,20.0,6.0,4.0,3.0,6.0,25.0,9.0,22.0,3.0,15.0,6.0,8.0,101.5,6097.0
2813574,L. Erikstrup,979875,PERFUMERIAS AVENIDA,PF,4,3&D Wing,,https://imagenes.feb.es/Foto.aspx?c=2813574,8,0,8.2,2.5,0.8,0.9,1.6,0.0,0.5,0.0,0.0,0.5,1.4,0.8,-2.2,1.9,0.8,1.8,42.9,0.1,0.4,33.3,0.6,1.0,62.5,48.7,44.1,17.6,47.1,16.3,1.5,43.1,50.0,18.7,6.0,29.3,17.1,20.0,13.0,0.0,4.0,0.0,4.0,15.0,6.0,14.0,1.0,3.0,5.0,8.0,65.5,3939.0
2813574,L. Erikstrup,979875,PERFUMERIAS AVENIDA,PF,4,3&D Wing,,https://imagenes.feb.es/Foto.aspx?c=2813574,8,0,8.2,2.5,0.8,0.9,1.6,0.0,0.5,0.0,0.0,0.5,1.4,0.8,-2.2,1.9,0.8,1.8,42.9,0.1,0.4,33.3,0.6,1.0,62.5,48.7,44.1,17.6,47.1,16.3,1.5,43.1,50.0,18.7,6.0,29.3,17.1,20.0,13.0,0.0,4.0,0.0,4.0,15.0,6.0,14.0,1.0,3.0,5.0,8.0,65.5,3939.0
2813576,K. Cave,979875,PERFUMERIAS AVENIDA,C,5,Traditional Center,,https://imagenes.feb.es/Foto.aspx?c=2813576,30,28,28.8,12.3,3.9,3.5,7.4,0.9,0.9,0.7,0.2,1.3,1.9,2.1,1.8,16.3,5.3,9.7,54.8,0.0,0.0,0.0,1.7,2.1,79.7,58.0,54.8,0.0,22.1,11.2,11.2,55.2,59.2,10.0,15.8,26.5,19.6,369.0,222.0,28.0,27.0,20.0,40.0,488.0,159.0,290.0,0.0,0.0,51.0,64.0,862.6,51761.0
2864031,V. Takacs-Kiss,979875,PERFUMERIAS AVENIDA,C,5,Stretch Big,,https://imagenes.feb.es/Foto.aspx?c=2864031,20,9,21.0,8.8,3.1,3.0,6.0,0.4,0.5,0.2,0.2,1.6,2.2,3.0,2.2,11.5,3.0,5.6,53.6,0.2,0.8,33.3,2.0,2.4,85.4,59.4,53.1,11.8,37.8,17.8,6.9,52.8,57.2,18.0,17.1,54.2,20.4,176.0,121.0,7.0,10.0,3.0,32.0,230.0,60.0,112.0,5.0,15.0,41.0,48.0,419.4,25167.0
2738128,E. Benito Díez,979875,PERFUMERIAS AVENIDA,,6,,,https://imagenes.feb.es/Foto.aspx?c=2738128,1,0,16.4,6.0,1.0,1.0,2.0,0.0,0.0,0.0,0.0,1.0,1.0,0.0,-1.0,1.0,0.0,1.0,0.0,2.0,6.0,33.3,0.0,0.0,0.0,42.9,42.9,85.7,0.0,12.5,1.5,,,,,,,6.0,2.0,0.0,0.0,0.0,1.0,1.0,0.0,1.0,2.0,6.0,0.0,0.0,16.4,984.0
2819695,K. Holm,981359,SPAR GIRONA,PG,1,Offensive Engine,,https://imagenes.feb.es/Foto.aspx?c=2819695,33,28,27.9,10.1,1.6,3.9,5.5,3.4,1.4,0.1,0.2,1.8,2.0,3.1,9.4,15.5,2.6,5.1,52.1,0.8,2.4,34.6,2.3,2.7,86.5,58.4,52.0,31.8,36.3,17.4,9.6,53.0,58.9,16.8,7.8,42.9,18.2,332.0,183.0,112.0,46.0,3.0,60.0,511.0,87.0,167.0,27.0,78.0,77.0,89.0,921.5,55303.0
2364457,L. Cornelius,981359,SPAR GIRONA,PG,1,Offensive Engine,,https://imagenes.feb.es/Foto.aspx?c=2364457,6,2,18.2,4.8,0.3,2.5,2.8,2.2,0.5,0.0,0.2,1.0,2.0,1.2,7.3,6.0,0.2,1.0,16.7,1.2,2.8,41.2,1.0,1.0,100.0,56.6,50.0,73.9,26.1,19.0,3.9,51.1,52.2,27.3,2.9,29.8,14.6,29.0,17.0,13.0,3.0,0.0,6.0,36.0,1.0,6.0,7.0,17.0,6.0,6.0,109.1,6551.0
1406582,M. Canella Rodriguez,981359,SPAR GIRONA,PG,1,Lead Guard,,https://imagenes.feb.es/Foto.aspx?c=1406582,20,6,16.6,4.2,0.8,2.8,3.6,3.4,1.6,0.2,0.0,1.6,2.0,1.2,6.6,8.6,1.4,2.3,63.0,0.2,1.2,17.4,0.7,0.9,77.8,54.6,50.7,33.3,26.1,28.7,5.5,48.4,52.4,30.0,6.6,26.5,15.5,84.0,72.0,69.0,31.0,5.0,31.0,173.0,29.0,46.0,4.0,23.0,14.0,18.0,331.8,19907.0
2703283,A. Carter,981359,SPAR GIRONA,SG,2,Offensive Engine,,https://imagenes.feb.es/Foto.aspx?c=2703283,23,6,25.3,7.7,1.0,1.8,2.9,2.9,1.6,0.1,0.0,1.6,2.0,2.2,11.2,9.1,1.8,4.1,43.6,1.0,3.4,30.8,1.0,1.1,92.3,48.5,44.8,45.3,15.1,16.8,6.2,45.2,47.5,16.9,5.4,19.8,18.0,178.0,66.0,66.0,37.0,3.0,37.0,209.0,41.0,94.0,24.0,78.0,24.0,26.0,581.5,34892.0
1298762,A. Lopez Rodriguez,981359,SPAR GIRONA,SG,2,Offensive Engine,,https://imagenes.feb.es/Foto.aspx?c=1298762,33,3,15.3,4.0,0.2,1.3,1.5,2.1,0.6,0.0,0.2,1.2,2.3,0.7,2.2,2.7,1.3,2.3,55.3,0.4,1.8,22.0,0.2,0.5,47.1,46.0,45.6,43.7,12.6,22.3,2.1,41.8,42.5,22.7,1.9,12.6,17.6,131.0,51.0,70.0,19.0,0.0,41.0,89.0,42.0,76.0,13.0,59.0,8.0,17.0,504.0,30245.0
2817613,J. Jocyte,981359,SPAR GIRONA,SF,3,Offensive Engine,,https://imagenes.feb.es/Foto.aspx?c=2817613,34,33,26.2,11.3,0.5,1.9,2.4,4.0,1.0,0.1,0.0,2.0,1.2,2.4,9.3,12.4,1.9,4.1,44.7,1.8,4.8,36.8,2.3,2.6,88.6,56.0,50.3,53.6,28.9,16.6,8.6,48.6,54.1,16.7,2.6,30.8,22.3,384.0,82.0,135.0,33.0,3.0,68.0,420.0,63.0,141.0,60.0,163.0,78.0,88.0,891.2,53476.0
2825949,L. Amihere,981359,SPAR GIRONA,SF,3,Stretch Big,,https://imagenes.feb.es/Foto.aspx?c=2825949,11,4,21.0,10.3,1.3,2.4,3.6,1.5,1.1,0.6,0.3,1.9,1.4,3.3,6.4,13.5,2.5,4.4,58.3,0.5,1.6,27.8,3.8,4.4,87.5,64.9,53.8,27.3,72.7,19.4,8.8,56.2,68.2,20.2,8.1,91.1,22.0,113.0,40.0,16.0,12.0,7.0,21.0,149.0,28.0,48.0,5.0,18.0,42.0,48.0,231.5,13897.0
1310004,L. Quevedo Cañizares,981359,SPAR GIRONA,SF,3,Offensive Engine,,https://imagenes.feb.es/Foto.aspx?c=1310004,26,22,22.2,6.0,1.0,2.0,3.0,1.7,0.8,0.0,0.1,1.5,2.7,2.7,8.1,6.3,0.7,1.8,37.0,1.0,3.2,32.9,1.5,2.0,76.9,51.4,44.9,64.1,40.6,20.5,3.7,42.9,49.2,21.0,5.9,47.2,15.8,155.0,77.0,43.0,22.0,0.0,39.0,163.0,17.0,46.0,27.0,82.0,40.0,52.0,576.4,34578.0
1956551,B. Ribas Bosch,981359,SPAR GIRONA,SF,3,Rolling Big,,https://imagenes.feb.es/Foto.aspx?c=1956551,12,0,4.1,0.8,0.1,0.2,0.3,0.2,0.2,0.0,0.1,0.3,0.3,0.0,0.2,0.3,0.4,0.8,50.0,0.0,0.1,0.0,0.0,0.0,0.0,45.5,45.5,9.1,0.0,26.7,0.3,43.3,43.3,15.6,3.0,0.0,14.0,10.0,4.0,2.0,2.0,0.0,4.0,4.0,5.0,10.0,0.0,1.0,0.0,0.0,49.0,2947.0
2821270,A. Badosa Soler,981359,SPAR GIRONA,SF,3,Rolling Big,,https://imagenes.feb.es/Foto.aspx?c=2821270,12,0,3.6,0.4,0.2,0.0,0.2,0.1,0.0,0.0,0.1,0.0,0.2,0.2,-0.2,0.1,0.1,0.6,14.3,0.1,0.2,33.3,0.0,0.0,0.0,25.0,25.0,30.0,0.0,0.0,0.0,18.3,18.3,0.0,10.6,0.0,10.9,5.0,3.0,1.0,0.0,0.0,0.0,1.0,1.0,7.0,1.0,3.0,0.0,0.0,42.7,2570.0
2739270,C. Bibby,981359,SPAR GIRONA,PF,4,High Volume Scorer,,https://imagenes.feb.es/Foto.aspx?c=2739270,18,12,22.8,12.7,0.9,1.9,2.8,1.3,1.3,0.0,0.3,1.3,1.5,1.8,10.9,11.6,1.7,3.8,44.9,2.5,5.7,44.1,1.7,2.1,83.8,60.9,57.6,59.6,21.6,10.9,9.1,54.2,58.1,10.8,5.2,22.4,24.7,228.0,51.0,24.0,23.0,0.0,23.0,208.0,31.0,69.0,45.0,102.0,31.0,37.0,411.0,24663.0
1933834,C. Guerrero Alcantara,981359,SPAR GIRONA,PF,4,3&D Wing,,https://imagenes.feb.es/Foto.aspx?c=1933834,34,19,19.4,7.4,0.7,2.7,3.5,0.9,0.5,0.2,0.0,0.7,1.0,0.6,6.2,8.0,1.4,2.6,55.7,1.4,3.6,38.2,0.4,0.5,82.4,57.9,56.6,58.3,8.1,9.5,5.7,55.2,57.7,9.4,5.3,10.0,17.5,253.0,118.0,31.0,16.0,8.0,23.0,272.0,49.0,88.0,47.0,123.0,14.0,17.0,661.2,39672.0
2823534,A. Merceron,981359,SPAR GIRONA,PF,4,Stretch Big,,https://imagenes.feb.es/Foto.aspx?c=2823534,12,2,15.1,7.2,0.5,2.5,3.0,0.3,0.2,0.1,0.2,1.2,0.9,1.8,-0.8,7.7,2.2,3.9,57.4,0.6,1.3,43.8,1.0,1.4,70.6,61.7,59.5,25.4,27.0,17.5,4.6,53.4,58.1,10.0,8.3,42.3,22.9,87.0,36.0,4.0,3.0,1.0,15.0,92.0,27.0,47.0,7.0,16.0,12.0,17.0,181.4,10890.0
2823534,A. Merceron,981359,SPAR GIRONA,PF,4,Stretch Big,,https://imagenes.feb.es/Foto.aspx?c=2823534,12,2,15.1,7.2,0.5,2.5,3.0,0.3,0.2,0.1,0.2,1.2,0.9,1.8,-0.8,7.7,2.2,3.9,57.4,0.6,1.3,43.8,1.0,1.4,70.6,61.7,59.5,25.4,27.0,17.5,4.6,53.4,58.1,10.0,8.3,42.3,22.9,87.0,36.0,4.0,3.0,1.0,15.0,92.0,27.0,47.0,7.0,16.0,12.0,17.0,181.4,10890.0
2819737,M. Coulibaly,981359,SPAR GIRONA,C,5,Stretch Big,,https://imagenes.feb.es/Foto.aspx?c=2819737,33,31,25.8,17.7,2.0,5.5,7.5,0.9,0.7,0.2,0.4,1.6,1.9,3.6,8.2,22.2,5.9,8.6,68.1,0.9,2.2,42.3,3.2,4.1,78.5,70.3,67.1,19.9,37.9,11.1,14.7,66.6,70.0,11.0,10.6,39.9,26.7,584.0,247.0,30.0,24.0,5.0,52.0,733.0,194.0,285.0,30.0,71.0,106.0,135.0,851.2,51056.0
2039601,M. Pendande Mendes,981359,SPAR GIRONA,C,5,Traditional Center,,https://imagenes.feb.es/Foto.aspx?c=2039601,34,2,14.9,5.8,1.6,2.1,3.7,0.6,0.6,0.1,0.1,1.2,2.6,1.5,5.4,6.1,2.1,4.1,50.4,0.0,0.1,20.0,1.5,1.9,81.0,56.4,49.7,3.4,43.2,18.7,4.1,48.9,57.2,19.0,13.1,45.4,20.1,196.0,127.0,22.0,19.0,5.0,40.0,206.0,71.0,141.0,1.0,5.0,51.0,63.0,505.8,30353.0
2100039,C. Contell Sanchis,979923,SPAR GRAN CANARIA,PG,1,Lead Guard,,https://imagenes.feb.es/Foto.aspx?c=2100039,10,10,33.1,16.6,0.7,3.8,4.5,3.3,2.3,0.3,0.1,4.0,3.3,5.2,-3.2,16.1,4.2,10.3,40.8,1.2,3.1,38.7,4.6,5.4,85.2,52.6,44.8,23.1,40.3,20.2,10.2,42.8,48.2,16.7,2.7,35.5,26.0,166.0,45.0,33.0,23.0,3.0,40.0,161.0,42.0,103.0,12.0,31.0,46.0,54.0,330.9,19858.0
2100039,C. Contell Sanchis,979923,SPAR GRAN CANARIA,PG,1,Lead Guard,,https://imagenes.feb.es/Foto.aspx?c=2100039,10,10,33.1,16.6,0.7,3.8,4.5,3.3,2.3,0.3,0.1,4.0,3.3,5.2,-3.2,16.1,4.2,10.3,40.8,1.2,3.1,38.7,4.6,5.4,85.2,52.6,44.8,23.1,40.3,20.2,10.2,42.8,48.2,16.7,2.7,35.5,26.0,166.0,45.0,33.0,23.0,3.0,40.0,161.0,42.0,103.0,12.0,31.0,46.0,54.0,330.9,19858.0
2452647,D. N'Diaye,979923,SPAR GRAN CANARIA,PG,1,3&D Wing,,https://imagenes.feb.es/Foto.aspx?c=2452647,15,10,29.7,14.3,1.0,1.3,2.3,1.7,1.8,0.3,0.6,2.3,1.3,2.7,-23.2,10.8,2.6,6.1,42.9,2.5,6.3,38.9,1.7,3.2,54.2,51.9,50.8,51.1,25.8,14.1,8.6,51.3,52.6,13.4,3.5,29.8,24.4,215.0,35.0,25.0,27.0,5.0,34.0,162.0,39.0,91.0,37.0,95.0,26.0,48.0,446.0,26759.0
2828146,M. Mane,979923,SPAR GRAN CANARIA,PG,1,3&D Wing,,https://imagenes.feb.es/Foto.aspx?c=2828146,6,1,22.8,8.0,0.2,2.0,2.2,1.0,1.3,0.5,0.0,1.3,3.0,2.3,-9.8,6.2,0.8,2.3,35.7,1.3,4.5,29.6,2.3,2.5,93.3,50.4,41.5,65.9,36.6,14.4,4.6,37.6,44.9,19.6,1.0,34.6,19.1,48.0,13.0,6.0,8.0,3.0,8.0,37.0,5.0,14.0,8.0,27.0,14.0,15.0,136.7,8208.0
1320072,P. Estebas Armas,979923,SPAR GRAN CANARIA,PG,1,Offensive Engine,,https://imagenes.feb.es/Foto.aspx?c=1320072,30,25,29.8,7.6,0.4,2.6,3.0,4.7,1.1,0.0,0.1,2.5,1.5,1.2,-15.8,7.2,1.6,4.2,39.2,1.2,4.8,25.0,0.7,0.9,75.0,40.3,38.3,53.5,10.4,21.0,4.7,35.9,37.7,21.2,1.8,10.9,18.3,227.0,91.0,141.0,32.0,1.0,75.0,215.0,49.0,125.0,36.0,144.0,21.0,28.0,892.6,53537.0
2823525,C. Heriaud,979923,SPAR GRAN CANARIA,PG,1,Offensive Engine,,https://imagenes.feb.es/Foto.aspx?c=2823525,5,5,32.8,7.0,0.0,2.4,2.4,6.0,1.4,0.0,0.0,2.4,2.6,4.0,-9.8,10.4,1.0,3.0,33.3,1.2,4.6,26.1,1.4,1.4,100.0,42.6,36.8,60.5,18.4,22.6,5.4,35.4,41.1,20.5,0.0,19.7,15.2,35.0,12.0,30.0,7.0,0.0,12.0,52.0,5.0,15.0,6.0,23.0,7.0,7.0,164.2,9854.0
2371576,C. Dillard,979923,SPAR GRAN CANARIA,PG,1,Offensive Engine,,https://imagenes.feb.es/Foto.aspx?c=2371576,9,6,28.1,6.8,0.8,1.0,1.8,2.1,0.7,0.1,0.0,2.2,2.4,1.9,-8.6,3.9,1.2,3.1,39.3,1.0,3.4,29.0,1.3,1.8,75.0,46.2,41.5,52.5,27.1,23.2,2.8,41.5,44.8,22.7,3.7,25.8,15.9,61.0,16.0,19.0,6.0,1.0,20.0,35.0,11.0,28.0,9.0,31.0,12.0,16.0,252.5,15155.0
2352279,T. Ezeanatogu Ezeonu,979923,SPAR GRAN CANARIA,PG,1,High Volume Scorer,,https://imagenes.feb.es/Foto.aspx?c=2352279,6,2,15.1,2.7,0.3,1.2,1.5,0.8,0.8,0.0,0.2,1.3,2.0,1.2,-10.7,1.8,1.0,2.8,35.3,0.2,0.2,100.0,0.2,0.2,100.0,43.4,41.7,5.6,5.6,30.3,0.9,49.3,51.0,31.3,2.3,4.6,13.8,16.0,9.0,5.0,5.0,0.0,8.0,11.0,6.0,17.0,1.0,1.0,1.0,1.0,90.4,5420.0
2823546,R. Richardson,979923,SPAR GRAN CANARIA,SG,2,Offensive Engine,,https://imagenes.feb.es/Foto.aspx?c=2823546,23,23,33.7,14.4,1.0,3.6,4.6,2.1,1.3,0.1,0.2,3.3,2.9,4.1,-14.5,12.6,3.7,7.6,48.9,1.4,4.9,29.2,2.7,3.3,81.8,51.7,46.9,39.4,26.8,18.9,7.7,46.2,51.1,19.5,3.5,38.8,23.2,332.0,106.0,48.0,31.0,2.0,75.0,289.0,85.0,174.0,33.0,113.0,63.0,77.0,775.2,46518.0
2647608,M. Doumbia,979923,SPAR GRAN CANARIA,SG,2,3&D Wing,,https://imagenes.feb.es/Foto.aspx?c=2647608,19,8,22.5,8.1,1.3,3.2,4.5,0.9,0.7,0.0,0.4,1.7,3.1,1.6,-16.1,4.8,3.1,7.0,43.6,0.2,1.5,13.8,1.4,2.4,57.8,42.4,39.5,17.9,27.8,15.0,3.4,39.6,41.7,16.0,6.5,39.2,22.8,154.0,86.0,18.0,14.0,0.0,32.0,92.0,58.0,133.0,4.0,29.0,26.0,45.0,426.6,25591.0
2203305,L. Perez Castro,979923,SPAR GRAN CANARIA,SF,3,3&D Wing,,https://imagenes.feb.es/Foto.aspx?c=2203305,4,0,17.4,4.8,1.2,1.5,2.8,0.5,0.8,0.0,0.0,0.8,2.5,1.0,-7.8,3.0,2.0,3.2,61.5,0.2,1.5,16.7,0.0,1.0,0.0,45.8,50.0,31.6,21.1,12.6,2.6,45.3,42.9,9.7,7.7,30.4,15.7,19.0,11.0,2.0,3.0,0.0,3.0,12.0,8.0,13.0,1.0,6.0,0.0,4.0,69.5,4171.0
2340888,P. Diaz Martin,979923,SPAR GRAN CANARIA,SF,3,Rolling Big,,https://imagenes.feb.es/Foto.aspx?c=2340888,2,1,14.0,2.0,0.5,0.5,1.0,0.0,0.0,0.0,0.0,0.0,3.0,0.0,-22.0,-2.0,1.0,1.5,66.7,0.0,1.5,0.0,0.0,0.0,0.0,33.3,33.3,50.0,0.0,0.0,-0.4,33.3,33.3,0.0,4.4,0.0,9.5,4.0,2.0,0.0,0.0,0.0,0.0,-4.0,2.0,3.0,0.0,3.0,0.0,0.0,27.9,1673.0
2340892,M. Redondo De Santa Ana,979923,SPAR GRAN CANARIA,SF,3,Rolling Big,,https://imagenes.feb.es/Foto.aspx?c=2340892,2,0,11.0,2.0,0.0,0.0,0.0,0.0,1.0,0.0,0.0,0.5,0.5,0.0,-14.5,1.0,1.0,2.0,50.0,0.0,0.0,0.0,0.0,0.0,0.0,50.0,50.0,0.0,0.0,20.0,1.3,45.3,45.3,17.0,0.0,0.0,10.1,4.0,0.0,0.0,2.0,0.0,1.0,2.0,2.0,4.0,0.0,0.0,0.0,0.0,22.1,1326.0
2251955,M. Ocurto Mendes,979923,SPAR GRAN CANARIA,SF,3,Rolling Big,,https://imagenes.feb.es/Foto.aspx?c=2251955,3,0,13.2,1.0,0.0,0.7,0.7,0.0,0.7,0.0,0.0,0.7,1.0,0.3,-10.3,-0.7,0.0,1.0,0.0,0.3,1.0,33.3,0.0,0.0,0.0,25.0,25.0,50.0,0.0,25.0,-0.5,24.4,24.4,19.1,0.0,0.0,9.7,3.0,2.0,0.0,2.0,0.0,2.0,-2.0,0.0,3.0,1.0,3.0,0.0,0.0,39.7,2377.0
2288451,A. Hernandez Martinez,979923,SPAR GRAN CANARIA,SF,3,3&D Wing,,https://imagenes.feb.es/Foto.aspx?c=2288451,3,0,2.8,0.7,0.0,0.3,0.3,0.0,0.0,0.0,0.0,0.0,1.0,0.0,-3.0,-0.3,0.3,0.3,100.0,0.0,0.3,0.0,0.0,0.0,0.0,50.0,50.0,50.0,0.0,0.0,0.0,36.1,36.1,0.0,0.0,0.0,12.2,2.0,1.0,0.0,0.0,0.0,0.0,-1.0,1.0,1.0,0.0,1.0,0.0,0.0,8.3,502.0
2823534,A. Merceron,979923,SPAR GRAN CANARIA,PF,4,Stretch Big,,https://imagenes.feb.es/Foto.aspx?c=2823534,21,20,36.4,18.3,2.8,5.4,8.2,2.0,1.0,0.5,0.4,1.6,1.2,5.1,-13.0,23.6,6.3,12.1,51.8,0.4,1.6,26.5,4.5,6.1,73.4,55.7,50.3,11.8,44.3,8.7,15.0,53.4,58.1,10.0,8.3,42.3,22.9,385.0,172.0,42.0,21.0,10.0,33.0,496.0,132.0,255.0,9.0,34.0,94.0,128.0,764.2,45850.0
2823534,A. Merceron,979923,SPAR GRAN CANARIA,PF,4,Stretch Big,,https://imagenes.feb.es/Foto.aspx?c=2823534,21,20,36.4,18.3,2.8,5.4,8.2,2.0,1.0,0.5,0.4,1.6,1.2,5.1,-13.0,23.6,6.3,12.1,51.8,0.4,1.6,26.5,4.5,6.1,73.4,55.7,50.3,11.8,44.3,8.7,15.0,53.4,58.1,10.0,8.3,42.3,22.9,385.0,172.0,42.0,21.0,10.0,33.0,496.0,132.0,255.0,9.0,34.0,94.0,128.0,764.2,45850.0
2451428,A. George,979923,SPAR GRAN CANARIA,PF,4,Stretch Big,,https://imagenes.feb.es/Foto.aspx?c=2451428,17,16,26.4,10.9,2.2,3.5,5.6,0.9,1.3,0.4,0.3,2.7,3.0,1.8,-11.1,11.1,4.2,7.2,59.0,0.3,0.8,38.5,1.5,2.2,68.4,61.0,58.9,9.6,28.1,23.3,7.7,58.3,60.6,21.5,9.9,28.5,20.2,185.0,96.0,15.0,22.0,6.0,46.0,188.0,72.0,122.0,5.0,13.0,26.0,38.0,448.9,26926.0
2800405,N. Kamara,979923,SPAR GRAN CANARIA,PF,4,3&D Wing,,https://imagenes.feb.es/Foto.aspx?c=2800405,26,8,13.4,3.0,0.7,1.6,2.3,0.5,0.3,0.1,0.2,1.2,2.2,0.3,-6.7,0.9,1.3,3.2,41.7,0.0,0.2,16.7,0.2,0.2,100.0,42.0,40.6,6.7,4.4,25.3,0.6,35.8,37.1,27.2,5.5,4.4,16.3,77.0,59.0,12.0,7.0,3.0,31.0,23.0,35.0,84.0,1.0,6.0,4.0,4.0,348.3,20899.0
2292843,M. Rodríguez Sánchez,979923,SPAR GRAN CANARIA,PF,4,3&D Wing,,https://imagenes.feb.es/Foto.aspx?c=2292843,3,0,13.0,2.0,0.0,0.3,0.3,0.0,0.7,0.0,0.0,0.7,0.7,0.3,-14.3,1.0,1.0,1.3,75.0,0.0,0.7,0.0,0.0,0.0,0.0,50.0,50.0,33.3,0.0,25.0,0.8,52.6,52.6,21.0,0.0,0.0,9.3,6.0,1.0,0.0,2.0,0.0,2.0,3.0,3.0,4.0,0.0,2.0,0.0,0.0,39.1,2350.0
2343754,O. Boniface Peters,979923,SPAR GRAN CANARIA,PF,4,Rolling Big,,https://imagenes.feb.es/Foto.aspx?c=2343754,3,0,6.6,1.7,0.7,0.0,0.7,0.3,0.0,0.0,0.3,0.7,2.0,0.3,-11.0,-1.0,0.7,2.0,33.3,0.0,0.0,0.0,0.3,0.3,100.0,38.8,33.3,0.0,16.7,23.7,-0.2,34.3,39.5,23.1,11.0,17.2,19.6,5.0,2.0,1.0,0.0,0.0,2.0,-3.0,2.0,6.0,0.0,0.0,1.0,1.0,19.7,1182.0
2643570,L. Toure,979923,SPAR GRAN CANARIA,C,5,Traditional Center,,https://imagenes.feb.es/Foto.aspx?c=2643570,13,5,18.1,5.8,2.5,3.0,5.5,0.4,0.5,0.2,0.2,0.5,2.2,1.2,-16.5,6.2,2.5,6.1,40.5,0.0,0.0,0.0,0.8,1.8,45.8,41.9,40.5,0.0,30.4,6.3,4.3,37.8,39.5,6.6,14.5,32.2,18.7,75.0,71.0,5.0,7.0,2.0,6.0,81.0,32.0,79.0,0.0,0.0,11.0,24.0,234.9,14101.0
2787896,R. Sherrill,979923,SPAR GRAN CANARIA,C,5,Traditional Center,,https://imagenes.feb.es/Foto.aspx?c=2787896,6,3,23.1,5.2,1.7,2.8,4.5,0.8,0.5,0.2,0.3,2.5,2.2,2.5,-5.3,5.5,1.3,4.3,30.8,0.0,0.2,0.0,2.5,2.8,88.2,45.0,29.6,3.7,63.0,30.3,2.3,30.4,40.3,30.3,9.4,100.0,17.1,31.0,27.0,5.0,3.0,1.0,15.0,33.0,8.0,26.0,0.0,1.0,15.0,17.0,138.8,8324.0
2494285,A. Mbengue Sánchez,979923,SPAR GRAN CANARIA,C,5,Traditional Center,,https://imagenes.feb.es/Foto.aspx?c=2494285,3,1,16.0,2.7,1.7,3.0,4.7,1.0,0.0,0.0,0.0,1.3,1.0,1.0,-9.3,7.0,1.0,1.0,100.0,0.0,0.0,0.0,0.7,0.7,100.0,103.1,100.0,0.0,66.7,50.8,3.4,100.0,102.3,58.2,10.1,71.8,7.5,8.0,14.0,3.0,0.0,0.0,4.0,21.0,3.0,3.0,0.0,0.0,2.0,2.0,47.9,2874.0
2857450,A. Virjoghe,979923,SPAR GRAN CANARIA,C,5,Traditional Center,,https://imagenes.feb.es/Foto.aspx?c=2857450,15,5,12.5,2.6,1.2,1.7,2.9,0.1,0.1,0.4,0.1,0.5,1.4,0.9,-5.2,3.0,1.2,2.8,42.9,0.0,0.1,0.0,0.2,0.7,30.0,41.1,41.9,2.3,23.3,14.4,1.6,46.3,44.1,14.8,10.7,29.0,13.6,39.0,43.0,2.0,2.0,6.0,8.0,45.0,18.0,42.0,0.0,1.0,3.0,10.0,188.2,11302.0
1597595,M. Mbulito Upolo,979923,SPAR GRAN CANARIA,C,5,Rolling Big,,https://imagenes.feb.es/Foto.aspx?c=1597595,4,0,2.3,0.0,0.2,0.2,0.5,0.2,0.0,0.0,0.0,0.2,0.2,0.0,-3.0,0.0,0.0,0.0,0.0,0.0,0.2,0.0,0.0,0.0,0.0,0.0,0.0,100.0,0.0,50.0,-0.1,0.0,0.0,52.2,11.7,0.0,9.6,0.0,2.0,1.0,0.0,0.0,1.0,0.0,0.0,0.0,0.0,1.0,0.0,0.0,9.2,546.0
2340752,N. Prado Plumed,979923,SPAR GRAN CANARIA,C,5,Rolling Big,,https://imagenes.feb.es/Foto.aspx?c=2340752,4,0,2.0,0.0,0.0,0.0,0.0,0.0,0.0,0.0,0.0,0.0,0.2,0.0,-0.8,-0.2,0.0,0.0,0.0,0.0,0.0,0.0,0.0,0.0,0.0,0.0,0.0,0.0,0.0,0.0,-0.1,0.0,0.0,0.0,0.0,0.0,0.0,0.0,0.0,0.0,0.0,0.0,0.0,-1.0,0.0,0.0,0.0,0.0,0.0,0.0,8.2,494.0
2383224,M. Rasines Rodriguez,979923,SPAR GRAN CANARIA,C,5,Rolling Big,,https://imagenes.feb.es/Foto.aspx?c=2383224,2,0,6.4,0.0,0.0,0.5,0.5,0.0,0.0,0.0,0.0,1.0,0.0,0.0,-4.0,-1.5,0.0,0.0,0.0,0.0,1.0,0.0,0.0,0.0,0.0,0.0,0.0,100.0,0.0,50.0,-1.5,0.0,0.0,51.0,0.0,0.0,13.9,0.0,1.0,0.0,0.0,0.0,2.0,-3.0,0.0,0.0,0.0,2.0,0.0,0.0,12.8,770.0
2352282,G. Ezeanatogu Ezeonu,979923,SPAR GRAN CANARIA,,6,,,https://imagenes.feb.es/Foto.aspx?c=2352282,1,1,36.5,8.0,3.0,2.0,5.0,4.0,1.0,0.0,0.0,5.0,2.0,3.0,-21.0,12.0,3.0,5.0,60.0,0.0,0.0,0.0,2.0,2.0,100.0,68.0,60.0,0.0,40.0,46.0,6.4,,,,,,,8.0,5.0,4.0,1.0,0.0,5.0,12.0,3.0,5.0,0.0,0.0,2.0,2.0,36.5,2189.0
2233043,A. Deniz Agullo,979923,SPAR GRAN CANARIA,,6,,,https://imagenes.feb.es/Foto.aspx?c=2233043,1,0,4.4,0.0,0.0,1.0,1.0,0.0,0.0,0.0,0.0,0.0,3.0,0.0,-8.0,-3.0,0.0,0.0,0.0,0.0,1.0,0.0,0.0,0.0,0.0,0.0,0.0,100.0,0.0,0.0,-1.6,,,,,,,0.0,1.0,0.0,0.0,0.0,0.0,-3.0,0.0,0.0,0.0,1.0,0.0,0.0,4.4,266.0
2234762,V. Hernandez Spaccesi,979923,SPAR GRAN CANARIA,,6,,,https://imagenes.feb.es/Foto.aspx?c=2234762,1,0,13.1,0.0,0.0,0.0,0.0,1.0,1.0,0.0,0.0,0.0,2.0,0.0,-6.0,0.0,0.0,0.0,0.0,0.0,0.0,0.0,0.0,0.0,0.0,0.0,0.0,0.0,0.0,0.0,0.9,,,,,,,0.0,0.0,1.0,1.0,0.0,0.0,0.0,0.0,0.0,0.0,0.0,0.0,0.0,13.1,787.0
2621781,F. Thiao,979923,SPAR GRAN CANARIA,,6,,,https://imagenes.feb.es/Foto.aspx?c=2621781,1,0,3.2,0.0,0.0,0.0,0.0,0.0,0.0,0.0,0.0,0.0,0.0,0.0,-7.0,0.0,0.0,0.0,0.0,0.0,0.0,0.0,0.0,0.0,0.0,0.0,0.0,0.0,0.0,0.0,0.0,,,,,,,0.0,0.0,0.0,0.0,0.0,0.0,0.0,0.0,0.0,0.0,0.0,0.0,0.0,3.2,191.0
1375056,L. Romero Gonzalez,980027,VALENCIA B.C.,PG,1,Offensive Engine,10.0,https://imagenes.feb.es/Foto.aspx?c=1375056,31,15,19.7,8.4,0.7,2.1,2.8,3.6,1.1,0.1,0.1,1.3,1.5,1.7,6.4,10.3,2.2,4.5,48.2,1.0,2.9,34.1,1.0,1.3,79.5,52.2,49.4,39.2,16.8,14.1,7.2,50.9,53.4,14.1,4.2,19.9,22.4,260.0,87.0,113.0,33.0,2.0,41.0,320.0,68.0,141.0,31.0,91.0,31.0,39.0,611.2,36672.0
2863934,I. Anderson,980027,VALENCIA B.C.,PG,1,Offensive Engine,1.0,https://imagenes.feb.es/Foto.aspx?c=2863934,22,16,20.5,8.3,0.5,1.2,1.7,3.4,1.1,0.0,0.2,1.5,1.9,2.2,5.2,8.3,2.5,5.5,45.8,0.6,2.1,30.4,1.4,2.0,68.9,49.2,45.8,27.7,27.1,14.7,6.0,48.0,51.1,14.7,2.8,29.5,23.0,183.0,37.0,75.0,24.0,0.0,32.0,183.0,55.0,120.0,14.0,46.0,31.0,45.0,450.6,27033.0
2046909,E. Buenavida Estevez,980027,VALENCIA B.C.,PG,1,Lead Guard,6.0,https://imagenes.feb.es/Foto.aspx?c=2046909,35,26,22.9,7.7,1.0,2.2,3.2,1.8,1.6,0.1,0.1,1.4,2.0,2.1,6.5,8.9,1.9,4.0,47.5,0.9,2.7,33.7,1.1,1.5,78.4,52.3,48.7,40.6,21.8,15.8,6.1,48.3,51.6,15.6,4.9,22.7,18.0,268.0,113.0,63.0,55.0,3.0,48.0,312.0,66.0,139.0,32.0,95.0,40.0,51.0,802.5,48155.0
2818271,H. Ben Abdelkader,980027,VALENCIA B.C.,PG,1,High Volume Scorer,24.0,https://imagenes.feb.es/Foto.aspx?c=2818271,32,4,13.9,6.2,0.2,0.8,0.9,1.2,0.4,0.1,0.2,0.7,1.6,1.1,4.2,4.0,0.9,1.9,45.2,1.2,3.5,34.5,0.8,0.9,82.8,52.5,49.4,64.6,16.6,10.5,3.4,47.1,49.4,11.5,1.4,21.6,22.2,197.0,30.0,40.0,13.0,2.0,22.0,129.0,28.0,62.0,39.0,113.0,24.0,29.0,445.1,26710.0
2794926,M. Lekovic,980027,VALENCIA B.C.,PG,1,Offensive Engine,,https://imagenes.feb.es/Foto.aspx?c=2794926,18,5,12.9,4.2,0.3,0.9,1.2,1.6,0.9,0.0,0.1,1.8,1.7,1.7,-1.5,2.8,0.8,2.7,31.2,0.4,1.4,32.0,1.2,1.7,71.0,43.9,37.0,34.2,42.5,27.0,1.8,42.2,47.0,27.0,2.2,43.2,23.9,76.0,21.0,29.0,17.0,0.0,32.0,51.0,15.0,48.0,8.0,25.0,22.0,31.0,233.0,13974.0
1441977,C. Ouviña Modrego,980027,VALENCIA B.C.,PG,1,Offensive Engine,5.0,https://imagenes.feb.es/Foto.aspx?c=1441977,21,0,9.4,1.6,0.2,1.2,1.4,1.6,0.6,0.1,0.0,0.5,0.8,0.4,2.6,3.0,0.3,1.0,27.3,0.3,1.0,27.3,0.2,0.2,100.0,37.2,34.1,50.0,9.1,19.4,1.9,27.1,28.8,19.2,2.4,8.6,13.7,34.0,30.0,34.0,13.0,3.0,11.0,62.0,6.0,22.0,6.0,22.0,4.0,4.0,197.7,11870.0
1091338,Q. Casas Carreras,980027,VALENCIA B.C.,SG,2,Offensive Engine,9.0,https://imagenes.feb.es/Foto.aspx?c=1091338,35,7,14.3,4.0,0.4,1.7,2.2,1.1,0.9,0.0,0.1,0.7,0.6,1.3,1.0,4.6,1.2,2.9,41.0,0.3,1.5,16.7,0.9,1.4,60.0,39.5,35.4,35.1,32.5,12.4,2.8,33.2,36.9,11.7,3.4,31.4,18.8,139.0,76.0,38.0,31.0,1.0,25.0,162.0,41.0,100.0,9.0,54.0,30.0,50.0,502.2,30132.0
2532108,L. Fiebich,980027,VALENCIA B.C.,SF,3,High Volume Scorer,13.0,https://imagenes.feb.es/Foto.aspx?c=2532108,29,24,26.7,12.1,0.8,3.7,4.5,1.9,1.3,0.2,0.1,1.1,1.8,2.2,7.6,14.3,1.5,3.3,45.3,2.3,5.2,45.3,2.1,2.4,88.4,63.7,59.2,61.2,28.2,10.7,10.2,58.0,62.7,10.0,3.6,29.7,19.2,351.0,130.0,54.0,37.0,7.0,33.0,416.0,43.0,95.0,68.0,150.0,61.0,69.0,773.1,46392.0
2861171,N. Coffey,980027,VALENCIA B.C.,SF,3,Traditional Center,,https://imagenes.feb.es/Foto.aspx?c=2861171,15,9,20.6,7.7,0.9,2.7,3.5,0.5,0.6,1.3,0.1,1.1,2.1,1.1,6.3,7.5,1.9,3.5,52.8,1.1,3.3,32.7,0.7,1.1,68.8,52.7,51.0,48.0,15.7,12.8,5.4,52.2,54.0,12.5,5.2,16.7,18.8,115.0,53.0,8.0,9.0,20.0,16.0,112.0,28.0,53.0,16.0,49.0,11.0,16.0,308.6,18502.0
2325358,T. Atkinson,980027,VALENCIA B.C.,SF,3,Stretch Big,,https://imagenes.feb.es/Foto.aspx?c=2325358,4,2,18.6,7.0,1.5,3.0,4.5,2.0,1.5,0.0,0.2,1.8,0.8,2.2,-2.2,10.8,1.5,3.0,50.0,0.5,1.8,28.6,2.5,3.8,66.7,54.7,47.4,36.8,78.9,21.5,6.8,34.7,44.9,14.1,3.7,75.0,18.4,28.0,18.0,8.0,6.0,0.0,7.0,43.0,6.0,12.0,2.0,7.0,10.0,15.0,74.3,4460.0
2325358,T. Atkinson,980027,VALENCIA B.C.,SF,3,Offensive Engine,,https://imagenes.feb.es/Foto.aspx?c=2325358,4,2,18.6,7.0,1.5,3.0,4.5,2.0,1.5,0.0,0.2,1.8,0.8,2.2,-2.2,10.8,1.5,3.0,50.0,0.5,1.8,28.6,2.5,3.8,66.7,54.7,47.4,36.8,78.9,21.5,6.8,34.7,44.9,14.1,3.7,75.0,18.4,28.0,18.0,8.0,6.0,0.0,7.0,43.0,6.0,12.0,2.0,7.0,10.0,15.0,74.3,4460.0
2703447,A. Iagupova,980027,VALENCIA B.C.,SF,3,3&D Wing,,https://imagenes.feb.es/Foto.aspx?c=2703447,5,1,15.3,6.8,0.0,2.0,2.0,1.0,0.8,0.0,0.0,1.0,1.8,1.0,5.2,4.8,1.4,2.8,50.0,1.2,3.6,33.3,0.4,0.6,66.7,51.0,50.0,56.2,9.4,13.0,3.7,48.3,48.1,10.6,0.0,8.4,22.9,34.0,10.0,5.0,4.0,0.0,5.0,24.0,7.0,14.0,6.0,18.0,2.0,3.0,76.6,4591.0
2733290,K. Chery,980027,VALENCIA B.C.,SF,3,3&D Wing,,https://imagenes.feb.es/Foto.aspx?c=2733290,11,0,8.8,3.1,0.7,1.5,2.2,0.2,0.4,0.2,0.1,0.3,1.0,0.5,1.2,3.5,0.5,1.5,37.5,0.5,1.2,46.2,0.4,0.5,80.0,54.5,51.7,44.8,17.2,8.8,2.5,47.8,50.6,11.9,8.4,12.3,15.5,34.0,24.0,2.0,4.0,2.0,3.0,39.0,6.0,16.0,6.0,13.0,4.0,5.0,96.6,5799.0
2733290,K. Chery,980027,VALENCIA B.C.,SF,3,3&D Wing,,https://imagenes.feb.es/Foto.aspx?c=2733290,11,0,8.8,3.1,0.7,1.5,2.2,0.2,0.4,0.2,0.1,0.3,1.0,0.5,1.2,3.5,0.5,1.5,37.5,0.5,1.2,46.2,0.4,0.5,80.0,54.5,51.7,44.8,17.2,8.8,2.5,47.8,50.6,11.9,8.4,12.3,15.5,34.0,24.0,2.0,4.0,2.0,3.0,39.0,6.0,16.0,6.0,13.0,4.0,5.0,96.6,5799.0
1481483,M. Perez Araujo,980027,VALENCIA B.C.,PF,4,3&D Wing,8.0,https://imagenes.feb.es/Foto.aspx?c=1481483,35,14,18.8,4.9,1.1,3.4,4.5,1.7,0.7,0.5,0.2,0.8,1.1,1.3,5.2,7.7,0.8,2.5,30.7,0.8,2.6,31.5,0.8,1.1,74.4,43.1,39.2,51.1,21.7,12.8,4.5,38.3,42.6,11.6,6.5,25.5,16.2,170.0,157.0,61.0,23.0,16.0,29.0,269.0,27.0,88.0,29.0,92.0,29.0,39.0,659.0,39538.0
2867688,K. Hillsman,980027,VALENCIA B.C.,C,5,Stretch Big,0.0,https://imagenes.feb.es/Foto.aspx?c=2867688,14,5,14.3,9.4,1.6,3.1,4.7,0.4,0.3,0.2,0.2,1.6,1.8,3.6,-0.5,11.4,2.9,5.6,52.6,0.1,0.1,50.0,3.4,4.5,74.6,61.3,53.1,2.5,78.8,17.6,6.6,52.2,60.4,19.0,12.8,90.5,30.9,132.0,66.0,6.0,4.0,3.0,23.0,159.0,41.0,78.0,1.0,2.0,47.0,63.0,200.5,12034.0
2246808,A. Fam Thiam,980027,VALENCIA B.C.,C,5,Stretch Big,11.0,https://imagenes.feb.es/Foto.aspx?c=2246808,36,17,22.0,8.9,1.5,3.3,4.8,1.4,0.8,0.5,0.2,1.9,2.3,1.8,6.2,10.3,2.9,5.0,57.5,0.6,2.0,31.9,1.2,1.6,80.4,58.0,54.8,28.7,22.3,19.6,6.7,54.5,57.2,18.7,7.8,26.8,20.6,320.0,174.0,50.0,30.0,18.0,67.0,370.0,103.0,179.0,23.0,72.0,45.0,56.0,790.8,47463.0
1704138,R. Carrera Quintana,980027,VALENCIA B.C.,C,5,3&D Wing,14.0,https://imagenes.feb.es/Foto.aspx?c=1704138,27,21,23.2,8.0,1.3,3.9,5.1,1.7,1.2,0.4,0.1,0.9,1.3,2.1,5.7,12.1,2.4,5.0,47.1,0.6,1.8,33.3,1.5,1.9,80.4,52.6,47.8,26.1,27.7,10.8,7.6,45.8,51.2,9.5,6.3,29.7,17.4,217.0,138.0,45.0,33.0,12.0,25.0,328.0,64.0,136.0,16.0,48.0,41.0,51.0,625.2,37511.0
2740906,K. Alexander,980027,VALENCIA B.C.,C,5,Stretch Big,,https://imagenes.feb.es/Foto.aspx?c=2740906,22,14,15.5,7.9,2.0,2.6,4.7,0.3,0.6,0.5,0.1,1.3,1.7,1.9,3.7,9.7,2.8,5.7,48.8,0.1,0.2,60.0,2.0,2.1,91.5,57.7,50.4,3.8,36.2,15.7,6.3,49.7,55.5,16.0,15.6,41.9,24.5,174.0,103.0,7.0,14.0,10.0,28.0,213.0,61.0,125.0,3.0,5.0,43.0,47.0,341.1,20466.0
2173687,M. Llompart Perello,980027,VALENCIA B.C.,C,5,Rolling Big,,https://imagenes.feb.es/Foto.aspx?c=2173687,3,0,3.9,0.3,0.0,1.7,1.7,0.7,0.0,0.0,0.0,0.0,0.7,0.3,1.7,1.3,0.0,0.3,0.0,0.0,0.3,0.0,0.3,0.7,50.0,17.4,0.0,50.0,100.0,0.0,0.4,0.0,11.9,0.0,0.0,89.7,12.0,1.0,5.0,2.0,0.0,0.0,0.0,4.0,0.0,1.0,0.0,1.0,1.0,2.0,11.6,698.0
