PLAYER_ID,PLAYER_NAME,TEAM_ID,TEAM,POSITION,POS_ORDER,ROLE_NAME,DORSAL,PHOTO_URL,GP,GS,MIN_PG,PTS_PG,ORB_PG,DRB_PG,TRB_PG,AST_PG,STL_PG,BLK_PG,BLKA_PG,TOV_PG,PF_PG,PFD_PG,PLUS_MINUS_PG,PIR_PG,FGM_2_PG,FGA_2_PG,FG2_PCT,FGM_3_PG,FGA_3_PG,FG3_PCT,FTM_PG,FTA_PG,FT_PCT,TS_PCT,EFG_PCT,3PAr,FTr,TOV_PCT,GMSC_PG,PTS,TRB,AST,STL,BLK,TOV,PIR,FGM_2,FGA_2,FGM_3,FGA_3,FTM,FTA,MIN_TOTAL,MIN_SECS_TOTAL
2264884,H. Fernandez Lopez,986092,ALIMERKA OVIEDO BALONCESTO,,6,19.0,19.0,https://imagenes.feb.es/Foto.aspx?c=2264884,1,1,28.7,22.0,0.0,6.0,6.0,3.0,5.0,0.0,0.0,4.0,1.0,7.0,15.0,24.0,2.0,3.0,66.7,5.0,14.0,35.7,3.0,7.0,42.9,54.8,55.9,82.4,41.2,16.6,15.8,22.0,6.0,3.0,5.0,0.0,4.0,24.0,2.0,3.0,5.0,14.0,3.0,7.0,28.7,1723.0
2361378,Y. Suarez Castaño,986092,ALIMERKA OVIEDO BALONCESTO,,6,27.0,27.0,https://imagenes.feb.es/Foto.aspx?c=2361378,1,1,19.0,12.0,1.0,2.0,3.0,0.0,2.0,0.0,0.0,1.0,2.0,4.0,12.0,9.0,5.0,9.0,55.6,0.0,1.0,0.0,2.0,6.0,33.3,47.5,50.0,10.0,60.0,7.3,6.9,12.0,3.0,0.0,2.0,0.0,1.0,9.0,5.0,9.0,0.0,1.0,2.0,6.0,19.0,1142.0
2361016,L. Riaño Toyos,986092,ALIMERKA OVIEDO BALONCESTO,,6,17.0,17.0,https://imagenes.feb.es/Foto.aspx?c=2361016,1,0,24.0,10.0,3.0,6.0,9.0,2.0,4.0,0.0,0.0,1.0,1.0,4.0,-1.0,12.0,1.0,5.0,20.0,2.0,8.0,25.0,2.0,7.0,28.6,31.1,30.8,61.5,53.8,5.9,8.0,10.0,9.0,2.0,4.0,0.0,1.0,12.0,1.0,5.0,2.0,8.0,2.0,7.0,24.0,1439.0
2302965,H. Alonso Cepedal,986092,ALIMERKA OVIEDO BALONCESTO,,6,97.0,97.0,https://imagenes.feb.es/Foto.aspx?c=2302965,1,1,19.9,9.0,9.0,2.0,11.0,3.0,0.0,0.0,0.0,1.0,3.0,2.0,20.0,14.0,4.0,8.0,50.0,0.0,2.0,0.0,1.0,2.0,50.0,41.4,40.0,20.0,20.0,8.4,10.0,9.0,11.0,3.0,0.0,0.0,1.0,14.0,4.0,8.0,0.0,2.0,1.0,2.0,19.9,1195.0
2481190,M. Garcia Pertierra,986092,ALIMERKA OVIEDO BALONCESTO,,6,28.0,28.0,https://imagenes.feb.es/Foto.aspx?c=2481190,1,1,23.4,9.0,4.0,2.0,6.0,1.0,3.0,0.0,0.0,0.0,0.0,3.0,14.0,15.0,4.0,6.0,66.7,0.0,1.0,0.0,1.0,5.0,20.0,48.9,57.1,14.3,71.4,0.0,11.2,9.0,6.0,1.0,3.0,0.0,0.0,15.0,4.0,6.0,0.0,1.0,1.0,5.0,23.4,1405.0
2425657,O. Fernandez Alvarez,986092,ALIMERKA OVIEDO BALONCESTO,,6,20.0,20.0,https://imagenes.feb.es/Foto.aspx?c=2425657,1,0,20.9,5.0,3.0,0.0,3.0,1.0,0.0,0.0,0.0,5.0,3.0,1.0,-6.0,-3.0,1.0,3.0,33.3,1.0,4.0,25.0,0.0,0.0,0.0,35.7,35.7,57.1,0.0,41.7,-2.5,5.0,3.0,1.0,0.0,0.0,5.0,-3.0,1.0,3.0,1.0,4.0,0.0,0.0,20.9,1254.0
2426067,I. Alvarez Dueñas,986092,ALIMERKA OVIEDO BALONCESTO,,6,56.0,56.0,https://imagenes.feb.es/Foto.aspx?c=2426067,1,1,19.1,5.0,1.0,1.0,2.0,2.0,0.0,0.0,0.0,0.0,2.0,2.0,11.0,4.0,1.0,2.0,50.0,1.0,3.0,33.3,0.0,2.0,0.0,42.5,50.0,60.0,40.0,0.0,3.1,5.0,2.0,2.0,0.0,0.0,0.0,4.0,1.0,2.0,1.0,3.0,0.0,2.0,19.1,1144.0
2264264,J. De La Lama Romano,986092,ALIMERKA OVIEDO BALONCESTO,,6,98.0,98.0,https://imagenes.feb.es/Foto.aspx?c=2264264,1,0,16.5,3.0,1.0,4.0,5.0,0.0,0.0,0.0,0.0,0.0,5.0,2.0,-7.0,-2.0,0.0,5.0,0.0,0.0,1.0,0.0,3.0,4.0,75.0,19.3,0.0,16.7,66.7,0.0,-1.7,3.0,5.0,0.0,0.0,0.0,0.0,-2.0,0.0,5.0,0.0,1.0,3.0,4.0,16.5,989.0
2425915,J. García Navarro,986092,ALIMERKA OVIEDO BALONCESTO,,6,7.0,7.0,https://imagenes.feb.es/Foto.aspx?c=2425915,1,0,5.0,3.0,1.0,0.0,1.0,0.0,1.0,0.0,1.0,1.0,0.0,1.0,1.0,2.0,0.0,3.0,0.0,1.0,1.0,100.0,0.0,0.0,0.0,37.5,37.5,25.0,0.0,20.0,1.3,3.0,1.0,0.0,1.0,0.0,1.0,2.0,0.0,3.0,1.0,1.0,0.0,0.0,5.0,300.0
2869416,D. Perdigon Ayala,986092,ALIMERKA OVIEDO BALONCESTO,,6,30.0,30.0,https://imagenes.feb.es/Foto.aspx?c=2869416,1,0,2.2,3.0,0.0,0.0,0.0,0.0,1.0,0.0,0.0,0.0,0.0,0.0,0.0,3.0,0.0,1.0,0.0,1.0,1.0,100.0,0.0,0.0,0.0,75.0,75.0,50.0,0.0,0.0,3.0,3.0,0.0,0.0,1.0,0.0,0.0,3.0,0.0,1.0,1.0,1.0,0.0,0.0,2.2,130.0
2425972,S. Suárez González,986092,ALIMERKA OVIEDO BALONCESTO,,6,1.0,1.0,https://imagenes.feb.es/Foto.aspx?c=2425972,1,0,10.5,2.0,1.0,0.0,1.0,0.0,1.0,0.0,0.0,2.0,3.0,1.0,-11.0,-3.0,1.0,3.0,33.3,0.0,1.0,0.0,0.0,0.0,0.0,25.0,25.0,25.0,0.0,33.3,-1.9,2.0,1.0,0.0,1.0,0.0,2.0,-3.0,1.0,3.0,0.0,1.0,0.0,0.0,10.5,631.0
2481349,O. Fall Fernandez,986092,ALIMERKA OVIEDO BALONCESTO,,6,9.0,9.0,https://imagenes.feb.es/Foto.aspx?c=2481349,1,0,10.8,0.0,1.0,0.0,1.0,1.0,0.0,0.0,0.0,0.0,0.0,0.0,-8.0,1.0,0.0,0.0,0.0,0.0,1.0,0.0,0.0,0.0,0.0,0.0,0.0,100.0,0.0,0.0,0.7,0.0,1.0,1.0,0.0,0.0,0.0,1.0,0.0,0.0,0.0,1.0,0.0,0.0,10.8,648.0
2737570,N. Zhekel,986684,"BASKONIA ""A""",,6,8.0,8.0,https://imagenes.feb.es/Foto.aspx?c=2737570,1,1,25.8,27.0,5.0,1.0,6.0,1.0,1.0,0.0,0.0,1.0,1.0,3.0,-37.0,21.0,6.0,16.0,37.5,4.0,7.0,57.1,3.0,5.0,60.0,53.6,52.2,30.4,21.7,3.8,18.2,27.0,6.0,1.0,1.0,0.0,1.0,21.0,6.0,16.0,4.0,7.0,3.0,5.0,25.8,1547.0
2817296,D. Giuliani,986684,"BASKONIA ""A""",,6,16.0,16.0,https://imagenes.feb.es/Foto.aspx?c=2817296,1,0,23.8,15.0,1.0,2.0,3.0,0.0,1.0,0.0,0.0,3.0,0.0,3.0,-28.0,6.0,4.0,7.0,57.1,2.0,11.0,18.2,1.0,2.0,50.0,39.7,38.9,61.1,11.1,13.7,3.7,15.0,3.0,0.0,1.0,0.0,3.0,6.0,4.0,7.0,2.0,11.0,1.0,2.0,23.8,1426.0
2621833,G. Errasti Ugarte,986684,"BASKONIA ""A""",,6,17.0,17.0,https://imagenes.feb.es/Foto.aspx?c=2621833,1,0,20.6,6.0,1.0,1.0,2.0,2.0,1.0,0.0,1.0,4.0,3.0,4.0,-36.0,-3.0,1.0,8.0,12.5,0.0,4.0,0.0,4.0,4.0,100.0,21.8,8.3,33.3,33.3,22.5,-3.8,6.0,2.0,2.0,1.0,0.0,4.0,-3.0,1.0,8.0,0.0,4.0,4.0,4.0,20.6,1233.0
2597082,R. Osagie Egharevba,986684,"BASKONIA ""A""",,6,14.0,14.0,https://imagenes.feb.es/Foto.aspx?c=2597082,1,1,19.8,5.0,0.0,2.0,2.0,1.0,0.0,1.0,0.0,3.0,0.0,1.0,-37.0,4.0,1.0,2.0,50.0,1.0,3.0,33.3,0.0,0.0,0.0,50.0,50.0,60.0,0.0,37.5,1.3,5.0,2.0,1.0,0.0,1.0,3.0,4.0,1.0,2.0,1.0,3.0,0.0,0.0,19.8,1185.0
2494235,I. Zaldibar Crespo,986684,"BASKONIA ""A""",,6,7.0,7.0,https://imagenes.feb.es/Foto.aspx?c=2494235,1,1,15.5,3.0,2.0,1.0,3.0,1.0,0.0,0.0,0.0,2.0,2.0,0.0,-30.0,2.0,0.0,0.0,0.0,1.0,2.0,50.0,0.0,0.0,0.0,75.0,75.0,100.0,0.0,50.0,1.6,3.0,3.0,1.0,0.0,0.0,2.0,2.0,0.0,0.0,1.0,2.0,0.0,0.0,15.5,932.0
2494234,H. Tagarro Gomez,986684,"BASKONIA ""A""",,6,12.0,12.0,https://imagenes.feb.es/Foto.aspx?c=2494234,1,1,22.2,0.0,0.0,2.0,2.0,0.0,1.0,0.0,1.0,4.0,2.0,1.0,-34.0,-7.0,0.0,4.0,0.0,0.0,1.0,0.0,0.0,0.0,0.0,0.0,0.0,20.0,0.0,44.4,-6.7,0.0,2.0,0.0,1.0,0.0,4.0,-7.0,0.0,4.0,0.0,1.0,0.0,0.0,22.2,1332.0
2494245,J. Baez Saenz,986684,"BASKONIA ""A""",,6,15.0,15.0,https://imagenes.feb.es/Foto.aspx?c=2494245,1,0,14.3,0.0,0.0,1.0,1.0,2.0,1.0,0.0,0.0,3.0,2.0,1.0,-11.0,0.0,0.0,0.0,0.0,0.0,0.0,0.0,0.0,0.0,0.0,0.0,0.0,0.0,0.0,100.0,-1.1,0.0,1.0,2.0,1.0,0.0,3.0,0.0,0.0,0.0,0.0,0.0,0.0,0.0,14.3,861.0
2640328,I. Amescua Plaza,986684,"BASKONIA ""A""",,6,6.0,6.0,https://imagenes.feb.es/Foto.aspx?c=2640328,1,0,11.3,0.0,0.0,0.0,0.0,1.0,0.0,0.0,0.0,0.0,0.0,0.0,-11.0,1.0,0.0,0.0,0.0,0.0,0.0,0.0,0.0,0.0,0.0,0.0,0.0,0.0,0.0,0.0,0.7,0.0,0.0,1.0,0.0,0.0,0.0,1.0,0.0,0.0,0.0,0.0,0.0,0.0,11.3,681.0
2640329,O. Marin San Jose,986684,"BASKONIA ""A""",,6,11.0,11.0,https://imagenes.feb.es/Foto.aspx?c=2640329,1,0,7.2,0.0,0.0,0.0,0.0,0.0,0.0,0.0,0.0,1.0,0.0,1.0,-18.0,-2.0,0.0,0.0,0.0,0.0,0.0,0.0,0.0,2.0,0.0,0.0,0.0,0.0,0.0,53.2,-1.8,0.0,0.0,0.0,0.0,0.0,1.0,-2.0,0.0,0.0,0.0,0.0,0.0,2.0,7.2,429.0
2640331,I. Sanchez Lopez,986684,"BASKONIA ""A""",,6,5.0,5.0,https://imagenes.feb.es/Foto.aspx?c=2640331,1,0,9.8,0.0,1.0,5.0,6.0,2.0,0.0,0.0,0.0,2.0,1.0,0.0,-7.0,4.0,0.0,1.0,0.0,0.0,0.0,0.0,0.0,0.0,0.0,0.0,0.0,0.0,0.0,66.7,0.5,0.0,6.0,2.0,0.0,0.0,2.0,4.0,0.0,1.0,0.0,0.0,0.0,0.0,9.8,586.0
2694162,P. Iyen,986684,"BASKONIA ""A""",,6,9.0,9.0,https://imagenes.feb.es/Foto.aspx?c=2694162,1,0,12.9,0.0,1.0,0.0,1.0,0.0,0.0,0.0,0.0,0.0,1.0,0.0,-13.0,-1.0,0.0,1.0,0.0,0.0,0.0,0.0,0.0,0.0,0.0,0.0,0.0,0.0,0.0,0.0,-0.4,0.0,1.0,0.0,0.0,0.0,0.0,-1.0,0.0,1.0,0.0,0.0,0.0,0.0,12.9,773.0
2869341,A. Morankic,986684,"BASKONIA ""A""",,6,13.0,13.0,https://imagenes.feb.es/Foto.aspx?c=2869341,1,1,16.9,0.0,1.0,4.0,5.0,2.0,0.0,0.0,0.0,2.0,0.0,0.0,-33.0,-5.0,0.0,5.0,0.0,0.0,5.0,0.0,0.0,0.0,0.0,0.0,0.0,50.0,0.0,16.7,-5.7,0.0,5.0,2.0,0.0,0.0,2.0,-5.0,0.0,5.0,0.0,5.0,0.0,0.0,16.9,1015.0
2764645,I. Traore,997158,CBI ELCHE X AITYSA INGENIERIA,,6,30.0,30.0,https://imagenes.feb.es/Foto.aspx?c=2764645,1,1,22.7,21.0,4.0,11.0,15.0,3.0,4.0,2.0,0.0,5.0,0.0,5.0,22.0,39.0,10.0,11.0,90.9,0.0,1.0,0.0,1.0,5.0,20.0,73.9,83.3,8.3,41.7,26.0,23.6,21.0,15.0,3.0,4.0,2.0,5.0,39.0,10.0,11.0,0.0,1.0,1.0,5.0,22.7,1360.0
2378185,A. Ortiz Albiol,997158,CBI ELCHE X AITYSA INGENIERIA,,6,7.0,7.0,https://imagenes.feb.es/Foto.aspx?c=2378185,1,1,27.2,13.0,1.0,6.0,7.0,4.0,2.0,0.0,1.0,4.0,2.0,4.0,13.0,11.0,4.0,10.0,40.0,1.0,3.0,33.3,2.0,7.0,28.6,40.4,42.3,23.1,53.8,19.9,6.4,13.0,7.0,4.0,2.0,0.0,4.0,11.0,4.0,10.0,1.0,3.0,2.0,7.0,27.2,1634.0
2379938,A. Jurevicius,997158,CBI ELCHE X AITYSA INGENIERIA,,6,25.0,25.0,https://imagenes.feb.es/Foto.aspx?c=2379938,1,1,28.3,13.0,0.0,2.0,2.0,5.0,1.0,0.0,0.0,3.0,0.0,3.0,6.0,18.0,1.0,1.0,100.0,3.0,4.0,75.0,2.0,4.0,50.0,96.2,110.0,80.0,80.0,30.7,12.4,13.0,2.0,5.0,1.0,0.0,3.0,18.0,1.0,1.0,3.0,4.0,2.0,4.0,28.3,1700.0
2827887,O. Chwieros,997158,CBI ELCHE X AITYSA INGENIERIA,,6,12.0,12.0,https://imagenes.feb.es/Foto.aspx?c=2827887,1,1,29.1,13.0,2.0,3.0,5.0,6.0,2.0,0.0,0.0,0.0,2.0,2.0,27.0,16.0,2.0,6.0,33.3,2.0,6.0,33.3,3.0,5.0,60.0,45.8,41.7,50.0,41.7,0.0,13.1,13.0,5.0,6.0,2.0,0.0,0.0,16.0,2.0,6.0,2.0,6.0,3.0,5.0,29.1,1744.0
2501312,K. Horton Duris,997158,CBI ELCHE X AITYSA INGENIERIA,,6,15.0,15.0,https://imagenes.feb.es/Foto.aspx?c=2501312,1,0,23.5,11.0,4.0,3.0,7.0,3.0,1.0,0.0,0.0,2.0,2.0,1.0,9.0,15.0,5.0,7.0,71.4,0.0,2.0,0.0,1.0,1.0,100.0,58.3,55.6,22.2,11.1,17.5,10.7,11.0,7.0,3.0,1.0,0.0,2.0,15.0,5.0,7.0,0.0,2.0,1.0,1.0,23.5,1409.0
2834622,F. Samake,997158,CBI ELCHE X AITYSA INGENIERIA,,6,6.0,6.0,https://imagenes.feb.es/Foto.aspx?c=2834622,1,0,14.3,7.0,1.0,1.0,2.0,0.0,3.0,0.0,1.0,2.0,2.0,3.0,17.0,4.0,3.0,8.0,37.5,0.0,1.0,0.0,1.0,2.0,50.0,35.4,33.3,11.1,22.2,16.8,2.7,7.0,2.0,0.0,3.0,0.0,2.0,4.0,3.0,8.0,0.0,1.0,1.0,2.0,14.3,860.0
2430736,J. Fernandez Garcia,997158,CBI ELCHE X AITYSA INGENIERIA,,6,28.0,28.0,https://imagenes.feb.es/Foto.aspx?c=2430736,1,0,11.5,6.0,1.0,2.0,3.0,0.0,0.0,0.0,0.0,1.0,3.0,2.0,-2.0,7.0,1.0,1.0,100.0,0.0,0.0,0.0,4.0,4.0,100.0,108.7,100.0,0.0,400.0,26.6,4.8,6.0,3.0,0.0,0.0,0.0,1.0,7.0,1.0,1.0,0.0,0.0,4.0,4.0,11.5,692.0
2309766,I. Montero Dugin,997158,CBI ELCHE X AITYSA INGENIERIA,,6,18.0,18.0,https://imagenes.feb.es/Foto.aspx?c=2309766,1,1,20.4,1.0,0.0,1.0,1.0,2.0,2.0,0.0,0.0,0.0,4.0,1.0,-2.0,-2.0,0.0,1.0,0.0,0.0,3.0,0.0,1.0,2.0,50.0,10.2,0.0,75.0,50.0,0.0,-0.1,1.0,1.0,2.0,2.0,0.0,0.0,-2.0,0.0,1.0,0.0,3.0,1.0,2.0,20.4,1221.0
2430724,D. Gomez Lumbreras,997158,CBI ELCHE X AITYSA INGENIERIA,,6,41.0,41.0,https://imagenes.feb.es/Foto.aspx?c=2430724,1,0,3.9,0.0,0.0,0.0,0.0,0.0,0.0,0.0,0.0,0.0,0.0,0.0,0.0,-1.0,0.0,0.0,0.0,0.0,1.0,0.0,0.0,0.0,0.0,0.0,0.0,100.0,0.0,0.0,-0.7,0.0,0.0,0.0,0.0,0.0,0.0,-1.0,0.0,0.0,0.0,1.0,0.0,0.0,3.9,235.0
2568015,K. Matei,997158,CBI ELCHE X AITYSA INGENIERIA,,6,1.0,1.0,https://imagenes.feb.es/Foto.aspx?c=2568015,1,0,0.7,0.0,0.0,0.0,0.0,0.0,0.0,0.0,0.0,0.0,0.0,0.0,1.0,0.0,0.0,0.0,0.0,0.0,0.0,0.0,0.0,0.0,0.0,0.0,0.0,0.0,0.0,0.0,0.0,0.0,0.0,0.0,0.0,0.0,0.0,0.0,0.0,0.0,0.0,0.0,0.0,0.0,0.7,39.0
2823302,E. Busilo,997158,CBI ELCHE X AITYSA INGENIERIA,,6,8.0,8.0,https://imagenes.feb.es/Foto.aspx?c=2823302,1,0,14.9,0.0,0.0,1.0,1.0,0.0,1.0,0.0,0.0,1.0,0.0,0.0,5.0,-4.0,0.0,4.0,0.0,0.0,1.0,0.0,0.0,0.0,0.0,0.0,0.0,20.0,0.0,16.7,-3.2,0.0,1.0,0.0,1.0,0.0,1.0,-4.0,0.0,4.0,0.0,1.0,0.0,0.0,14.9,894.0
2835514,M. Sangare,997158,CBI ELCHE X AITYSA INGENIERIA,,6,91.0,91.0,https://imagenes.feb.es/Foto.aspx?c=2835514,1,0,3.5,0.0,0.0,2.0,2.0,0.0,0.0,1.0,0.0,0.0,1.0,0.0,-1.0,2.0,0.0,0.0,0.0,0.0,0.0,0.0,0.0,0.0,0.0,0.0,0.0,0.0,0.0,0.0,0.9,0.0,2.0,0.0,0.0,1.0,0.0,2.0,0.0,0.0,0.0,0.0,0.0,0.0,3.5,212.0
2478961,R. Arada Juan,987569,CYD-LEONESA - COL. LEONÉS A,,6,5.0,5.0,https://imagenes.feb.es/Foto.aspx?c=2478961,1,0,24.7,16.0,3.0,5.0,8.0,2.0,0.0,0.0,0.0,0.0,2.0,3.0,26.0,18.0,5.0,9.0,55.6,1.0,2.0,50.0,3.0,7.0,42.9,56.8,59.1,18.2,63.6,0.0,13.3,16.0,8.0,2.0,0.0,0.0,0.0,18.0,5.0,9.0,1.0,2.0,3.0,7.0,24.7,1483.0
2481800,D. Gomez Gutierrez,987569,CYD-LEONESA - COL. LEONÉS A,,6,45.0,45.0,https://imagenes.feb.es/Foto.aspx?c=2481800,1,1,20.9,14.0,1.0,4.0,5.0,0.0,3.0,0.0,0.0,5.0,2.0,6.0,15.0,15.0,3.0,7.0,42.9,1.0,2.0,50.0,5.0,6.0,83.3,60.1,50.0,22.2,66.7,30.0,8.0,14.0,5.0,0.0,3.0,0.0,5.0,15.0,3.0,7.0,1.0,2.0,5.0,6.0,20.9,1252.0
2617807,N. Alija Perez,987569,CYD-LEONESA - COL. LEONÉS A,,6,11.0,11.0,https://imagenes.feb.es/Foto.aspx?c=2617807,1,0,21.9,12.0,1.0,3.0,4.0,1.0,1.0,1.0,0.0,1.0,3.0,3.0,9.0,14.0,3.0,5.0,60.0,1.0,3.0,33.3,3.0,3.0,100.0,64.4,56.2,37.5,37.5,9.7,9.8,12.0,4.0,1.0,1.0,1.0,1.0,14.0,3.0,5.0,1.0,3.0,3.0,3.0,21.9,1313.0
2351563,M. Garcia Gomez,987569,CYD-LEONESA - COL. LEONÉS A,,6,62.0,62.0,https://imagenes.feb.es/Foto.aspx?c=2351563,1,0,22.4,11.0,3.0,1.0,4.0,4.0,2.0,1.0,0.0,1.0,4.0,1.0,28.0,14.0,4.0,8.0,50.0,1.0,1.0,100.0,0.0,0.0,0.0,61.1,61.1,11.1,0.0,10.0,12.0,11.0,4.0,4.0,2.0,1.0,1.0,14.0,4.0,8.0,1.0,1.0,0.0,0.0,22.4,1343.0
2338194,D. Lozano Lopez,987569,CYD-LEONESA - COL. LEONÉS A,,6,44.0,44.0,https://imagenes.feb.es/Foto.aspx?c=2338194,1,1,13.8,10.0,0.0,2.0,2.0,2.0,1.0,0.0,0.0,2.0,4.0,4.0,15.0,7.0,3.0,4.0,75.0,0.0,3.0,0.0,4.0,6.0,66.7,51.9,42.9,42.9,85.7,17.2,4.9,10.0,2.0,2.0,1.0,0.0,2.0,7.0,3.0,4.0,0.0,3.0,4.0,6.0,13.8,828.0
2478393,H. Calzado Marcos,987569,CYD-LEONESA - COL. LEONÉS A,,6,46.0,46.0,https://imagenes.feb.es/Foto.aspx?c=2478393,1,1,20.2,10.0,3.0,8.0,11.0,2.0,0.0,1.0,0.0,2.0,3.0,6.0,12.0,14.0,3.0,8.0,37.5,0.0,1.0,0.0,4.0,9.0,44.4,38.6,33.3,11.1,100.0,13.4,6.3,10.0,11.0,2.0,0.0,1.0,2.0,14.0,3.0,8.0,0.0,1.0,4.0,9.0,20.2,1210.0
2478490,M. San Francisco Álvarez,987569,CYD-LEONESA - COL. LEONÉS A,,6,15.0,15.0,https://imagenes.feb.es/Foto.aspx?c=2478490,1,0,20.2,8.0,1.0,5.0,6.0,6.0,1.0,0.0,0.0,2.0,2.0,3.0,10.0,18.0,3.0,5.0,60.0,0.0,0.0,0.0,2.0,2.0,100.0,68.0,60.0,0.0,40.0,25.4,10.3,8.0,6.0,6.0,1.0,0.0,2.0,18.0,3.0,5.0,0.0,0.0,2.0,2.0,20.2,1212.0
2478511,A. Álvarez De La Varga,987569,CYD-LEONESA - COL. LEONÉS A,,6,63.0,63.0,https://imagenes.feb.es/Foto.aspx?c=2478511,1,0,8.7,5.0,1.0,1.0,2.0,1.0,1.0,0.0,0.0,0.0,1.0,2.0,6.0,7.0,1.0,1.0,100.0,1.0,1.0,100.0,0.0,3.0,0.0,75.3,125.0,50.0,150.0,0.0,5.5,5.0,2.0,1.0,1.0,0.0,0.0,7.0,1.0,1.0,1.0,1.0,0.0,3.0,8.7,524.0
2478921,R. Llamazares De La Puente,987569,CYD-LEONESA - COL. LEONÉS A,,6,67.0,67.0,https://imagenes.feb.es/Foto.aspx?c=2478921,1,0,16.6,4.0,0.0,4.0,4.0,3.0,2.0,0.0,0.0,3.0,4.0,2.0,20.0,4.0,0.0,2.0,0.0,0.0,2.0,0.0,4.0,4.0,100.0,34.7,0.0,50.0,100.0,34.2,1.9,4.0,4.0,3.0,2.0,0.0,3.0,4.0,0.0,2.0,0.0,2.0,4.0,4.0,16.6,996.0
2478434,J. Casares Termenón,987569,CYD-LEONESA - COL. LEONÉS A,,6,68.0,68.0,https://imagenes.feb.es/Foto.aspx?c=2478434,1,1,13.6,1.0,0.0,6.0,6.0,2.0,2.0,0.0,0.0,2.0,2.0,1.0,13.0,7.0,0.0,0.0,0.0,0.0,0.0,0.0,1.0,2.0,50.0,56.8,0.0,0.0,0.0,69.4,3.0,1.0,6.0,2.0,2.0,0.0,2.0,7.0,0.0,0.0,0.0,0.0,1.0,2.0,13.6,818.0
2478491,M. San Francisco Álvarez,987569,CYD-LEONESA - COL. LEONÉS A,,6,10.0,10.0,https://imagenes.feb.es/Foto.aspx?c=2478491,1,1,10.5,1.0,1.0,4.0,5.0,0.0,2.0,0.0,0.0,1.0,2.0,2.0,4.0,2.0,0.0,0.0,0.0,0.0,2.0,0.0,1.0,4.0,25.0,13.3,0.0,100.0,200.0,21.0,0.5,1.0,5.0,0.0,2.0,0.0,1.0,2.0,0.0,0.0,0.0,2.0,1.0,4.0,10.5,628.0
2478669,R. González Alonso-Gasco,987569,CYD-LEONESA - COL. LEONÉS A,,6,93.0,93.0,https://imagenes.feb.es/Foto.aspx?c=2478669,1,0,6.5,0.0,0.0,2.0,2.0,1.0,0.0,0.0,0.0,1.0,1.0,0.0,7.0,0.0,0.0,0.0,0.0,0.0,1.0,0.0,0.0,0.0,0.0,0.0,0.0,100.0,0.0,50.0,-0.8,0.0,2.0,1.0,0.0,0.0,1.0,0.0,0.0,0.0,0.0,1.0,0.0,0.0,6.5,393.0
2582677,M. García Verdejo,984795,EBA,,6,91.0,91.0,https://imagenes.feb.es/Foto.aspx?c=2582677,1,1,29.1,11.0,4.0,5.0,9.0,0.0,1.0,0.0,0.0,5.0,3.0,2.0,-21.0,7.0,5.0,9.0,55.6,0.0,2.0,0.0,1.0,3.0,33.3,44.6,45.5,18.2,27.3,28.9,3.6,11.0,9.0,0.0,1.0,0.0,5.0,7.0,5.0,9.0,0.0,2.0,1.0,3.0,29.1,1747.0
2525146,A. Saez Contreras,984795,EBA,,6,20.0,20.0,https://imagenes.feb.es/Foto.aspx?c=2525146,1,0,18.2,10.0,0.0,3.0,3.0,2.0,1.0,1.0,0.0,1.0,0.0,1.0,6.0,11.0,2.0,4.0,50.0,2.0,6.0,33.3,0.0,0.0,0.0,50.0,50.0,60.0,0.0,9.1,7.6,10.0,3.0,2.0,1.0,1.0,1.0,11.0,2.0,4.0,2.0,6.0,0.0,0.0,18.2,1092.0
2446667,I. Montero Perez,984795,EBA,,6,13.0,13.0,https://imagenes.feb.es/Foto.aspx?c=2446667,1,0,19.9,9.0,2.0,3.0,5.0,0.0,1.0,0.0,0.0,5.0,3.0,5.0,-12.0,3.0,4.0,9.0,44.4,0.0,1.0,0.0,1.0,4.0,25.0,38.3,40.0,10.0,40.0,29.8,-0.5,9.0,5.0,0.0,1.0,0.0,5.0,3.0,4.0,9.0,0.0,1.0,1.0,4.0,19.9,1195.0
2445384,M. Corcoles Egido,984795,EBA,,6,17.0,17.0,https://imagenes.feb.es/Foto.aspx?c=2445384,1,0,16.9,8.0,3.0,2.0,5.0,0.0,1.0,0.0,0.0,3.0,1.0,1.0,-1.0,10.0,4.0,5.0,80.0,0.0,0.0,0.0,0.0,0.0,0.0,80.0,80.0,0.0,0.0,37.5,6.4,8.0,5.0,0.0,1.0,0.0,3.0,10.0,4.0,5.0,0.0,0.0,0.0,0.0,16.9,1016.0
2446542,S. Saez Sanchez,984795,EBA,,6,30.0,30.0,https://imagenes.feb.es/Foto.aspx?c=2446542,1,1,15.0,8.0,0.0,4.0,4.0,1.0,0.0,0.0,0.0,1.0,2.0,3.0,-1.0,11.0,2.0,4.0,50.0,0.0,0.0,0.0,4.0,4.0,100.0,69.4,50.0,0.0,100.0,14.8,6.1,8.0,4.0,1.0,0.0,0.0,1.0,11.0,2.0,4.0,0.0,0.0,4.0,4.0,15.0,902.0
2446653,J. Villajos Márquez,984795,EBA,,6,45.0,45.0,https://imagenes.feb.es/Foto.aspx?c=2446653,1,1,22.1,8.0,1.0,0.0,1.0,1.0,1.0,0.0,0.0,1.0,3.0,2.0,-6.0,6.0,3.0,5.0,60.0,0.0,0.0,0.0,2.0,3.0,66.7,63.3,60.0,0.0,60.0,13.7,5.5,8.0,1.0,1.0,1.0,0.0,1.0,6.0,3.0,5.0,0.0,0.0,2.0,3.0,22.1,1323.0
2494696,A. Atienzar Charco,984795,EBA,,6,29.0,29.0,https://imagenes.feb.es/Foto.aspx?c=2494696,1,0,21.4,8.0,1.0,3.0,4.0,0.0,0.0,0.0,0.0,3.0,4.0,3.0,14.0,1.0,2.0,5.0,40.0,0.0,2.0,0.0,4.0,6.0,66.7,41.5,28.6,28.6,85.7,23.7,0.1,8.0,4.0,0.0,0.0,0.0,3.0,1.0,2.0,5.0,0.0,2.0,4.0,6.0,21.4,1286.0
2446666,J. Lopez Azorin,984795,EBA,,6,23.0,23.0,https://imagenes.feb.es/Foto.aspx?c=2446666,1,1,17.8,6.0,1.0,4.0,5.0,1.0,1.0,0.0,0.0,1.0,3.0,1.0,-14.0,7.0,2.0,4.0,50.0,0.0,1.0,0.0,2.0,2.0,100.0,51.0,40.0,20.0,40.0,14.5,4.7,6.0,5.0,1.0,1.0,0.0,1.0,7.0,2.0,4.0,0.0,1.0,2.0,2.0,17.8,1069.0
2446663,A. Cantero Campillo,984795,EBA,,6,12.0,12.0,https://imagenes.feb.es/Foto.aspx?c=2446663,1,0,9.3,4.0,0.0,0.0,0.0,0.0,0.0,0.0,0.0,1.0,1.0,0.0,-7.0,2.0,2.0,2.0,100.0,0.0,0.0,0.0,0.0,0.0,0.0,100.0,100.0,0.0,0.0,33.3,2.0,4.0,0.0,0.0,0.0,0.0,1.0,2.0,2.0,2.0,0.0,0.0,0.0,0.0,9.3,558.0
2830322,D. Gomez Garcia,984795,EBA,,6,52.0,52.0,https://imagenes.feb.es/Foto.aspx?c=2830322,1,0,11.9,3.0,0.0,6.0,6.0,1.0,0.0,0.0,0.0,0.0,4.0,2.0,12.0,4.0,1.0,3.0,33.3,0.0,0.0,0.0,1.0,3.0,33.3,34.7,33.3,0.0,100.0,0.0,1.4,3.0,6.0,1.0,0.0,0.0,0.0,4.0,1.0,3.0,0.0,0.0,1.0,3.0,11.9,714.0
2782644,N. Martínez Sevilla,984795,EBA,,6,90.0,90.0,https://imagenes.feb.es/Foto.aspx?c=2782644,1,1,18.3,0.0,0.0,3.0,3.0,0.0,0.0,0.0,0.0,2.0,3.0,0.0,-10.0,-4.0,0.0,1.0,0.0,0.0,1.0,0.0,0.0,0.0,0.0,0.0,0.0,50.0,0.0,50.0,-3.7,0.0,3.0,0.0,0.0,0.0,2.0,-4.0,0.0,1.0,0.0,1.0,0.0,0.0,18.3,1098.0
2556806,P. Alaña Unzue,984034,FUNDACION BILBAO BASKET FUNDAZIOA,,6,30.0,30.0,https://imagenes.feb.es/Foto.aspx?c=2556806,1,1,26.7,17.0,0.0,3.0,3.0,5.0,4.0,2.0,0.0,8.0,1.0,7.0,-15.0,14.0,3.0,5.0,60.0,2.0,7.0,28.6,5.0,13.0,38.5,48.0,50.0,58.3,108.3,31.1,8.8,17.0,3.0,5.0,4.0,2.0,8.0,14.0,3.0,5.0,2.0,7.0,5.0,13.0,26.7,1600.0
2744279,A. Iglesias Galan,984034,FUNDACION BILBAO BASKET FUNDAZIOA,,6,36.0,36.0,https://imagenes.feb.es/Foto.aspx?c=2744279,1,1,23.2,15.0,3.0,1.0,4.0,1.0,0.0,0.0,0.0,3.0,2.0,1.0,-2.0,10.0,4.0,7.0,57.1,2.0,4.0,50.0,1.0,2.0,50.0,63.1,63.6,36.4,18.2,20.2,8.6,15.0,4.0,1.0,0.0,0.0,3.0,10.0,4.0,7.0,2.0,4.0,1.0,2.0,23.2,1391.0
2650140,A. Morón Gutiérrez,984034,FUNDACION BILBAO BASKET FUNDAZIOA,,6,33.0,33.0,https://imagenes.feb.es/Foto.aspx?c=2650140,1,1,25.3,13.0,3.0,4.0,7.0,2.0,0.0,0.0,1.0,6.0,3.0,4.0,-7.0,4.0,5.0,13.0,38.5,0.0,3.0,0.0,3.0,5.0,60.0,35.7,31.2,18.8,31.2,24.8,0.5,13.0,7.0,2.0,0.0,0.0,6.0,4.0,5.0,13.0,0.0,3.0,3.0,5.0,25.3,1517.0
2801197,I. Nuevo Esquivel,984034,FUNDACION BILBAO BASKET FUNDAZIOA,,6,25.0,25.0,https://imagenes.feb.es/Foto.aspx?c=2801197,1,1,20.9,6.0,3.0,3.0,6.0,2.0,2.0,0.0,0.0,1.0,4.0,0.0,-13.0,7.0,0.0,1.0,0.0,2.0,5.0,40.0,0.0,0.0,0.0,50.0,50.0,83.3,0.0,14.3,6.4,6.0,6.0,2.0,2.0,0.0,1.0,7.0,0.0,1.0,2.0,5.0,0.0,0.0,20.9,1256.0
2790898,M. Vera Terradas,984034,FUNDACION BILBAO BASKET FUNDAZIOA,,6,29.0,29.0,https://imagenes.feb.es/Foto.aspx?c=2790898,1,0,7.3,5.0,0.0,0.0,0.0,0.0,0.0,0.0,0.0,2.0,0.0,1.0,0.0,2.0,0.0,1.0,0.0,1.0,2.0,50.0,2.0,2.0,100.0,64.4,50.0,66.7,66.7,34.0,1.3,5.0,0.0,0.0,0.0,0.0,2.0,2.0,0.0,1.0,1.0,2.0,2.0,2.0,7.3,439.0
2621842,G. De Las Heras Pérez,984034,FUNDACION BILBAO BASKET FUNDAZIOA,,6,28.0,28.0,https://imagenes.feb.es/Foto.aspx?c=2621842,1,0,10.3,4.0,1.0,0.0,1.0,1.0,1.0,0.0,0.0,0.0,2.0,1.0,-8.0,5.0,2.0,2.0,100.0,0.0,1.0,0.0,0.0,0.0,0.0,66.7,66.7,33.3,0.0,0.0,4.3,4.0,1.0,1.0,1.0,0.0,0.0,5.0,2.0,2.0,0.0,1.0,0.0,0.0,10.3,621.0
2650142,I. Urquijo Villaran,984034,FUNDACION BILBAO BASKET FUNDAZIOA,,6,27.0,27.0,https://imagenes.feb.es/Foto.aspx?c=2650142,1,0,19.1,4.0,1.0,2.0,3.0,0.0,2.0,0.0,1.0,2.0,0.0,0.0,-12.0,2.0,2.0,5.0,40.0,0.0,2.0,0.0,0.0,0.0,0.0,28.6,28.6,28.6,0.0,22.2,1.2,4.0,3.0,0.0,2.0,0.0,2.0,2.0,2.0,5.0,0.0,2.0,0.0,0.0,19.1,1144.0
2650141,I. Garay Pantoja,984034,FUNDACION BILBAO BASKET FUNDAZIOA,,6,35.0,35.0,https://imagenes.feb.es/Foto.aspx?c=2650141,1,1,26.8,2.0,0.0,9.0,9.0,6.0,1.0,0.0,0.0,2.0,4.0,0.0,-17.0,7.0,1.0,1.0,100.0,0.0,5.0,0.0,0.0,0.0,0.0,16.7,16.7,83.3,0.0,25.0,2.5,2.0,9.0,6.0,1.0,0.0,2.0,7.0,1.0,1.0,0.0,5.0,0.0,0.0,26.8,1610.0
2621840,E. Sardui Arrieta,984034,FUNDACION BILBAO BASKET FUNDAZIOA,,6,32.0,32.0,https://imagenes.feb.es/Foto.aspx?c=2621840,1,0,6.8,0.0,0.0,3.0,3.0,0.0,0.0,0.0,0.0,1.0,0.0,1.0,1.0,3.0,0.0,0.0,0.0,0.0,0.0,0.0,0.0,0.0,0.0,0.0,0.0,0.0,0.0,100.0,-0.1,0.0,3.0,0.0,0.0,0.0,1.0,3.0,0.0,0.0,0.0,0.0,0.0,0.0,6.8,409.0
2744278,I. Feith Uresandi,984034,FUNDACION BILBAO BASKET FUNDAZIOA,,6,37.0,37.0,https://imagenes.feb.es/Foto.aspx?c=2744278,1,0,11.2,0.0,0.0,0.0,0.0,0.0,0.0,0.0,0.0,0.0,3.0,1.0,-12.0,-4.0,0.0,0.0,0.0,0.0,0.0,0.0,0.0,2.0,0.0,0.0,0.0,0.0,0.0,0.0,-2.0,0.0,0.0,0.0,0.0,0.0,0.0,-4.0,0.0,0.0,0.0,0.0,0.0,2.0,11.2,673.0
2744280,M. Ochoa Lopez,984034,FUNDACION BILBAO BASKET FUNDAZIOA,,6,31.0,31.0,https://imagenes.feb.es/Foto.aspx?c=2744280,1,0,3.1,0.0,0.0,1.0,1.0,0.0,0.0,0.0,0.0,0.0,1.0,0.0,2.0,0.0,0.0,0.0,0.0,0.0,0.0,0.0,0.0,0.0,0.0,0.0,0.0,0.0,0.0,0.0,-0.1,0.0,1.0,0.0,0.0,0.0,0.0,0.0,0.0,0.0,0.0,0.0,0.0,0.0,3.1,185.0
2744281,U. Unzueta Muñoz,984034,FUNDACION BILBAO BASKET FUNDAZIOA,,6,26.0,26.0,https://imagenes.feb.es/Foto.aspx?c=2744281,1,0,19.2,0.0,0.0,1.0,1.0,1.0,1.0,0.0,1.0,0.0,1.0,0.0,-12.0,0.0,0.0,2.0,0.0,0.0,0.0,0.0,0.0,0.0,0.0,0.0,0.0,0.0,0.0,0.0,0.2,0.0,1.0,1.0,1.0,0.0,0.0,0.0,0.0,2.0,0.0,0.0,0.0,0.0,19.2,1155.0
2340659,C. Udeozor,989012,GAZTE BERRIAK,,6,23.0,23.0,https://imagenes.feb.es/Foto.aspx?c=2340659,1,1,29.8,25.0,4.0,9.0,13.0,0.0,1.0,4.0,0.0,3.0,2.0,9.0,-20.0,33.0,10.0,17.0,58.8,0.0,1.0,0.0,5.0,11.0,45.5,54.7,55.6,5.6,61.1,11.6,19.5,25.0,13.0,0.0,1.0,4.0,3.0,33.0,10.0,17.0,0.0,1.0,5.0,11.0,29.8,1787.0
2388636,U. Jusue Berzal,989012,GAZTE BERRIAK,,6,3.0,3.0,https://imagenes.feb.es/Foto.aspx?c=2388636,1,1,23.9,19.0,0.0,2.0,2.0,3.0,3.0,0.0,0.0,2.0,4.0,2.0,-1.0,18.0,5.0,8.0,62.5,3.0,5.0,60.0,0.0,0.0,0.0,73.1,73.1,38.5,0.0,13.3,15.2,19.0,2.0,3.0,3.0,0.0,2.0,18.0,5.0,8.0,3.0,5.0,0.0,0.0,23.9,1436.0
2388974,G. Abodefi,989012,GAZTE BERRIAK,,6,36.0,36.0,https://imagenes.feb.es/Foto.aspx?c=2388974,1,0,22.4,10.0,0.0,7.0,7.0,1.0,0.0,0.0,0.0,3.0,2.0,4.0,-4.0,14.0,1.0,3.0,33.3,1.0,1.0,100.0,5.0,6.0,83.3,75.3,62.5,25.0,150.0,31.1,6.6,10.0,7.0,1.0,0.0,0.0,3.0,14.0,1.0,3.0,1.0,1.0,5.0,6.0,22.4,1344.0
2340542,I. Juarez Viana,989012,GAZTE BERRIAK,,6,18.0,18.0,https://imagenes.feb.es/Foto.aspx?c=2340542,1,1,26.3,9.0,1.0,3.0,4.0,1.0,0.0,0.0,1.0,3.0,1.0,2.0,-24.0,7.0,2.0,5.0,40.0,1.0,3.0,33.3,2.0,2.0,100.0,50.7,43.8,37.5,25.0,25.3,3.5,9.0,4.0,1.0,0.0,0.0,3.0,7.0,2.0,5.0,1.0,3.0,2.0,2.0,26.3,1579.0
2562371,X. Sorozabal Echeverria,989012,GAZTE BERRIAK,,6,9.0,9.0,https://imagenes.feb.es/Foto.aspx?c=2562371,1,1,22.4,6.0,0.0,4.0,4.0,0.0,0.0,0.0,0.0,5.0,2.0,0.0,-19.0,-4.0,0.0,3.0,0.0,2.0,6.0,33.3,0.0,0.0,0.0,33.3,33.3,66.7,0.0,35.7,-4.1,6.0,4.0,0.0,0.0,0.0,5.0,-4.0,0.0,3.0,2.0,6.0,0.0,0.0,22.4,1344.0
2340547,I. Aspurz Galan,989012,GAZTE BERRIAK,,6,7.0,7.0,https://imagenes.feb.es/Foto.aspx?c=2340547,1,0,19.1,2.0,1.0,1.0,2.0,0.0,1.0,0.0,0.0,0.0,2.0,0.0,3.0,-1.0,1.0,5.0,20.0,0.0,0.0,0.0,0.0,0.0,0.0,20.0,20.0,0.0,0.0,0.0,0.1,2.0,2.0,0.0,1.0,0.0,0.0,-1.0,1.0,5.0,0.0,0.0,0.0,0.0,19.1,1144.0
2388564,E. Iriarte Tapiz,989012,GAZTE BERRIAK,,6,30.0,30.0,https://imagenes.feb.es/Foto.aspx?c=2388564,1,1,23.3,0.0,1.0,2.0,3.0,0.0,0.0,0.0,0.0,0.0,2.0,0.0,-18.0,-3.0,0.0,4.0,0.0,0.0,0.0,0.0,0.0,0.0,0.0,0.0,0.0,0.0,0.0,0.0,-2.3,0.0,3.0,0.0,0.0,0.0,0.0,-3.0,0.0,4.0,0.0,0.0,0.0,0.0,23.3,1397.0
2475049,A. Kostyuk Mandzyn,989012,GAZTE BERRIAK,,6,41.0,41.0,https://imagenes.feb.es/Foto.aspx?c=2475049,1,0,6.3,0.0,0.0,0.0,0.0,0.0,1.0,0.0,0.0,0.0,0.0,0.0,-1.0,0.0,0.0,0.0,0.0,0.0,1.0,0.0,0.0,0.0,0.0,0.0,0.0,100.0,0.0,0.0,0.3,0.0,0.0,0.0,1.0,0.0,0.0,0.0,0.0,0.0,0.0,1.0,0.0,0.0,6.3,380.0
2625424,G. Lopez Salas,989012,GAZTE BERRIAK,,6,35.0,35.0,https://imagenes.feb.es/Foto.aspx?c=2625424,1,0,19.2,0.0,0.0,2.0,2.0,2.0,0.0,0.0,0.0,0.0,1.0,1.0,13.0,-1.0,0.0,4.0,0.0,0.0,1.0,0.0,0.0,0.0,0.0,0.0,0.0,20.0,0.0,0.0,-1.9,0.0,2.0,2.0,0.0,0.0,0.0,-1.0,0.0,4.0,0.0,1.0,0.0,0.0,19.2,1151.0
2781419,H. Irisarri Zurbano,989012,GAZTE BERRIAK,,6,14.0,14.0,https://imagenes.feb.es/Foto.aspx?c=2781419,1,0,7.3,0.0,0.0,0.0,0.0,1.0,0.0,0.0,0.0,2.0,0.0,0.0,-9.0,-1.0,0.0,0.0,0.0,0.0,0.0,0.0,0.0,0.0,0.0,0.0,0.0,0.0,0.0,100.0,-1.3,0.0,0.0,1.0,0.0,0.0,2.0,-1.0,0.0,0.0,0.0,0.0,0.0,0.0,7.3,438.0
2573616,G. Gil Vargas,1000014,INSOLAC CB ALCALÁ CAJA87 2010,,6,N/A,,https://imagenes.feb.es/Foto.aspx?c=2573616,1,1,25.8,34.0,1.0,2.0,3.0,0.0,4.0,0.0,1.0,1.0,2.0,6.0,-18.0,29.0,9.0,17.0,52.9,3.0,7.0,42.9,7.0,10.0,70.0,59.9,56.2,29.2,41.7,3.4,24.3,34.0,3.0,0.0,4.0,0.0,1.0,29.0,9.0,17.0,3.0,7.0,7.0,10.0,25.8,1547.0
2068439,H. Murillo Pons,1000014,INSOLAC CB ALCALÁ CAJA87 2010,,6,N/A,,https://imagenes.feb.es/Foto.aspx?c=2068439,1,0,30.5,8.0,1.0,7.0,8.0,1.0,0.0,1.0,0.0,1.0,2.0,2.0,-27.0,8.0,0.0,2.0,0.0,2.0,9.0,22.2,2.0,2.0,100.0,33.7,27.3,81.8,18.2,7.8,3.5,8.0,8.0,1.0,0.0,1.0,1.0,8.0,0.0,2.0,2.0,9.0,2.0,2.0,30.5,1832.0
2573753,J. Romero Madroñal,1000014,INSOLAC CB ALCALÁ CAJA87 2010,,6,N/A,,https://imagenes.feb.es/Foto.aspx?c=2573753,1,1,25.5,7.0,1.0,2.0,3.0,1.0,0.0,0.0,0.0,2.0,1.0,2.0,-31.0,1.0,2.0,5.0,40.0,1.0,7.0,14.3,0.0,0.0,0.0,29.2,29.2,58.3,0.0,14.3,-0.6,7.0,3.0,1.0,0.0,0.0,2.0,1.0,2.0,5.0,1.0,7.0,0.0,0.0,25.5,1528.0
2417084,A. Delgado Borrallo,1000014,INSOLAC CB ALCALÁ CAJA87 2010,,6,N/A,,https://imagenes.feb.es/Foto.aspx?c=2417084,1,0,24.8,5.0,1.0,2.0,3.0,2.0,0.0,0.0,1.0,1.0,0.0,0.0,-19.0,5.0,1.0,2.0,50.0,1.0,4.0,25.0,0.0,0.0,0.0,41.7,41.7,66.7,0.0,14.3,3.3,5.0,3.0,2.0,0.0,0.0,1.0,5.0,1.0,2.0,1.0,4.0,0.0,0.0,24.8,1486.0
2409787,Á. González Trujillo,1000014,INSOLAC CB ALCALÁ CAJA87 2010,,6,N/A,,https://imagenes.feb.es/Foto.aspx?c=2409787,1,0,14.7,2.0,0.0,1.0,1.0,0.0,0.0,0.0,0.0,1.0,0.0,0.0,-21.0,-6.0,1.0,4.0,25.0,0.0,5.0,0.0,0.0,0.0,0.0,11.1,11.1,55.6,0.0,10.0,-4.6,2.0,1.0,0.0,0.0,0.0,1.0,-6.0,1.0,4.0,0.0,5.0,0.0,0.0,14.7,881.0
2447645,J. Cuscó Fernández,1000014,INSOLAC CB ALCALÁ CAJA87 2010,,6,N/A,,https://imagenes.feb.es/Foto.aspx?c=2447645,1,0,8.5,2.0,0.0,1.0,1.0,0.0,0.0,0.0,0.0,0.0,0.0,1.0,-16.0,2.0,1.0,1.0,100.0,0.0,2.0,0.0,0.0,0.0,0.0,33.3,33.3,66.7,0.0,0.0,0.6,2.0,1.0,0.0,0.0,0.0,0.0,2.0,1.0,1.0,0.0,2.0,0.0,0.0,8.5,510.0
2592719,C. Lozano Daza,1000014,INSOLAC CB ALCALÁ CAJA87 2010,,6,N/A,,https://imagenes.feb.es/Foto.aspx?c=2592719,1,1,24.4,2.0,1.0,3.0,4.0,0.0,0.0,0.0,0.0,1.0,2.0,0.0,-24.0,0.0,1.0,3.0,33.3,0.0,1.0,0.0,0.0,0.0,0.0,25.0,25.0,25.0,0.0,20.0,-0.6,2.0,4.0,0.0,0.0,0.0,1.0,0.0,1.0,3.0,0.0,1.0,0.0,0.0,24.4,1463.0
2658498,J. Rodríguez Martínez,1000014,INSOLAC CB ALCALÁ CAJA87 2010,,6,N/A,,https://imagenes.feb.es/Foto.aspx?c=2658498,1,1,21.0,2.0,2.0,3.0,5.0,0.0,0.0,0.0,0.0,1.0,2.0,1.0,-28.0,3.0,1.0,3.0,33.3,0.0,0.0,0.0,0.0,0.0,0.0,33.3,33.3,0.0,0.0,25.0,0.8,2.0,5.0,0.0,0.0,0.0,1.0,3.0,1.0,3.0,0.0,0.0,0.0,0.0,21.0,1259.0
2417150,G. Pedros Ayago,1000014,INSOLAC CB ALCALÁ CAJA87 2010,,6,N/A,,https://imagenes.feb.es/Foto.aspx?c=2417150,1,0,11.2,0.0,0.0,0.0,0.0,0.0,0.0,0.0,1.0,4.0,0.0,3.0,-23.0,-6.0,0.0,2.0,0.0,0.0,3.0,0.0,0.0,0.0,0.0,0.0,0.0,60.0,0.0,44.4,-7.5,0.0,0.0,0.0,0.0,0.0,4.0,-6.0,0.0,2.0,0.0,3.0,0.0,0.0,11.2,672.0
2571881,M. Jiménez González,1000014,INSOLAC CB ALCALÁ CAJA87 2010,,6,N/A,,https://imagenes.feb.es/Foto.aspx?c=2571881,1,1,8.1,0.0,0.0,2.0,2.0,1.0,0.0,0.0,1.0,1.0,2.0,0.0,-8.0,-1.0,0.0,1.0,0.0,0.0,0.0,0.0,0.0,0.0,0.0,0.0,0.0,0.0,0.0,50.0,-1.2,0.0,2.0,1.0,0.0,0.0,1.0,-1.0,0.0,1.0,0.0,0.0,0.0,0.0,8.1,484.0
2572474,F. Bermudez Garcia,1000014,INSOLAC CB ALCALÁ CAJA87 2010,,6,N/A,,https://imagenes.feb.es/Foto.aspx?c=2572474,1,0,5.6,0.0,0.0,0.0,0.0,0.0,0.0,0.0,0.0,0.0,1.0,0.0,-15.0,-1.0,0.0,0.0,0.0,0.0,0.0,0.0,0.0,0.0,0.0,0.0,0.0,0.0,0.0,0.0,-0.4,0.0,0.0,0.0,0.0,0.0,0.0,-1.0,0.0,0.0,0.0,0.0,0.0,0.0,5.6,338.0
2154246,I. Perez Vasco,981968,JOVENTUT BADALONA A,,6,4.0,4.0,https://imagenes.feb.es/Foto.aspx?c=2154246,1,1,34.9,28.0,3.0,7.0,10.0,2.0,4.0,1.0,0.0,4.0,2.0,5.0,9.0,28.0,9.0,14.0,64.3,1.0,10.0,10.0,7.0,9.0,77.8,50.1,43.8,41.7,37.5,12.5,19.9,28.0,10.0,2.0,4.0,1.0,4.0,28.0,9.0,14.0,1.0,10.0,7.0,9.0,34.9,2092.0
2256279,G. Freixa Casals,981968,JOVENTUT BADALONA A,,6,13.0,13.0,https://imagenes.feb.es/Foto.aspx?c=2256279,1,0,26.6,10.0,6.0,5.0,11.0,0.0,4.0,1.0,0.0,1.0,2.0,3.0,12.0,25.0,4.0,5.0,80.0,0.0,0.0,0.0,2.0,2.0,100.0,85.0,80.0,0.0,40.0,14.5,16.7,10.0,11.0,0.0,4.0,1.0,1.0,25.0,4.0,5.0,0.0,0.0,2.0,2.0,26.6,1593.0
2198044,P. Escuert Martín,981968,JOVENTUT BADALONA A,,6,11.0,11.0,https://imagenes.feb.es/Foto.aspx?c=2198044,1,0,21.6,9.0,1.0,5.0,6.0,3.0,1.0,2.0,0.0,5.0,3.0,4.0,16.0,8.0,3.0,5.0,60.0,0.0,3.0,0.0,3.0,7.0,42.9,40.6,37.5,37.5,87.5,31.1,3.5,9.0,6.0,3.0,1.0,2.0,5.0,8.0,3.0,5.0,0.0,3.0,3.0,7.0,21.6,1295.0
2256602,G. Lopez Pino,981968,JOVENTUT BADALONA A,,6,10.0,10.0,https://imagenes.feb.es/Foto.aspx?c=2256602,1,0,26.0,9.0,2.0,7.0,9.0,2.0,1.0,0.0,0.0,6.0,2.0,4.0,3.0,10.0,2.0,7.0,28.6,1.0,3.0,33.3,2.0,2.0,100.0,41.4,35.0,30.0,20.0,35.5,2.3,9.0,9.0,2.0,1.0,0.0,6.0,10.0,2.0,7.0,1.0,3.0,2.0,2.0,26.0,1561.0
2244519,P. Gil Martin,981968,JOVENTUT BADALONA A,,6,35.0,35.0,https://imagenes.feb.es/Foto.aspx?c=2244519,1,0,19.1,7.0,1.0,1.0,2.0,0.0,2.0,0.0,1.0,2.0,1.0,1.0,7.0,1.0,0.0,0.0,0.0,2.0,9.0,22.2,1.0,2.0,50.0,35.4,33.3,100.0,22.2,16.8,1.7,7.0,2.0,0.0,2.0,0.0,2.0,1.0,0.0,0.0,2.0,9.0,1.0,2.0,19.1,1145.0
2815792,D. Kudela,981968,JOVENTUT BADALONA A,,6,21.0,21.0,https://imagenes.feb.es/Foto.aspx?c=2815792,1,1,28.3,5.0,0.0,3.0,3.0,6.0,1.0,0.0,0.0,0.0,1.0,0.0,16.0,8.0,1.0,4.0,25.0,1.0,4.0,25.0,0.0,0.0,0.0,31.2,31.2,50.0,0.0,0.0,5.9,5.0,3.0,6.0,1.0,0.0,0.0,8.0,1.0,4.0,1.0,4.0,0.0,0.0,28.3,1699.0
2256824,P. Nieto Lozano,981968,JOVENTUT BADALONA A,,6,12.0,12.0,https://imagenes.feb.es/Foto.aspx?c=2256824,1,1,15.6,4.0,3.0,3.0,6.0,1.0,2.0,1.0,1.0,0.0,2.0,3.0,4.0,14.0,2.0,3.0,66.7,0.0,0.0,0.0,0.0,0.0,0.0,66.7,66.7,0.0,0.0,0.0,8.3,4.0,6.0,1.0,2.0,1.0,0.0,14.0,2.0,3.0,0.0,0.0,0.0,0.0,15.6,933.0
2318813,M. Lopez Martínez,981968,JOVENTUT BADALONA A,,6,2.0,2.0,https://imagenes.feb.es/Foto.aspx?c=2318813,1,0,15.4,2.0,1.0,1.0,2.0,0.0,1.0,0.0,0.0,0.0,3.0,2.0,-1.0,-2.0,0.0,0.0,0.0,0.0,4.0,0.0,2.0,4.0,50.0,17.4,0.0,100.0,100.0,0.0,-0.8,2.0,2.0,0.0,1.0,0.0,0.0,-2.0,0.0,0.0,0.0,4.0,2.0,4.0,15.4,925.0
2216160,A. Pique Baraza,981968,JOVENTUT BADALONA A,,6,9.0,9.0,https://imagenes.feb.es/Foto.aspx?c=2216160,1,1,19.9,0.0,1.0,0.0,1.0,4.0,2.0,0.0,0.0,0.0,2.0,1.0,-1.0,-1.0,0.0,0.0,0.0,0.0,5.0,0.0,0.0,2.0,0.0,0.0,0.0,100.0,40.0,0.0,0.4,0.0,1.0,4.0,2.0,0.0,0.0,-1.0,0.0,0.0,0.0,5.0,0.0,2.0,19.9,1196.0
2357870,D. Duran Quintanilla,981968,JOVENTUT BADALONA A,,6,55.0,55.0,https://imagenes.feb.es/Foto.aspx?c=2357870,1,0,2.4,0.0,0.0,0.0,0.0,0.0,0.0,0.0,0.0,0.0,0.0,0.0,-2.0,0.0,0.0,0.0,0.0,0.0,0.0,0.0,0.0,0.0,0.0,0.0,0.0,0.0,0.0,0.0,0.0,0.0,0.0,0.0,0.0,0.0,0.0,0.0,0.0,0.0,0.0,0.0,0.0,0.0,2.4,141.0
2358471,X. Cruz Hernàndez,981968,JOVENTUT BADALONA A,,6,24.0,24.0,https://imagenes.feb.es/Foto.aspx?c=2358471,1,1,15.3,0.0,0.0,2.0,2.0,0.0,1.0,0.0,0.0,0.0,0.0,0.0,7.0,-2.0,0.0,2.0,0.0,0.0,3.0,0.0,0.0,0.0,0.0,0.0,0.0,60.0,0.0,0.0,-1.9,0.0,2.0,0.0,1.0,0.0,0.0,-2.0,0.0,2.0,0.0,3.0,0.0,0.0,15.3,920.0
2287040,C. Arpón Carmona,999068,LA SALLE,,6,19.0,19.0,https://imagenes.feb.es/Foto.aspx?c=2287040,1,1,34.2,22.0,3.0,13.0,16.0,1.0,1.0,0.0,1.0,2.0,4.0,12.0,-26.0,21.0,5.0,15.0,33.3,1.0,3.0,33.3,9.0,22.0,40.9,39.7,36.1,16.7,122.2,6.7,10.7,22.0,16.0,1.0,1.0,0.0,2.0,21.0,5.0,15.0,1.0,3.0,9.0,22.0,34.2,2054.0
2198836,J. Santos Garcia,999068,LA SALLE,,6,15.0,15.0,https://imagenes.feb.es/Foto.aspx?c=2198836,1,1,21.9,10.0,1.0,3.0,4.0,1.0,2.0,0.0,1.0,2.0,4.0,2.0,-4.0,9.0,5.0,9.0,55.6,0.0,0.0,0.0,0.0,0.0,0.0,55.6,55.6,0.0,0.0,18.2,6.4,10.0,4.0,1.0,2.0,0.0,2.0,9.0,5.0,9.0,0.0,0.0,0.0,0.0,21.9,1312.0
2231480,A. Ortega Crespo,999068,LA SALLE,,6,22.0,22.0,https://imagenes.feb.es/Foto.aspx?c=2231480,1,1,29.3,8.0,1.0,3.0,4.0,1.0,4.0,0.0,0.0,1.0,2.0,3.0,-16.0,8.0,2.0,6.0,33.3,1.0,4.0,25.0,1.0,3.0,33.3,35.3,35.0,40.0,30.0,8.1,5.9,8.0,4.0,1.0,4.0,0.0,1.0,8.0,2.0,6.0,1.0,4.0,1.0,3.0,29.3,1758.0
2288519,D. Aubia Benayas,999068,LA SALLE,,6,13.0,13.0,https://imagenes.feb.es/Foto.aspx?c=2288519,1,0,19.1,5.0,0.0,0.0,0.0,0.0,0.0,0.0,1.0,3.0,2.0,2.0,-33.0,-2.0,0.0,3.0,0.0,1.0,2.0,50.0,2.0,2.0,100.0,42.5,30.0,40.0,40.0,33.8,-1.9,5.0,0.0,0.0,0.0,0.0,3.0,-2.0,0.0,3.0,1.0,2.0,2.0,2.0,19.1,1144.0
2231479,J. Mora Gallego,999068,LA SALLE,,6,5.0,5.0,https://imagenes.feb.es/Foto.aspx?c=2231479,1,0,21.1,3.0,0.0,2.0,2.0,1.0,2.0,0.0,0.0,2.0,5.0,4.0,-28.0,-1.0,0.0,0.0,0.0,0.0,1.0,0.0,3.0,8.0,37.5,33.2,0.0,100.0,800.0,30.7,-0.4,3.0,2.0,1.0,2.0,0.0,2.0,-1.0,0.0,0.0,0.0,1.0,3.0,8.0,21.1,1265.0
2337672,A. Saenz De Rodrigañez Herrero,999068,LA SALLE,,6,12.0,12.0,https://imagenes.feb.es/Foto.aspx?c=2337672,1,0,5.5,3.0,0.0,0.0,0.0,0.0,0.0,0.0,0.0,1.0,1.0,0.0,-7.0,1.0,0.0,0.0,0.0,1.0,1.0,100.0,0.0,0.0,0.0,150.0,150.0,100.0,0.0,50.0,1.3,3.0,0.0,0.0,0.0,0.0,1.0,1.0,0.0,0.0,1.0,1.0,0.0,0.0,5.5,328.0
2341304,M. Saura Salido,999068,LA SALLE,,6,11.0,11.0,https://imagenes.feb.es/Foto.aspx?c=2341304,1,1,19.4,3.0,0.0,4.0,4.0,1.0,3.0,0.0,0.0,4.0,3.0,4.0,-2.0,2.0,0.0,2.0,0.0,0.0,1.0,0.0,3.0,6.0,50.0,26.6,0.0,33.3,200.0,41.5,-0.6,3.0,4.0,1.0,3.0,0.0,4.0,2.0,0.0,2.0,0.0,1.0,3.0,6.0,19.4,1164.0
2334868,A. Itouhamein Achadlein,999068,LA SALLE,,6,9.0,9.0,https://imagenes.feb.es/Foto.aspx?c=2334868,1,0,9.8,2.0,0.0,0.0,0.0,1.0,1.0,0.0,0.0,0.0,3.0,2.0,-3.0,0.0,1.0,3.0,33.3,0.0,0.0,0.0,0.0,1.0,0.0,29.1,33.3,0.0,33.3,0.0,0.4,2.0,0.0,1.0,1.0,0.0,0.0,0.0,1.0,3.0,0.0,0.0,0.0,1.0,9.8,591.0
2584852,R. Mohamed Mehamed,999068,LA SALLE,,6,10.0,10.0,https://imagenes.feb.es/Foto.aspx?c=2584852,1,0,4.3,2.0,0.0,0.0,0.0,1.0,0.0,0.0,0.0,0.0,3.0,0.0,-13.0,0.0,1.0,1.0,100.0,0.0,0.0,0.0,0.0,0.0,0.0,100.0,100.0,0.0,0.0,0.0,1.2,2.0,0.0,1.0,0.0,0.0,0.0,0.0,1.0,1.0,0.0,0.0,0.0,0.0,4.3,261.0
2294194,R. Mohamed Amar,999068,LA SALLE,,6,31.0,31.0,https://imagenes.feb.es/Foto.aspx?c=2294194,1,1,26.2,1.0,0.0,3.0,3.0,1.0,0.0,0.0,0.0,4.0,3.0,1.0,-3.0,-9.0,0.0,4.0,0.0,0.0,3.0,0.0,1.0,2.0,50.0,6.3,0.0,42.9,28.6,33.7,-7.9,1.0,3.0,1.0,0.0,0.0,4.0,-9.0,0.0,4.0,0.0,3.0,1.0,2.0,26.2,1573.0
2295993,B. Ebn Allal Larousi,999068,LA SALLE,,6,8.0,8.0,https://imagenes.feb.es/Foto.aspx?c=2295993,1,0,2.8,0.0,0.0,0.0,0.0,0.0,0.0,0.0,0.0,0.0,1.0,0.0,-8.0,-2.0,0.0,1.0,0.0,0.0,0.0,0.0,0.0,0.0,0.0,0.0,0.0,0.0,0.0,0.0,-1.1,0.0,0.0,0.0,0.0,0.0,0.0,-2.0,0.0,1.0,0.0,0.0,0.0,0.0,2.8,169.0
2337704,D. Sanchez Chocron,999068,LA SALLE,,6,7.0,7.0,https://imagenes.feb.es/Foto.aspx?c=2337704,1,0,6.3,0.0,0.0,0.0,0.0,0.0,0.0,0.0,0.0,1.0,2.0,0.0,-22.0,-4.0,0.0,0.0,0.0,0.0,1.0,0.0,0.0,0.0,0.0,0.0,0.0,100.0,0.0,50.0,-2.5,0.0,0.0,0.0,0.0,0.0,1.0,-4.0,0.0,0.0,0.0,1.0,0.0,0.0,6.3,381.0
2375154,B. León Tejera,992480,MEFIEX SAGRADO CÁCERES,,6,30.0,30.0,https://imagenes.feb.es/Foto.aspx?c=2375154,1,1,35.6,18.0,1.0,11.0,12.0,7.0,2.0,1.0,0.0,8.0,5.0,12.0,-3.0,30.0,5.0,9.0,55.6,0.0,4.0,0.0,8.0,9.0,88.9,53.1,38.5,30.8,69.2,32.1,12.1,18.0,12.0,7.0,2.0,1.0,8.0,30.0,5.0,9.0,0.0,4.0,8.0,9.0,35.6,2134.0
2287400,C. Córdova Alegre,992480,MEFIEX SAGRADO CÁCERES,,6,11.0,11.0,https://imagenes.feb.es/Foto.aspx?c=2287400,1,1,44.8,12.0,4.0,3.0,7.0,3.0,1.0,0.0,1.0,5.0,2.0,1.0,-14.0,15.0,5.0,7.0,71.4,0.0,0.0,0.0,2.0,2.0,100.0,76.1,71.4,0.0,28.6,38.8,10.1,12.0,7.0,3.0,1.0,0.0,5.0,15.0,5.0,7.0,0.0,0.0,2.0,2.0,44.8,2685.0
2375242,C. Chapa Márquez,992480,MEFIEX SAGRADO CÁCERES,,6,10.0,10.0,https://imagenes.feb.es/Foto.aspx?c=2375242,1,1,29.0,12.0,0.0,3.0,3.0,3.0,1.0,0.0,1.0,1.0,5.0,2.0,4.0,3.0,5.0,9.0,55.6,0.0,7.0,0.0,2.0,3.0,66.7,34.6,31.2,43.8,18.8,5.5,3.4,12.0,3.0,3.0,1.0,0.0,1.0,3.0,5.0,9.0,0.0,7.0,2.0,3.0,29.0,1740.0
2407191,J. Cacho Reguero,992480,MEFIEX SAGRADO CÁCERES,,6,13.0,13.0,https://imagenes.feb.es/Foto.aspx?c=2407191,1,1,42.3,9.0,1.0,5.0,6.0,0.0,3.0,1.0,0.0,6.0,4.0,1.0,-14.0,2.0,1.0,3.0,33.3,2.0,7.0,28.6,1.0,2.0,50.0,41.4,40.0,70.0,20.0,35.5,1.1,9.0,6.0,0.0,3.0,1.0,6.0,2.0,1.0,3.0,2.0,7.0,1.0,2.0,42.3,2536.0
2406700,P. Leon Tejera,992480,MEFIEX SAGRADO CÁCERES,,6,77.0,77.0,https://imagenes.feb.es/Foto.aspx?c=2406700,1,0,19.1,5.0,0.0,1.0,1.0,0.0,0.0,0.0,1.0,1.0,3.0,1.0,-14.0,0.0,0.0,1.0,0.0,1.0,2.0,50.0,2.0,3.0,66.7,57.9,50.0,66.7,100.0,18.8,1.0,5.0,1.0,0.0,0.0,0.0,1.0,0.0,0.0,1.0,1.0,2.0,2.0,3.0,19.1,1147.0
2375472,P. Domingos Cuadrado,992480,MEFIEX SAGRADO CÁCERES,,6,19.0,19.0,https://imagenes.feb.es/Foto.aspx?c=2375472,1,0,31.1,4.0,0.0,5.0,5.0,1.0,0.0,0.0,2.0,5.0,2.0,1.0,-11.0,-2.0,2.0,6.0,33.3,0.0,2.0,0.0,0.0,0.0,0.0,25.0,25.0,25.0,0.0,38.5,-4.4,4.0,5.0,1.0,0.0,0.0,5.0,-2.0,2.0,6.0,0.0,2.0,0.0,0.0,31.1,1865.0
2323672,J. Caballero Solana,992480,MEFIEX SAGRADO CÁCERES,,6,0.0,0.0,https://imagenes.feb.es/Foto.aspx?c=2323672,1,1,12.8,0.0,1.0,2.0,3.0,0.0,0.0,0.0,0.0,1.0,0.0,0.0,-2.0,-1.0,0.0,3.0,0.0,0.0,0.0,0.0,0.0,0.0,0.0,0.0,0.0,0.0,0.0,25.0,-1.8,0.0,3.0,0.0,0.0,0.0,1.0,-1.0,0.0,3.0,0.0,0.0,0.0,0.0,12.8,771.0
2375172,D. Agúndez Blázquez,992480,MEFIEX SAGRADO CÁCERES,,6,4.0,4.0,https://imagenes.feb.es/Foto.aspx?c=2375172,1,0,10.4,0.0,0.0,0.0,0.0,0.0,1.0,0.0,0.0,0.0,2.0,0.0,-16.0,-3.0,0.0,0.0,0.0,0.0,2.0,0.0,0.0,0.0,0.0,0.0,0.0,100.0,0.0,0.0,-1.2,0.0,0.0,0.0,1.0,0.0,0.0,-3.0,0.0,0.0,0.0,2.0,0.0,0.0,10.4,622.0
2823658,R. Dalla Corte Vieira,987267,"MOVISTAR ESTUDIANTES ""A""",,6,1.0,1.0,https://imagenes.feb.es/Foto.aspx?c=2823658,1,0,19.0,15.0,1.0,4.0,5.0,0.0,2.0,0.0,0.0,1.0,0.0,1.0,10.0,21.0,5.0,5.0,100.0,1.0,2.0,50.0,2.0,2.0,100.0,95.2,92.9,28.6,28.6,11.3,15.4,15.0,5.0,0.0,2.0,0.0,1.0,21.0,5.0,5.0,1.0,2.0,2.0,2.0,19.0,1142.0
2498187,M. Tejedor Blanco,987267,"MOVISTAR ESTUDIANTES ""A""",,6,23.0,23.0,https://imagenes.feb.es/Foto.aspx?c=2498187,1,0,10.6,13.0,3.0,4.0,7.0,0.0,1.0,1.0,0.0,2.0,0.0,2.0,12.0,21.0,5.0,5.0,100.0,0.0,0.0,0.0,3.0,4.0,75.0,96.2,100.0,0.0,80.0,22.8,14.1,13.0,7.0,0.0,1.0,1.0,2.0,21.0,5.0,5.0,0.0,0.0,3.0,4.0,10.6,636.0
2366746,D. Antona Alcobendas,987267,"MOVISTAR ESTUDIANTES ""A""",,6,10.0,10.0,https://imagenes.feb.es/Foto.aspx?c=2366746,1,1,18.6,12.0,0.0,1.0,1.0,8.0,1.0,1.0,0.0,3.0,2.0,3.0,36.0,18.0,5.0,7.0,71.4,0.0,1.0,0.0,2.0,2.0,100.0,67.6,62.5,12.5,25.0,25.3,12.2,12.0,1.0,8.0,1.0,1.0,3.0,18.0,5.0,7.0,0.0,1.0,2.0,2.0,18.6,1118.0
2367482,H. Esteban Lopez,987267,"MOVISTAR ESTUDIANTES ""A""",,6,16.0,16.0,https://imagenes.feb.es/Foto.aspx?c=2367482,1,0,19.6,12.0,2.0,0.0,2.0,2.0,2.0,1.0,1.0,1.0,3.0,1.0,18.0,11.0,6.0,8.0,75.0,0.0,1.0,0.0,0.0,2.0,0.0,60.7,66.7,11.1,22.2,9.2,10.6,12.0,2.0,2.0,2.0,1.0,1.0,11.0,6.0,8.0,0.0,1.0,0.0,2.0,19.6,1174.0
2368170,J. Lopez Garcia,987267,"MOVISTAR ESTUDIANTES ""A""",,6,9.0,9.0,https://imagenes.feb.es/Foto.aspx?c=2368170,1,1,17.8,12.0,2.0,5.0,7.0,4.0,1.0,0.0,0.0,1.0,1.0,2.0,37.0,20.0,4.0,7.0,57.1,1.0,1.0,100.0,1.0,2.0,50.0,67.6,68.8,12.5,25.0,10.1,13.3,12.0,7.0,4.0,1.0,0.0,1.0,20.0,4.0,7.0,1.0,1.0,1.0,2.0,17.8,1070.0
2403810,R. Martinez Manso,987267,"MOVISTAR ESTUDIANTES ""A""",,6,4.0,4.0,https://imagenes.feb.es/Foto.aspx?c=2403810,1,0,25.1,11.0,2.0,6.0,8.0,1.0,1.0,0.0,0.0,3.0,1.0,3.0,36.0,15.0,5.0,8.0,62.5,0.0,1.0,0.0,1.0,2.0,50.0,55.7,55.6,11.1,22.2,23.3,7.8,11.0,8.0,1.0,1.0,0.0,3.0,15.0,5.0,8.0,0.0,1.0,1.0,2.0,25.1,1508.0
2369657,M. Santo Tomas Fraga,987267,"MOVISTAR ESTUDIANTES ""A""",,6,5.0,5.0,https://imagenes.feb.es/Foto.aspx?c=2369657,1,1,19.6,8.0,1.0,3.0,4.0,2.0,2.0,1.0,0.0,0.0,4.0,0.0,22.0,12.0,4.0,4.0,100.0,0.0,1.0,0.0,0.0,0.0,0.0,80.0,80.0,20.0,0.0,0.0,10.2,8.0,4.0,2.0,2.0,1.0,0.0,12.0,4.0,4.0,0.0,1.0,0.0,0.0,19.6,1177.0
2301322,J. Asensio Fariza,987267,"MOVISTAR ESTUDIANTES ""A""",,6,7.0,7.0,https://imagenes.feb.es/Foto.aspx?c=2301322,1,0,18.7,6.0,1.0,1.0,2.0,2.0,0.0,0.0,0.0,2.0,1.0,2.0,8.0,3.0,1.0,5.0,20.0,1.0,2.0,50.0,1.0,2.0,50.0,38.1,35.7,28.6,28.6,20.2,1.5,6.0,2.0,2.0,0.0,0.0,2.0,3.0,1.0,5.0,1.0,2.0,1.0,2.0,18.7,1122.0
2282990,J. Medina Rodriguez,987267,"MOVISTAR ESTUDIANTES ""A""",,6,12.0,12.0,https://imagenes.feb.es/Foto.aspx?c=2282990,1,1,6.4,5.0,0.0,2.0,2.0,0.0,0.0,0.0,0.0,0.0,0.0,0.0,8.0,7.0,1.0,1.0,100.0,1.0,1.0,100.0,0.0,0.0,0.0,125.0,125.0,50.0,0.0,0.0,5.0,5.0,2.0,0.0,0.0,0.0,0.0,7.0,1.0,1.0,1.0,1.0,0.0,0.0,6.4,384.0
2402186,G. Moncayo,987267,"MOVISTAR ESTUDIANTES ""A""",,6,17.0,17.0,https://imagenes.feb.es/Foto.aspx?c=2402186,1,1,18.5,5.0,1.0,3.0,4.0,1.0,1.0,0.0,0.0,2.0,1.0,1.0,18.0,7.0,2.0,2.0,100.0,0.0,1.0,0.0,1.0,2.0,50.0,64.4,66.7,33.3,66.7,34.0,4.2,5.0,4.0,1.0,1.0,0.0,2.0,7.0,2.0,2.0,0.0,1.0,1.0,2.0,18.5,1109.0
2500153,S. Siguero Garcia,987267,"MOVISTAR ESTUDIANTES ""A""",,6,51.0,51.0,https://imagenes.feb.es/Foto.aspx?c=2500153,1,0,19.6,4.0,1.0,4.0,5.0,0.0,1.0,0.0,0.0,2.0,4.0,2.0,25.0,-1.0,1.0,3.0,33.3,0.0,3.0,0.0,2.0,4.0,50.0,25.8,16.7,50.0,66.7,20.5,-1.3,4.0,5.0,0.0,1.0,0.0,2.0,-1.0,1.0,3.0,0.0,3.0,2.0,4.0,19.6,1175.0
2225052,D. Villaescusa Maximiano,987267,"MOVISTAR ESTUDIANTES ""A""",,6,60.0,60.0,https://imagenes.feb.es/Foto.aspx?c=2225052,1,0,6.4,0.0,0.0,2.0,2.0,0.0,0.0,0.0,0.0,1.0,0.0,0.0,5.0,0.0,0.0,1.0,0.0,0.0,0.0,0.0,0.0,0.0,0.0,0.0,0.0,0.0,0.0,50.0,-1.1,0.0,2.0,0.0,0.0,0.0,1.0,0.0,0.0,1.0,0.0,0.0,0.0,0.0,6.4,385.0
2643254,T. Garma,987072,REAL MADRID ´A´,,6,11.0,11.0,https://imagenes.feb.es/Foto.aspx?c=2643254,1,0,19.3,21.0,0.0,2.0,2.0,1.0,2.0,0.0,0.0,3.0,0.0,0.0,26.0,17.0,9.0,11.0,81.8,1.0,5.0,20.0,0.0,0.0,0.0,65.6,65.6,31.2,0.0,15.8,14.1,21.0,2.0,1.0,2.0,0.0,3.0,17.0,9.0,11.0,1.0,5.0,0.0,0.0,19.3,1156.0
2386746,P. Mera Seco,987072,REAL MADRID ´A´,,6,15.0,15.0,https://imagenes.feb.es/Foto.aspx?c=2386746,1,1,14.4,14.0,1.0,5.0,6.0,3.0,3.0,0.0,0.0,1.0,0.0,0.0,27.0,24.0,4.0,4.0,100.0,2.0,3.0,66.7,0.0,0.0,0.0,100.0,100.0,42.9,0.0,12.5,17.8,14.0,6.0,3.0,3.0,0.0,1.0,24.0,4.0,4.0,2.0,3.0,0.0,0.0,14.4,864.0
2499084,I. Marvis Victor,987072,REAL MADRID ´A´,,6,16.0,16.0,https://imagenes.feb.es/Foto.aspx?c=2499084,1,0,15.8,14.0,3.0,5.0,8.0,2.0,1.0,1.0,1.0,0.0,2.0,0.0,21.0,19.0,7.0,12.0,58.3,0.0,0.0,0.0,0.0,0.0,0.0,58.3,58.3,0.0,0.0,0.0,14.3,14.0,8.0,2.0,1.0,1.0,0.0,19.0,7.0,12.0,0.0,0.0,0.0,0.0,15.8,948.0
2815332,S. Coulibaly,987072,REAL MADRID ´A´,,6,18.0,18.0,https://imagenes.feb.es/Foto.aspx?c=2815332,1,0,18.0,14.0,3.0,7.0,10.0,3.0,1.0,0.0,0.0,1.0,2.0,2.0,26.0,22.0,6.0,9.0,66.7,0.0,0.0,0.0,2.0,4.0,50.0,65.1,66.7,0.0,44.4,8.5,14.8,14.0,10.0,3.0,1.0,0.0,1.0,22.0,6.0,9.0,0.0,0.0,2.0,4.0,18.0,1081.0
2540557,A. Cañizares Tabanera,987072,REAL MADRID ´A´,,6,17.0,17.0,https://imagenes.feb.es/Foto.aspx?c=2540557,1,1,18.0,12.0,1.0,2.0,3.0,1.0,1.0,0.0,0.0,1.0,1.0,1.0,18.0,13.0,4.0,5.0,80.0,1.0,2.0,50.0,1.0,2.0,50.0,76.1,78.6,28.6,28.6,11.3,10.3,12.0,3.0,1.0,1.0,0.0,1.0,13.0,4.0,5.0,1.0,2.0,1.0,2.0,18.0,1080.0
2817769,M. Traore,987072,REAL MADRID ´A´,,6,20.0,20.0,https://imagenes.feb.es/Foto.aspx?c=2817769,1,0,13.5,10.0,3.0,8.0,11.0,2.0,1.0,0.0,0.0,2.0,2.0,2.0,22.0,20.0,4.0,6.0,66.7,0.0,0.0,0.0,2.0,2.0,100.0,72.7,66.7,0.0,33.3,22.5,11.5,10.0,11.0,2.0,1.0,0.0,2.0,20.0,4.0,6.0,0.0,0.0,2.0,2.0,13.5,811.0
2533427,A. Fevry,987072,REAL MADRID ´A´,,6,8.0,8.0,https://imagenes.feb.es/Foto.aspx?c=2533427,1,1,18.7,9.0,0.0,4.0,4.0,5.0,4.0,0.0,0.0,0.0,1.0,1.0,30.0,15.0,3.0,5.0,60.0,1.0,6.0,16.7,0.0,0.0,0.0,40.9,40.9,54.5,0.0,0.0,11.2,9.0,4.0,5.0,4.0,0.0,0.0,15.0,3.0,5.0,1.0,6.0,0.0,0.0,18.7,1123.0
2496138,J. Roman Viveros,987072,REAL MADRID ´A´,,6,7.0,7.0,https://imagenes.feb.es/Foto.aspx?c=2496138,1,0,19.4,7.0,1.0,3.0,4.0,6.0,3.0,0.0,0.0,2.0,1.0,1.0,31.0,13.0,2.0,4.0,50.0,1.0,4.0,25.0,0.0,0.0,0.0,43.8,43.8,50.0,0.0,20.0,9.0,7.0,4.0,6.0,3.0,0.0,2.0,13.0,2.0,4.0,1.0,4.0,0.0,0.0,19.4,1161.0
2864129,S. Abdelkerim,987072,REAL MADRID ´A´,,6,6.0,6.0,https://imagenes.feb.es/Foto.aspx?c=2864129,1,1,7.9,5.0,3.0,1.0,4.0,0.0,0.0,0.0,0.0,1.0,0.0,1.0,14.0,5.0,2.0,5.0,40.0,0.0,0.0,0.0,1.0,2.0,50.0,42.5,40.0,0.0,40.0,14.5,3.3,5.0,4.0,0.0,0.0,0.0,1.0,5.0,2.0,5.0,0.0,0.0,1.0,2.0,7.9,472.0
2739845,R. Robinson,987072,REAL MADRID ´A´,,6,5.0,5.0,https://imagenes.feb.es/Foto.aspx?c=2739845,1,1,14.9,4.0,1.0,2.0,3.0,8.0,1.0,0.0,0.0,2.0,0.0,0.0,43.0,12.0,2.0,2.0,100.0,0.0,2.0,0.0,0.0,0.0,0.0,50.0,50.0,50.0,0.0,33.3,7.9,4.0,3.0,8.0,1.0,0.0,2.0,12.0,2.0,2.0,0.0,2.0,0.0,0.0,14.9,895.0
2571882,A. Garcia Cano,987072,REAL MADRID ´A´,,6,4.0,4.0,https://imagenes.feb.es/Foto.aspx?c=2571882,1,0,23.7,3.0,1.0,0.0,1.0,8.0,1.0,0.0,0.0,1.0,3.0,2.0,12.0,10.0,0.0,1.0,0.0,1.0,1.0,100.0,0.0,0.0,0.0,75.0,75.0,50.0,0.0,33.3,7.1,3.0,1.0,8.0,1.0,0.0,1.0,10.0,0.0,1.0,1.0,1.0,0.0,0.0,23.7,1422.0
2365029,A. Alonso Alcazar,987072,REAL MADRID ´A´,,6,10.0,10.0,https://imagenes.feb.es/Foto.aspx?c=2365029,1,0,16.4,2.0,1.0,3.0,4.0,4.0,1.0,1.0,0.0,1.0,2.0,2.0,25.0,7.0,1.0,2.0,50.0,0.0,2.0,0.0,0.0,1.0,0.0,22.5,25.0,50.0,25.0,18.4,3.5,2.0,4.0,4.0,1.0,1.0,1.0,7.0,1.0,2.0,0.0,2.0,0.0,1.0,16.4,987.0
2443314,D. Lacalle Merino,991647,SPB PREVENNOVA,,6,73.0,73.0,https://imagenes.feb.es/Foto.aspx?c=2443314,1,1,23.9,15.0,0.0,0.0,0.0,0.0,1.0,0.0,1.0,3.0,3.0,3.0,-16.0,9.0,6.0,8.0,75.0,0.0,1.0,0.0,3.0,4.0,75.0,69.7,66.7,11.1,44.4,21.8,7.5,15.0,0.0,0.0,1.0,0.0,3.0,9.0,6.0,8.0,0.0,1.0,3.0,4.0,23.9,1434.0
2443297,A. Perez Fernandez,991647,SPB PREVENNOVA,,6,72.0,72.0,https://imagenes.feb.es/Foto.aspx?c=2443297,1,0,21.5,13.0,0.0,2.0,2.0,1.0,0.0,1.0,1.0,4.0,3.0,1.0,-7.0,8.0,1.0,2.0,50.0,3.0,5.0,60.0,2.0,2.0,100.0,82.5,78.6,71.4,28.6,33.7,6.5,13.0,2.0,1.0,0.0,1.0,4.0,8.0,1.0,2.0,3.0,5.0,2.0,2.0,21.5,1290.0
2848693,D. Rodrigues Padovani,991647,SPB PREVENNOVA,,6,77.0,77.0,https://imagenes.feb.es/Foto.aspx?c=2848693,1,1,22.4,8.0,2.0,1.0,3.0,0.0,1.0,0.0,0.0,2.0,3.0,3.0,-40.0,-1.0,3.0,9.0,33.3,0.0,3.0,0.0,2.0,4.0,50.0,29.1,25.0,25.0,33.3,12.7,-0.5,8.0,3.0,0.0,1.0,0.0,2.0,-1.0,3.0,9.0,0.0,3.0,2.0,4.0,22.4,1342.0
2382518,E. Lopez Ubierna,991647,SPB PREVENNOVA,,6,74.0,74.0,https://imagenes.feb.es/Foto.aspx?c=2382518,1,0,15.7,6.0,1.0,0.0,1.0,0.0,0.0,0.0,1.0,1.0,0.0,2.0,1.0,3.0,1.0,3.0,33.3,1.0,4.0,25.0,1.0,1.0,100.0,40.3,35.7,57.1,14.3,11.8,1.6,6.0,1.0,0.0,0.0,0.0,1.0,3.0,1.0,3.0,1.0,4.0,1.0,1.0,15.7,943.0
2443370,M. Arceredillo Diez,991647,SPB PREVENNOVA,,6,70.0,70.0,https://imagenes.feb.es/Foto.aspx?c=2443370,1,0,17.8,4.0,0.0,2.0,2.0,1.0,3.0,0.0,0.0,0.0,2.0,1.0,-23.0,6.0,1.0,3.0,33.3,0.0,1.0,0.0,2.0,2.0,100.0,41.0,25.0,25.0,50.0,0.0,5.1,4.0,2.0,1.0,3.0,0.0,0.0,6.0,1.0,3.0,0.0,1.0,2.0,2.0,17.8,1069.0
2478757,S. Moreno Robador,991647,SPB PREVENNOVA,,6,69.0,69.0,https://imagenes.feb.es/Foto.aspx?c=2478757,1,1,21.6,4.0,2.0,0.0,2.0,0.0,0.0,0.0,1.0,2.0,3.0,1.0,-24.0,-4.0,2.0,5.0,40.0,0.0,3.0,0.0,0.0,0.0,0.0,25.0,25.0,37.5,0.0,20.0,-2.6,4.0,2.0,0.0,0.0,0.0,2.0,-4.0,2.0,5.0,0.0,3.0,0.0,0.0,21.6,1296.0
2382519,E. Martin Diez,991647,SPB PREVENNOVA,,6,76.0,76.0,https://imagenes.feb.es/Foto.aspx?c=2382519,1,1,18.3,2.0,2.0,1.0,3.0,1.0,3.0,0.0,0.0,2.0,0.0,0.0,-26.0,2.0,1.0,4.0,25.0,0.0,2.0,0.0,0.0,0.0,0.0,16.7,16.7,33.3,0.0,25.0,1.6,2.0,3.0,1.0,3.0,0.0,2.0,2.0,1.0,4.0,0.0,2.0,0.0,0.0,18.3,1098.0
2443374,J. Martin Arnaiz,991647,SPB PREVENNOVA,,6,78.0,78.0,https://imagenes.feb.es/Foto.aspx?c=2443374,1,1,26.4,2.0,2.0,9.0,11.0,1.0,0.0,0.0,0.0,1.0,1.0,4.0,-48.0,7.0,1.0,7.0,14.3,0.0,2.0,0.0,0.0,1.0,0.0,10.6,11.1,22.2,11.1,9.6,-0.9,2.0,11.0,1.0,0.0,0.0,1.0,7.0,1.0,7.0,0.0,2.0,0.0,1.0,26.4,1586.0
2659906,L. Cerezo Moreno,991647,SPB PREVENNOVA,,6,67.0,67.0,https://imagenes.feb.es/Foto.aspx?c=2659906,1,0,7.0,2.0,0.0,0.0,0.0,0.0,0.0,0.0,0.0,1.0,1.0,1.0,-10.0,0.0,0.0,0.0,0.0,0.0,1.0,0.0,2.0,2.0,100.0,53.2,0.0,100.0,200.0,34.7,-0.1,2.0,0.0,0.0,0.0,0.0,1.0,0.0,0.0,0.0,0.0,1.0,2.0,2.0,7.0,423.0
2381585,D. Cornejo Ramos,991647,SPB PREVENNOVA,,6,75.0,75.0,https://imagenes.feb.es/Foto.aspx?c=2381585,1,0,10.2,0.0,0.0,0.0,0.0,0.0,0.0,0.0,0.0,2.0,0.0,0.0,-7.0,-4.0,0.0,1.0,0.0,0.0,1.0,0.0,0.0,0.0,0.0,0.0,0.0,50.0,0.0,50.0,-3.4,0.0,0.0,0.0,0.0,0.0,2.0,-4.0,0.0,1.0,0.0,1.0,0.0,0.0,10.2,609.0
2382580,I. Rojo Alvarez,991647,SPB PREVENNOVA,,6,71.0,71.0,https://imagenes.feb.es/Foto.aspx?c=2382580,1,0,7.1,0.0,0.0,0.0,0.0,0.0,0.0,0.0,0.0,1.0,0.0,0.0,-14.0,-1.0,0.0,0.0,0.0,0.0,0.0,0.0,0.0,0.0,0.0,0.0,0.0,0.0,0.0,100.0,-1.0,0.0,0.0,0.0,0.0,0.0,1.0,-1.0,0.0,0.0,0.0,0.0,0.0,0.0,7.1,425.0
2558132,A. Varona Alonso,991647,SPB PREVENNOVA,,6,79.0,79.0,https://imagenes.feb.es/Foto.aspx?c=2558132,1,0,8.1,0.0,1.0,0.0,1.0,0.0,0.0,0.0,0.0,0.0,1.0,1.0,-21.0,0.0,0.0,1.0,0.0,0.0,0.0,0.0,0.0,0.0,0.0,0.0,0.0,0.0,0.0,0.0,-0.4,0.0,1.0,0.0,0.0,0.0,0.0,0.0,0.0,1.0,0.0,0.0,0.0,0.0,8.1,485.0
2372273,A. Martinez Inda,1004507,TLSI GODELLA,,6,8.0,8.0,https://imagenes.feb.es/Foto.aspx?c=2372273,1,1,21.6,19.0,2.0,3.0,5.0,1.0,2.0,0.0,2.0,1.0,3.0,1.0,18.0,15.0,4.0,9.0,44.4,3.0,7.0,42.9,2.0,2.0,100.0,56.3,53.1,43.8,12.5,5.6,13.4,19.0,5.0,1.0,2.0,0.0,1.0,15.0,4.0,9.0,3.0,7.0,2.0,2.0,21.6,1298.0
2371991,O. Ripoll Valls,1004507,TLSI GODELLA,,6,0.0,0.0,https://imagenes.feb.es/Foto.aspx?c=2371991,1,0,19.7,13.0,0.0,4.0,4.0,4.0,2.0,0.0,1.0,2.0,2.0,5.0,-2.0,16.0,4.0,7.0,57.1,0.0,3.0,0.0,5.0,7.0,71.4,49.7,40.0,30.0,70.0,13.3,10.0,13.0,4.0,4.0,2.0,0.0,2.0,16.0,4.0,7.0,0.0,3.0,5.0,7.0,19.7,1183.0
2372866,D. De Alava Martinez,1004507,TLSI GODELLA,,6,6.0,6.0,https://imagenes.feb.es/Foto.aspx?c=2372866,1,0,15.8,12.0,0.0,2.0,2.0,1.0,0.0,0.0,0.0,0.0,2.0,0.0,19.0,11.0,3.0,4.0,75.0,2.0,3.0,66.7,0.0,0.0,0.0,85.7,85.7,42.9,0.0,0.0,9.6,12.0,2.0,1.0,0.0,0.0,0.0,11.0,3.0,4.0,2.0,3.0,0.0,0.0,15.8,946.0
2832423,Y. Hamza Jubran,1004507,TLSI GODELLA,,6,4.0,4.0,https://imagenes.feb.es/Foto.aspx?c=2832423,1,1,23.0,11.0,3.0,7.0,10.0,3.0,0.0,1.0,0.0,0.0,1.0,1.0,15.0,22.0,4.0,5.0,80.0,1.0,2.0,50.0,0.0,1.0,0.0,73.9,78.6,28.6,14.3,0.0,14.3,11.0,10.0,3.0,0.0,1.0,0.0,22.0,4.0,5.0,1.0,2.0,0.0,1.0,23.0,1382.0
2175380,L. Martinez Jurado,1004507,TLSI GODELLA,,6,15.0,15.0,https://imagenes.feb.es/Foto.aspx?c=2175380,1,0,25.2,8.0,0.0,7.0,7.0,1.0,0.0,0.0,1.0,0.0,2.0,2.0,-4.0,11.0,3.0,4.0,75.0,0.0,4.0,0.0,2.0,2.0,100.0,45.0,37.5,50.0,25.0,0.0,5.6,8.0,7.0,1.0,0.0,0.0,0.0,11.0,3.0,4.0,0.0,4.0,2.0,2.0,25.2,1515.0
2379266,M. Milla Gimenez,1004507,TLSI GODELLA,,6,22.0,22.0,https://imagenes.feb.es/Foto.aspx?c=2379266,1,0,7.8,7.0,1.0,1.0,2.0,0.0,0.0,0.0,0.0,0.0,1.0,0.0,-3.0,7.0,2.0,2.0,100.0,1.0,2.0,50.0,0.0,0.0,0.0,87.5,87.5,50.0,0.0,0.0,6.0,7.0,2.0,0.0,0.0,0.0,0.0,7.0,2.0,2.0,1.0,2.0,0.0,0.0,7.8,469.0
2436079,A. Clavell Piquer,1004507,TLSI GODELLA,,6,32.0,32.0,https://imagenes.feb.es/Foto.aspx?c=2436079,1,1,22.3,5.0,3.0,0.0,3.0,2.0,0.0,0.0,0.0,3.0,1.0,3.0,19.0,-3.0,1.0,4.0,25.0,0.0,6.0,0.0,3.0,6.0,50.0,19.8,10.0,60.0,60.0,19.2,-2.7,5.0,3.0,2.0,0.0,0.0,3.0,-3.0,1.0,4.0,0.0,6.0,3.0,6.0,22.3,1340.0
2337282,P. Torregrosa Roca,1004507,TLSI GODELLA,,6,5.0,5.0,https://imagenes.feb.es/Foto.aspx?c=2337282,1,1,24.6,4.0,2.0,1.0,3.0,0.0,1.0,0.0,0.0,2.0,1.0,3.0,12.0,1.0,2.0,5.0,40.0,0.0,2.0,0.0,0.0,2.0,0.0,25.4,28.6,28.6,28.6,20.2,-0.6,4.0,3.0,0.0,1.0,0.0,2.0,1.0,2.0,5.0,0.0,2.0,0.0,2.0,24.6,1476.0
2373127,M. Delprato Mañez,1004507,TLSI GODELLA,,6,10.0,10.0,https://imagenes.feb.es/Foto.aspx?c=2373127,1,1,17.9,4.0,0.0,3.0,3.0,2.0,0.0,0.0,0.0,1.0,4.0,1.0,20.0,1.0,2.0,5.0,40.0,0.0,1.0,0.0,0.0,0.0,0.0,33.3,33.3,16.7,0.0,14.3,0.3,4.0,3.0,2.0,0.0,0.0,1.0,1.0,2.0,5.0,0.0,1.0,0.0,0.0,17.9,1071.0
2378466,D. Vicedo Fas,1004507,TLSI GODELLA,,6,11.0,11.0,https://imagenes.feb.es/Foto.aspx?c=2378466,1,0,15.6,4.0,4.0,3.0,7.0,2.0,2.0,0.0,0.0,1.0,1.0,0.0,-3.0,11.0,2.0,4.0,50.0,0.0,0.0,0.0,0.0,0.0,0.0,50.0,50.0,0.0,0.0,20.0,7.7,4.0,7.0,2.0,2.0,0.0,1.0,11.0,2.0,4.0,0.0,0.0,0.0,0.0,15.6,936.0
2378956,J. Sanchis Perea,1004507,TLSI GODELLA,,6,30.0,30.0,https://imagenes.feb.es/Foto.aspx?c=2378956,1,0,4.0,0.0,0.0,0.0,0.0,0.0,0.0,0.0,0.0,0.0,0.0,0.0,-9.0,-1.0,0.0,1.0,0.0,0.0,0.0,0.0,0.0,0.0,0.0,0.0,0.0,0.0,0.0,0.0,-0.7,0.0,0.0,0.0,0.0,0.0,0.0,-1.0,0.0,1.0,0.0,0.0,0.0,0.0,4.0,243.0
2423586,A. Lopez Perez,1004507,TLSI GODELLA,,6,9.0,9.0,https://imagenes.feb.es/Foto.aspx?c=2423586,1,0,2.4,0.0,1.0,0.0,1.0,0.0,0.0,0.0,0.0,0.0,0.0,0.0,-2.0,1.0,0.0,0.0,0.0,0.0,0.0,0.0,0.0,0.0,0.0,0.0,0.0,0.0,0.0,0.0,0.7,0.0,1.0,0.0,0.0,0.0,0.0,1.0,0.0,0.0,0.0,0.0,0.0,0.0,2.4,141.0
2440427,C. Elordi Espi,997153,VALENCIA BASKET,,6,N/A,,https://imagenes.feb.es/Foto.aspx?c=2440427,1,1,20.7,18.0,4.0,5.0,9.0,1.0,1.0,0.0,0.0,1.0,5.0,1.0,15.0,19.0,6.0,8.0,75.0,2.0,5.0,40.0,0.0,0.0,0.0,69.2,69.2,38.5,0.0,7.1,15.1,18.0,9.0,1.0,1.0,0.0,1.0,19.0,6.0,8.0,2.0,5.0,0.0,0.0,20.7,1244.0
2834334,P. Jelenc,997153,VALENCIA BASKET,,6,N/A,,https://imagenes.feb.es/Foto.aspx?c=2834334,1,0,17.0,17.0,0.0,5.0,5.0,2.0,0.0,1.0,0.0,1.0,0.0,3.0,18.0,21.0,4.0,7.0,57.1,2.0,4.0,50.0,3.0,4.0,75.0,66.6,63.6,36.4,36.4,7.3,13.9,17.0,5.0,2.0,0.0,1.0,1.0,21.0,4.0,7.0,2.0,4.0,3.0,4.0,17.0,1018.0
2336152,S. Palau Lara,997153,VALENCIA BASKET,,6,N/A,,https://imagenes.feb.es/Foto.aspx?c=2336152,1,1,21.7,14.0,4.0,4.0,8.0,4.0,1.0,0.0,0.0,1.0,3.0,3.0,21.0,16.0,4.0,11.0,36.4,0.0,3.0,0.0,6.0,6.0,100.0,42.1,28.6,21.4,42.9,5.7,11.4,14.0,8.0,4.0,1.0,0.0,1.0,16.0,4.0,11.0,0.0,3.0,6.0,6.0,21.7,1300.0
2506694,T. Trush,997153,VALENCIA BASKET,,6,N/A,,https://imagenes.feb.es/Foto.aspx?c=2506694,1,0,19.0,13.0,2.0,5.0,7.0,3.0,3.0,1.0,1.0,1.0,1.0,1.0,35.0,21.0,1.0,2.0,50.0,3.0,7.0,42.9,2.0,2.0,100.0,65.8,61.1,77.8,22.2,9.2,15.6,13.0,7.0,3.0,3.0,1.0,1.0,21.0,1.0,2.0,3.0,7.0,2.0,2.0,19.0,1140.0
2423452,L. Manzanera Estelles,997153,VALENCIA BASKET,,6,N/A,,https://imagenes.feb.es/Foto.aspx?c=2423452,1,1,23.3,12.0,2.0,3.0,5.0,4.0,1.0,0.0,0.0,1.0,0.0,1.0,29.0,17.0,6.0,6.0,100.0,0.0,5.0,0.0,0.0,0.0,0.0,54.5,54.5,45.5,0.0,8.3,11.8,12.0,5.0,4.0,1.0,0.0,1.0,17.0,6.0,6.0,0.0,5.0,0.0,0.0,23.3,1398.0
2372246,P. Gonzalez Benavent,997153,VALENCIA BASKET,,6,N/A,,https://imagenes.feb.es/Foto.aspx?c=2372246,1,1,20.2,8.0,0.0,0.0,0.0,5.0,0.0,1.0,0.0,2.0,3.0,1.0,21.0,8.0,3.0,5.0,60.0,0.0,0.0,0.0,2.0,2.0,100.0,68.0,60.0,0.0,40.0,25.4,6.7,8.0,0.0,5.0,0.0,1.0,2.0,8.0,3.0,5.0,0.0,0.0,2.0,2.0,20.2,1210.0
2339159,L. Gil Villarroel,997153,VALENCIA BASKET,,6,N/A,,https://imagenes.feb.es/Foto.aspx?c=2339159,1,1,21.2,7.0,0.0,6.0,6.0,3.0,0.0,0.0,0.0,1.0,1.0,0.0,13.0,11.0,2.0,2.0,100.0,1.0,4.0,25.0,0.0,0.0,0.0,58.3,58.3,66.7,0.0,14.3,6.5,7.0,6.0,3.0,0.0,0.0,1.0,11.0,2.0,2.0,1.0,4.0,0.0,0.0,21.2,1272.0
2438227,L. Servera Perez,997153,VALENCIA BASKET,,6,N/A,,https://imagenes.feb.es/Foto.aspx?c=2438227,1,0,16.0,7.0,0.0,2.0,2.0,1.0,0.0,0.0,0.0,3.0,1.0,1.0,17.0,3.0,3.0,4.0,75.0,0.0,2.0,0.0,1.0,2.0,50.0,50.9,50.0,33.3,33.3,30.4,1.5,7.0,2.0,1.0,0.0,0.0,3.0,3.0,3.0,4.0,0.0,2.0,1.0,2.0,16.0,960.0
2843465,E. Szewczyk,997153,VALENCIA BASKET,,6,N/A,,https://imagenes.feb.es/Foto.aspx?c=2843465,1,0,21.1,6.0,0.0,4.0,4.0,1.0,1.0,1.0,0.0,1.0,0.0,0.0,23.0,11.0,3.0,4.0,75.0,0.0,0.0,0.0,0.0,0.0,0.0,75.0,75.0,0.0,0.0,20.0,7.0,6.0,4.0,1.0,1.0,1.0,1.0,11.0,3.0,4.0,0.0,0.0,0.0,0.0,21.1,1265.0
2815089,D. Previti,997153,VALENCIA BASKET,,6,N/A,,https://imagenes.feb.es/Foto.aspx?c=2815089,1,0,12.5,4.0,0.0,5.0,5.0,1.0,0.0,0.0,0.0,1.0,1.0,1.0,24.0,7.0,2.0,3.0,66.7,0.0,0.0,0.0,0.0,1.0,0.0,58.1,66.7,0.0,33.3,22.5,3.1,4.0,5.0,1.0,0.0,0.0,1.0,7.0,2.0,3.0,0.0,0.0,0.0,1.0,12.5,752.0
2663738,G. Muñoz Angulo,997153,VALENCIA BASKET,,6,N/A,,https://imagenes.feb.es/Foto.aspx?c=2663738,1,0,3.6,2.0,0.0,0.0,0.0,0.0,0.0,0.0,0.0,0.0,0.0,0.0,9.0,2.0,1.0,1.0,100.0,0.0,0.0,0.0,0.0,0.0,0.0,100.0,100.0,0.0,0.0,0.0,1.7,2.0,0.0,0.0,0.0,0.0,0.0,2.0,1.0,1.0,0.0,0.0,0.0,0.0,3.6,215.0
2818150,P. Vukic,997153,VALENCIA BASKET,,6,N/A,,https://imagenes.feb.es/Foto.aspx?c=2818150,1,0,3.8,0.0,0.0,1.0,1.0,0.0,0.0,0.0,0.0,0.0,0.0,0.0,5.0,1.0,0.0,0.0,0.0,0.0,0.0,0.0,0.0,0.0,0.0,0.0,0.0,0.0,0.0,0.0,0.3,0.0,1.0,0.0,0.0,0.0,0.0,1.0,0.0,0.0,0.0,0.0,0.0,0.0,3.8,226.0
