PLAYER_ID,PLAYER_NAME,TEAM_ID,TEAM,POSITION,POS_ORDER,ROLE_NAME,PHOTO_URL,GP,GS,MIN_PG,PTS_PG,ORB_PG,DRB_PG,TRB_PG,AST_PG,STL_PG,BLK_PG,BLKA_PG,TOV_PG,PF_PG,PFD_PG,PLUS_MINUS_PG,PIR_PG,FGM_2_PG,FGA_2_PG,FG2_PCT,FGM_3_PG,FGA_3_PG,FG3_PCT,FTM_PG,FTA_PG,FT_PCT,TS_PCT,EFG_PCT,3PAr,FTr,TOV_PCT,GMSC_PG,ROLE_EFG_PCT,ROLE_TS_PCT,ROLE_TOV_PCT,ROLE_ORB_PCT,ROLE_FTr,ROLE_USG_PCT,PTS,TRB,AST,STL,BLK,TOV,PIR,FGM_2,FGA_2,FGM_3,FGA_3,FTM,FTA,MIN_TOTAL,MIN_SECS_TOTAL
1923707,C. Diaz-Guerra Prats,979775,BASKET ALMEDA,PG,1,Lead Guard,https://imagenes.feb.es/Foto.aspx?c=1923707,10,6,23.0,13.4,1.3,2.2,3.5,1.9,1.5,0.2,0.2,1.9,2.2,4.8,-1.0,11.7,3.5,8.0,43.8,0.9,4.1,22.0,3.7,5.5,67.3,46.1,40.1,33.9,45.5,11.6,7.7,40.3,46.5,12.2,5.4,51.5,32.9,134.0,35.0,19.0,15.0,2.0,19.0,117.0,35.0,80.0,9.0,41.0,37.0,55.0,230.3,13816.0
2054903,A. Cojocariu,979775,BASKET ALMEDA,PG,1,Offensive Engine,https://imagenes.feb.es/Foto.aspx?c=2054903,23,19,23.9,8.9,1.2,4.7,5.9,1.1,1.3,0.1,0.1,2.3,3.5,3.1,-2.7,5.5,1.9,6.1,30.5,1.1,4.8,22.7,1.9,3.1,62.0,36.3,32.1,43.8,28.3,16.1,2.7,33.3,36.7,15.6,5.1,29.1,28.8,205.0,136.0,25.0,31.0,3.0,54.0,126.0,43.0,141.0,25.0,110.0,44.0,71.0,550.7,33045.0
1893303,L. Tierno Martí,979775,BASKET ALMEDA,PG,1,Offensive Engine,https://imagenes.feb.es/Foto.aspx?c=1893303,24,17,24.1,6.4,0.6,2.8,3.4,1.8,1.0,0.0,0.2,2.4,1.8,2.5,-6.1,6.5,0.8,2.5,33.3,1.0,3.0,35.2,1.6,2.5,62.3,48.5,43.9,54.2,46.6,26.5,3.4,38.8,45.4,24.8,2.5,54.1,17.6,153.0,82.0,42.0,25.0,1.0,57.0,155.0,20.0,60.0,25.0,71.0,38.0,61.0,578.7,34732.0
1398197,C. Tapia Palacio,979775,BASKET ALMEDA,PG,1,Offensive Engine,https://imagenes.feb.es/Foto.aspx?c=1398197,18,13,20.8,4.7,0.9,1.6,2.6,1.7,0.8,0.1,0.3,1.4,1.5,2.3,-5.9,4.6,1.4,3.3,41.7,0.3,2.6,13.0,0.9,1.3,66.7,36.0,32.1,43.4,22.6,18.2,2.2,29.9,33.9,18.5,4.9,25.2,18.0,84.0,46.0,31.0,15.0,1.0,26.0,82.0,25.0,60.0,6.0,46.0,16.0,24.0,373.7,22424.0
1929994,M. Garcia Menéndez,979775,BASKET ALMEDA,PG,1,Offensive Engine,https://imagenes.feb.es/Foto.aspx?c=1929994,22,9,19.2,4.5,1.2,2.0,3.2,0.9,1.0,0.0,0.0,2.1,2.3,1.9,-3.8,2.9,1.1,3.5,32.9,0.4,1.8,22.5,1.0,1.6,63.9,37.9,33.2,34.5,31.0,25.9,1.3,32.2,36.6,24.8,6.7,38.0,19.9,100.0,71.0,19.0,23.0,1.0,46.0,63.0,25.0,76.0,9.0,40.0,23.0,36.0,423.4,25405.0
2157230,L. Jove Fuste,979775,BASKET ALMEDA,PG,1,Offensive Engine,https://imagenes.feb.es/Foto.aspx?c=2157230,24,7,18.4,4.1,0.5,1.2,1.7,1.0,0.6,0.1,0.1,2.0,2.1,1.0,-3.6,0.1,1.1,3.2,34.6,0.5,2.1,23.5,0.4,0.9,40.9,35.7,34.9,39.5,17.1,25.7,0.0,34.2,36.3,26.2,2.6,25.8,20.1,99.0,40.0,23.0,15.0,2.0,48.0,3.0,27.0,78.0,12.0,51.0,9.0,22.0,441.9,26513.0
2219057,I. Homs Fatjo,979775,BASKET ALMEDA,PG,1,Offensive Engine,https://imagenes.feb.es/Foto.aspx?c=2219057,16,1,12.4,3.2,0.6,1.4,1.9,0.6,0.2,0.0,0.1,1.1,1.1,0.7,-3.3,1.4,0.9,2.6,36.6,0.3,1.5,20.8,0.4,0.8,58.3,37.0,34.6,36.9,18.5,19.5,0.7,36.0,38.0,20.3,4.3,18.7,21.2,52.0,31.0,9.0,4.0,0.0,17.0,23.0,15.0,41.0,5.0,24.0,7.0,12.0,198.1,11892.0
1737538,C. Pujol Martinez,979775,BASKET ALMEDA,PF,4,Offensive Engine,https://imagenes.feb.es/Foto.aspx?c=1737538,14,13,29.7,8.9,1.4,5.4,6.7,2.4,0.9,0.4,0.1,1.7,1.6,2.1,-4.4,8.6,3.0,8.1,36.8,0.7,3.9,18.5,0.7,1.7,41.7,34.7,33.9,32.1,14.3,11.8,4.6,32.3,34.1,11.1,5.0,20.5,23.2,124.0,94.0,33.0,13.0,5.0,24.0,121.0,42.0,114.0,10.0,54.0,10.0,24.0,415.9,24960.0
2440587,M. Coll-Vinent Olle,979775,BASKET ALMEDA,PF,4,Offensive Engine,https://imagenes.feb.es/Foto.aspx?c=2440587,24,11,18.1,3.8,1.6,2.3,3.9,0.7,1.2,0.0,0.2,1.2,2.1,1.4,-7.1,3.5,1.3,4.1,31.6,0.1,0.8,16.7,0.8,1.5,54.1,34.4,30.6,15.5,31.9,17.5,2.1,30.9,34.4,16.4,8.8,30.3,17.4,91.0,94.0,17.0,28.0,0.0,28.0,85.0,31.0,98.0,3.0,18.0,20.0,37.0,433.6,26024.0
2216044,J. Masa Carne,979775,BASKET ALMEDA,PF,4,Rolling Big,https://imagenes.feb.es/Foto.aspx?c=2216044,10,0,10.8,2.3,0.6,1.1,1.7,0.4,0.5,0.0,0.0,0.8,1.0,0.9,-3.1,-0.2,0.8,3.2,25.0,0.1,1.4,7.1,0.4,0.9,44.4,23.0,20.7,30.4,19.6,13.8,-0.4,17.3,19.4,13.1,5.9,19.1,24.5,23.0,17.0,4.0,5.0,0.0,8.0,-2.0,8.0,32.0,1.0,14.0,4.0,9.0,107.7,6460.0
2355761,N. Bernal Ibarria,979775,BASKET ALMEDA,PF,4,Rolling Big,https://imagenes.feb.es/Foto.aspx?c=2355761,8,1,18.2,2.1,1.4,3.0,4.4,0.5,0.6,0.0,0.0,0.8,1.2,0.5,-1.2,4.1,0.9,2.5,35.0,0.0,0.1,0.0,0.4,0.6,60.0,36.6,33.3,4.8,23.8,20.5,2.1,34.5,37.5,19.6,7.9,19.4,9.2,17.0,35.0,4.0,5.0,0.0,6.0,33.0,7.0,20.0,0.0,1.0,3.0,5.0,145.9,8755.0
2147731,D. Peris Fons,979775,BASKET ALMEDA,C,5,Traditional Center,https://imagenes.feb.es/Foto.aspx?c=2147731,24,8,17.5,4.0,1.8,3.0,4.8,0.2,0.5,0.8,0.1,1.4,2.4,2.2,-2.4,5.1,1.1,3.6,31.4,0.0,0.2,20.0,1.7,2.7,62.5,40.7,31.3,5.5,70.3,22.2,2.4,39.5,44.3,21.9,10.9,94.2,17.2,97.0,114.0,6.0,11.0,20.0,34.0,122.0,27.0,86.0,1.0,5.0,40.0,64.0,419.8,25187.0
2053836,C. Moreno Mengibar,979775,BASKET ALMEDA,C,5,Rolling Big,https://imagenes.feb.es/Foto.aspx?c=2053836,17,15,19.9,3.2,2.1,3.6,5.7,0.2,0.7,0.1,0.1,0.8,2.6,1.9,-5.3,5.5,1.3,3.1,42.3,0.0,0.2,0.0,0.6,1.6,40.7,41.1,40.0,5.5,49.1,17.3,2.7,35.3,36.0,25.6,11.3,40.6,11.4,55.0,97.0,3.0,12.0,2.0,14.0,94.0,22.0,52.0,0.0,3.0,11.0,27.0,338.7,20333.0
1912154,C. Balibrea Oliveras,979775,BASKET ALMEDA,C,5,Rolling Big,https://imagenes.feb.es/Foto.aspx?c=1912154,8,0,7.3,1.0,0.5,0.6,1.1,0.0,0.5,0.0,0.1,0.5,1.2,0.6,-4.6,-0.4,0.4,1.5,25.0,0.0,0.2,0.0,0.2,0.8,33.3,24.0,21.4,14.3,42.9,19.4,-0.2,30.8,26.7,15.6,6.3,62.0,17.0,8.0,9.0,0.0,4.0,0.0,4.0,-3.0,3.0,12.0,0.0,2.0,2.0,6.0,58.2,3490.0
2256492,M. Ibáñez Granero,979775,BASKET ALMEDA,SF,6,3&D Wing,https://imagenes.feb.es/Foto.aspx?c=2256492,2,0,13.2,3.0,0.5,0.0,0.5,0.5,0.0,0.0,0.0,0.0,0.5,1.5,-12.0,2.0,0.5,0.5,100.0,0.5,2.0,25.0,0.5,2.0,25.0,44.4,50.0,80.0,80.0,0.0,1.6,36.3,35.7,0.0,3.7,112.8,12.1,6.0,1.0,1.0,0.0,0.0,0.0,4.0,1.0,1.0,1.0,4.0,1.0,4.0,26.5,1589.0
2353429,J. Neyhart Mora,979775,BASKET ALMEDA,SF,6,3&D Wing,https://imagenes.feb.es/Foto.aspx?c=2353429,4,0,10.2,2.8,0.8,0.8,1.5,0.0,0.5,0.2,0.0,0.8,1.5,0.5,-4.5,2.0,1.0,1.0,100.0,0.2,1.5,16.7,0.0,0.0,0.0,55.0,55.0,60.0,0.0,23.1,1.6,47.5,47.5,19.1,11.5,0.0,16.3,11.0,6.0,0.0,2.0,1.0,3.0,8.0,4.0,4.0,1.0,6.0,0.0,0.0,40.6,2436.0
2153573,M. Carretero Soler,979775,BASKET ALMEDA,,6,,https://imagenes.feb.es/Foto.aspx?c=2153573,1,0,6.9,2.0,1.0,1.0,2.0,0.0,0.0,0.0,0.0,0.0,0.0,1.0,-2.0,5.0,1.0,1.0,100.0,0.0,0.0,0.0,0.0,0.0,0.0,100.0,100.0,0.0,0.0,0.0,2.7,,,,,,,2.0,2.0,0.0,0.0,0.0,0.0,5.0,1.0,1.0,0.0,0.0,0.0,0.0,6.9,416.0
2460355,M. Robles Sanabria,979775,BASKET ALMEDA,,6,,https://imagenes.feb.es/Foto.aspx?c=2460355,1,0,9.7,2.0,0.0,0.0,0.0,0.0,0.0,0.0,0.0,0.0,1.0,1.0,-7.0,0.0,0.0,2.0,0.0,0.0,0.0,0.0,2.0,2.0,100.0,34.7,0.0,0.0,100.0,0.0,0.2,,,,,,,2.0,0.0,0.0,0.0,0.0,0.0,0.0,0.0,2.0,0.0,0.0,2.0,2.0,9.7,583.0
2104880,M. Llodra Jaen,979775,BASKET ALMEDA,SF,6,Shooter Specialist,https://imagenes.feb.es/Foto.aspx?c=2104880,4,0,6.0,1.2,0.2,0.0,0.2,0.5,0.2,0.0,0.0,0.0,0.5,0.0,-7.5,1.0,0.2,0.2,100.0,0.2,1.0,25.0,0.0,0.0,0.0,50.0,50.0,80.0,0.0,0.0,1.2,57.3,57.3,0.0,4.3,0.0,10.0,5.0,1.0,2.0,1.0,0.0,0.0,4.0,1.0,1.0,1.0,4.0,0.0,0.0,23.9,1440.0
1131087,B. Armengol Vall,979892,C. B. ISLA BONITA,PG,1,Offensive Engine,https://imagenes.feb.es/Foto.aspx?c=1131087,24,24,27.5,8.5,0.6,3.4,4.0,3.1,1.3,0.0,0.2,2.7,1.5,4.0,-0.8,9.8,1.6,4.3,37.5,0.9,3.6,25.3,2.5,4.0,63.2,43.8,37.7,45.5,49.7,21.8,5.0,34.8,41.7,22.8,2.8,57.7,21.5,204.0,97.0,74.0,32.0,0.0,65.0,236.0,39.0,104.0,22.0,87.0,60.0,95.0,660.7,39638.0
1870487,T. Gonzalez Soto,979892,C. B. ISLA BONITA,PG,1,3&D Wing,https://imagenes.feb.es/Foto.aspx?c=1870487,24,10,20.0,7.7,0.5,3.4,3.8,1.0,0.8,0.3,0.0,1.8,1.1,1.4,-0.0,7.2,1.3,2.4,53.4,1.4,4.9,28.0,1.0,1.2,76.7,48.6,45.7,67.0,17.0,18.2,4.3,45.1,47.0,19.0,2.6,15.5,23.2,184.0,92.0,25.0,18.0,7.0,42.0,172.0,31.0,58.0,33.0,118.0,23.0,30.0,480.2,28809.0
2171960,M. Colom Elosúa,979892,C. B. ISLA BONITA,PG,1,Offensive Engine,https://imagenes.feb.es/Foto.aspx?c=2171960,24,20,26.7,7.3,0.5,1.9,2.5,2.5,0.6,0.0,0.1,1.9,1.6,1.7,1.0,6.2,1.6,4.0,39.2,1.0,2.8,34.8,1.2,1.8,71.4,48.2,44.5,40.5,25.8,20.2,4.1,43.7,47.3,19.6,2.3,27.4,17.1,175.0,59.0,59.0,15.0,1.0,46.0,150.0,38.0,97.0,23.0,66.0,30.0,42.0,641.0,38461.0
1981139,S. Blanco Guitian,979892,C. B. ISLA BONITA,PG,1,3&D Wing,https://imagenes.feb.es/Foto.aspx?c=1981139,16,9,14.6,2.5,0.4,1.6,1.9,0.6,0.2,0.1,0.0,1.0,1.1,0.4,-0.4,0.9,0.1,0.5,25.0,0.8,3.1,24.5,0.0,0.0,0.0,35.1,35.1,86.0,0.0,21.9,0.4,43.3,43.8,18.3,2.5,4.4,16.1,40.0,31.0,10.0,4.0,1.0,16.0,15.0,2.0,8.0,12.0,49.0,0.0,0.0,234.2,14057.0
1981139,S. Blanco Guitian,979892,C. B. ISLA BONITA,PG,1,3&D Wing,https://imagenes.feb.es/Foto.aspx?c=1981139,16,9,14.6,2.5,0.4,1.6,1.9,0.6,0.2,0.1,0.0,1.0,1.1,0.4,-0.4,0.9,0.1,0.5,25.0,0.8,3.1,24.5,0.0,0.0,0.0,35.1,35.1,86.0,0.0,21.9,0.4,43.3,43.8,18.3,2.5,4.4,16.1,40.0,31.0,10.0,4.0,1.0,16.0,15.0,2.0,8.0,12.0,49.0,0.0,0.0,234.2,14057.0
1372464,M. Carballo Diaz,979892,C. B. ISLA BONITA,PG,1,Offensive Engine,https://imagenes.feb.es/Foto.aspx?c=1372464,22,0,11.3,2.4,0.5,0.5,1.0,1.2,0.5,0.0,0.0,1.1,1.1,1.0,-2.1,1.7,0.7,1.6,42.9,0.2,1.1,16.7,0.5,0.8,61.1,39.6,35.6,40.7,30.5,27.2,1.0,24.9,28.5,29.5,5.6,23.6,17.9,53.0,23.0,27.0,10.0,0.0,25.0,37.0,15.0,35.0,4.0,24.0,11.0,18.0,248.4,14911.0
2524609,A. Glomazic,979892,C. B. ISLA BONITA,SG,2,3&D Wing,https://imagenes.feb.es/Foto.aspx?c=2524609,19,6,15.5,4.5,0.3,1.3,1.6,0.5,0.4,0.1,0.1,1.0,2.2,0.8,-1.7,2.2,0.5,1.3,36.0,1.1,2.5,41.7,0.4,0.5,88.9,55.9,53.4,65.8,12.3,19.8,1.9,51.6,53.6,19.2,2.4,9.8,16.0,86.0,30.0,9.0,7.0,1.0,19.0,42.0,9.0,25.0,20.0,48.0,8.0,9.0,295.3,17727.0
1853281,I. Bautista Villaverde,979892,C. B. ISLA BONITA,SG,2,3&D Wing,https://imagenes.feb.es/Foto.aspx?c=1853281,24,3,13.7,4.2,0.1,0.5,0.7,0.7,0.3,0.0,0.0,0.4,0.9,0.5,0.2,2.3,0.0,0.2,0.0,1.3,3.8,35.2,0.2,0.2,66.7,50.2,49.5,93.8,6.2,9.1,2.1,48.3,48.6,8.5,0.9,5.5,16.0,100.0,16.0,16.0,8.0,0.0,10.0,55.0,0.0,6.0,32.0,91.0,4.0,6.0,329.2,19747.0
2816643,E. Motekaitytè,979892,C. B. ISLA BONITA,PF,4,Stretch Big,https://imagenes.feb.es/Foto.aspx?c=2816643,24,20,21.8,9.1,1.4,3.8,5.2,0.8,0.6,0.1,0.2,1.6,2.0,2.0,0.6,9.5,3.2,6.4,50.6,0.4,1.3,29.0,1.5,1.9,76.1,53.1,49.5,16.8,24.9,15.6,5.9,49.9,55.2,15.6,8.1,36.8,22.5,218.0,124.0,20.0,14.0,2.0,38.0,229.0,78.0,154.0,9.0,31.0,35.0,46.0,523.8,31427.0
2524874,M. Vulovic,979892,C. B. ISLA BONITA,C,5,Stretch Big,https://imagenes.feb.es/Foto.aspx?c=2524874,24,16,21.5,11.1,2.1,6.2,8.3,1.1,0.6,0.3,0.2,2.8,3.1,3.8,-0.0,14.6,4.2,8.0,52.1,0.1,0.3,42.9,2.4,3.0,79.2,57.7,52.5,3.5,36.2,22.2,7.6,52.6,56.8,23.6,11.7,47.2,27.4,266.0,199.0,26.0,14.0,8.0,66.0,351.0,100.0,192.0,3.0,7.0,57.0,72.0,516.6,30995.0
1471341,M. Rosales Elejabeita,979892,C. B. ISLA BONITA,C,5,Offensive Engine,https://imagenes.feb.es/Foto.aspx?c=1471341,24,8,19.0,5.2,1.2,3.4,4.7,1.4,0.6,0.0,0.0,2.0,3.2,1.9,0.7,4.2,1.8,4.2,43.6,0.2,1.0,20.8,0.9,2.1,44.0,42.5,41.2,19.2,40.0,24.6,2.1,40.7,44.8,24.2,8.1,57.8,20.5,125.0,112.0,33.0,15.0,1.0,48.0,102.0,44.0,101.0,5.0,24.0,22.0,50.0,455.2,27316.0
2816642,N. Cunill Peña,979892,C. B. ISLA BONITA,C,5,Traditional Center,https://imagenes.feb.es/Foto.aspx?c=2816642,24,4,18.3,4.8,2.1,3.6,5.8,1.1,1.0,0.2,0.1,1.7,1.7,1.3,-3.7,8.4,2.1,3.8,54.9,0.0,0.1,0.0,0.6,1.0,60.9,54.7,53.2,3.2,24.5,28.3,4.7,52.1,54.0,29.2,14.2,25.5,15.8,114.0,138.0,26.0,23.0,4.0,41.0,202.0,50.0,91.0,0.0,3.0,14.0,23.0,440.3,26412.0
1506842,E. Cases Rey,981209,CB CLARET BENIMACLET,PG,1,Offensive Engine,https://imagenes.feb.es/Foto.aspx?c=1506842,19,18,25.1,14.0,0.7,3.3,3.9,2.4,1.5,0.1,0.3,2.5,1.5,4.5,4.3,15.3,1.7,3.9,44.6,2.4,6.8,35.7,3.3,3.9,83.8,56.5,50.2,63.5,36.5,16.6,9.5,50.6,56.4,17.0,2.6,38.8,25.7,266.0,75.0,45.0,28.0,1.0,47.0,290.0,33.0,74.0,46.0,129.0,62.0,74.0,477.7,28682.0
1886112,S. Afonso Gonzalez,981209,CB CLARET BENIMACLET,PG,1,Offensive Engine,https://imagenes.feb.es/Foto.aspx?c=1886112,24,24,28.6,11.5,0.8,2.0,2.8,3.6,1.5,0.0,0.2,2.1,1.5,2.5,3.9,9.3,1.8,5.4,34.1,2.2,7.1,31.2,1.2,1.9,63.0,43.2,41.3,56.9,15.4,13.5,6.7,41.8,43.9,13.3,2.6,17.6,24.1,276.0,67.0,87.0,37.0,1.0,50.0,223.0,44.0,129.0,53.0,170.0,29.0,46.0,685.8,41140.0
1853228,J. Rochina Troncoso,981209,CB CLARET BENIMACLET,PG,1,Lead Guard,https://imagenes.feb.es/Foto.aspx?c=1853228,24,17,24.6,5.8,1.8,3.3,5.1,2.0,2.2,0.0,0.3,1.8,2.2,1.7,2.9,8.2,1.3,3.2,40.3,0.7,2.5,26.2,1.2,2.1,56.9,43.3,39.9,44.2,37.0,20.7,5.4,37.6,41.3,20.6,7.1,44.7,15.4,139.0,122.0,49.0,52.0,0.0,42.0,196.0,31.0,77.0,16.0,61.0,29.0,51.0,590.6,35441.0
2209715,J. Sarrio Asensio,981209,CB CLARET BENIMACLET,PG,1,Offensive Engine,https://imagenes.feb.es/Foto.aspx?c=2209715,24,0,15.2,4.4,0.4,1.4,1.8,1.6,0.5,0.0,0.1,1.1,1.8,1.0,1.1,3.7,0.8,2.1,38.0,0.8,1.9,40.0,0.5,0.8,68.4,50.8,48.4,47.4,20.0,20.7,2.6,48.7,51.5,26.9,2.6,21.6,15.9,105.0,43.0,39.0,13.0,0.0,27.0,89.0,19.0,50.0,18.0,45.0,13.0,19.0,365.9,21979.0
1681307,E. Iranzo Gutierrez,981209,CB CLARET BENIMACLET,PG,1,3&D Wing,https://imagenes.feb.es/Foto.aspx?c=1681307,13,0,13.0,4.2,0.3,1.0,1.3,0.6,0.4,0.0,0.1,0.9,1.8,0.8,-2.7,-0.2,0.8,2.2,35.7,0.7,3.6,19.1,0.5,0.9,58.3,33.6,31.3,62.7,16.0,13.0,0.2,46.4,46.7,11.2,2.1,22.6,19.8,54.0,17.0,8.0,5.0,0.0,12.0,-2.0,10.0,28.0,9.0,47.0,7.0,12.0,168.8,10134.0
1681307,E. Iranzo Gutierrez,981209,CB CLARET BENIMACLET,PG,1,Offensive Engine,https://imagenes.feb.es/Foto.aspx?c=1681307,13,0,13.0,4.2,0.3,1.0,1.3,0.6,0.4,0.0,0.1,0.9,1.8,0.8,-2.7,-0.2,0.8,2.2,35.7,0.7,3.6,19.1,0.5,0.9,58.3,33.6,31.3,62.7,16.0,13.0,0.2,46.4,46.7,11.2,2.1,22.6,19.8,54.0,17.0,8.0,5.0,0.0,12.0,-2.0,10.0,28.0,9.0,47.0,7.0,12.0,168.8,10134.0
1994256,T. Toledo Navarro,981209,CB CLARET BENIMACLET,PG,1,Offensive Engine,https://imagenes.feb.es/Foto.aspx?c=1994256,24,0,12.9,3.4,1.0,1.0,2.0,1.2,0.5,0.0,0.1,1.0,1.4,0.7,1.7,3.5,0.9,1.8,52.4,0.3,1.2,25.0,0.7,1.0,70.8,50.9,46.4,40.0,34.3,23.7,2.5,49.8,52.3,22.7,8.1,41.5,15.4,82.0,48.0,30.0,13.0,0.0,25.0,83.0,22.0,42.0,7.0,28.0,17.0,24.0,308.7,18513.0
2816051,E. Tenbrock,981209,CB CLARET BENIMACLET,SF,3,Shooter Specialist,https://imagenes.feb.es/Foto.aspx?c=2816051,5,0,20.5,11.0,0.2,2.0,2.2,0.4,0.6,0.4,0.2,0.4,1.8,1.2,6.2,8.8,1.6,2.4,66.7,2.2,5.6,39.3,1.2,1.8,66.7,62.6,61.3,70.0,22.5,4.4,7.5,57.8,59.2,4.0,0.8,24.2,19.5,55.0,11.0,2.0,3.0,2.0,2.0,44.0,8.0,12.0,11.0,28.0,6.0,9.0,102.5,6149.0
1749591,I. Garrido Perez,981209,CB CLARET BENIMACLET,SF,3,3&D Wing,https://imagenes.feb.es/Foto.aspx?c=1749591,24,24,27.1,8.5,1.1,3.6,4.7,1.3,0.8,0.1,0.0,0.8,0.7,0.8,4.1,9.0,1.2,2.7,43.8,1.9,5.7,33.1,0.5,0.9,57.1,48.5,47.8,68.0,10.5,8.7,6.2,45.2,46.2,9.4,4.1,12.5,15.8,203.0,112.0,31.0,20.0,2.0,20.0,215.0,28.0,64.0,45.0,136.0,12.0,21.0,650.5,39017.0
2281500,L. Liern Ruiz,981209,CB CLARET BENIMACLET,PF,4,Rolling Big,https://imagenes.feb.es/Foto.aspx?c=2281500,23,0,9.2,0.9,0.5,1.2,1.7,0.5,0.3,0.2,0.0,0.5,0.9,0.3,-0.5,0.9,0.2,0.6,30.8,0.2,1.2,14.8,0.0,0.1,0.0,24.5,25.0,67.5,5.0,21.2,0.4,19.0,19.0,16.3,5.4,7.1,11.0,20.0,38.0,12.0,7.0,4.0,11.0,21.0,4.0,13.0,4.0,27.0,0.0,2.0,211.1,12658.0
1767443,M. Cuellar Bayarri,981209,CB CLARET BENIMACLET,C,5,Stretch Big,https://imagenes.feb.es/Foto.aspx?c=1767443,23,21,23.2,11.6,1.8,4.2,6.0,1.2,1.3,0.4,0.2,2.1,3.0,2.9,5.0,12.2,4.3,9.6,44.8,0.1,0.5,27.3,2.6,3.0,85.5,50.7,44.6,4.7,29.7,15.5,7.8,43.6,50.4,15.7,7.6,33.3,26.1,266.0,138.0,27.0,31.0,9.0,48.0,280.0,99.0,221.0,3.0,11.0,59.0,69.0,534.4,32072.0
2557107,I. Serrano Alvarez,981209,CB CLARET BENIMACLET,C,5,Stretch Big,https://imagenes.feb.es/Foto.aspx?c=2557107,11,2,17.9,7.1,1.4,4.5,5.9,1.7,0.4,0.4,0.1,1.8,2.5,1.9,1.1,8.5,2.5,5.5,46.7,0.3,1.1,25.0,1.2,2.0,59.1,47.7,45.1,16.7,30.6,19.7,4.7,44.0,49.7,20.5,7.6,37.0,19.5,78.0,65.0,19.0,4.0,4.0,20.0,94.0,28.0,60.0,3.0,12.0,13.0,22.0,196.4,11781.0
2557107,I. Serrano Alvarez,981209,CB CLARET BENIMACLET,C,5,Traditional Center,https://imagenes.feb.es/Foto.aspx?c=2557107,11,2,17.9,7.1,1.4,4.5,5.9,1.7,0.4,0.4,0.1,1.8,2.5,1.9,1.1,8.5,2.5,5.5,46.7,0.3,1.1,25.0,1.2,2.0,59.1,47.7,45.1,16.7,30.6,19.7,4.7,44.0,49.7,20.5,7.6,37.0,19.5,78.0,65.0,19.0,4.0,4.0,20.0,94.0,28.0,60.0,3.0,12.0,13.0,22.0,196.4,11781.0
1840053,P. Garcia Garcia,981209,CB CLARET BENIMACLET,C,5,Stretch Big,https://imagenes.feb.es/Foto.aspx?c=1840053,19,14,16.1,6.3,1.0,3.0,4.0,1.3,0.8,0.2,0.1,1.9,2.6,4.5,1.2,9.1,0.8,2.3,34.9,0.4,1.6,23.3,3.6,4.6,79.3,53.9,34.9,41.1,119.2,24.4,4.2,36.2,56.8,23.5,6.5,161.7,21.9,120.0,76.0,25.0,15.0,4.0,36.0,172.0,15.0,43.0,7.0,30.0,69.0,87.0,305.2,18302.0
1984467,G. Lopez Cuesta,981209,CB CLARET BENIMACLET,C,5,Stretch Big,https://imagenes.feb.es/Foto.aspx?c=1984467,10,0,17.8,5.2,2.2,3.9,6.1,0.7,0.3,0.2,0.5,1.3,3.2,2.9,-2.3,6.2,1.2,4.6,26.1,0.1,0.4,25.0,2.5,3.5,71.4,39.8,27.0,8.0,70.0,16.6,2.9,39.5,48.3,16.3,11.8,119.9,18.5,52.0,61.0,7.0,3.0,2.0,13.0,62.0,12.0,46.0,1.0,4.0,25.0,35.0,177.5,10655.0
1984467,G. Lopez Cuesta,981209,CB CLARET BENIMACLET,C,5,Stretch Big,https://imagenes.feb.es/Foto.aspx?c=1984467,10,0,17.8,5.2,2.2,3.9,6.1,0.7,0.3,0.2,0.5,1.3,3.2,2.9,-2.3,6.2,1.2,4.6,26.1,0.1,0.4,25.0,2.5,3.5,71.4,39.8,27.0,8.0,70.0,16.6,2.9,39.5,48.3,16.3,11.8,119.9,18.5,52.0,61.0,7.0,3.0,2.0,13.0,62.0,12.0,46.0,1.0,4.0,25.0,35.0,177.5,10655.0
2087980,A. Romero De Vicente,981209,CB CLARET BENIMACLET,PG,6,Offensive Engine,https://imagenes.feb.es/Foto.aspx?c=2087980,4,0,6.4,1.2,0.2,1.5,1.8,0.5,0.5,0.0,0.0,0.5,1.0,0.2,-0.5,1.8,0.2,0.5,50.0,0.2,1.0,25.0,0.0,0.0,0.0,41.7,41.7,66.7,0.0,25.0,1.0,34.9,34.9,35.4,4.5,0.0,14.5,5.0,7.0,2.0,2.0,0.0,2.0,7.0,1.0,2.0,1.0,4.0,0.0,0.0,25.4,1520.0
2163612,N. Garcia Herrera,981209,CB CLARET BENIMACLET,,6,,https://imagenes.feb.es/Foto.aspx?c=2163612,1,0,4.3,1.0,0.0,0.0,0.0,1.0,0.0,0.0,0.0,0.0,0.0,1.0,4.0,2.0,0.0,0.0,0.0,0.0,0.0,0.0,1.0,2.0,50.0,56.8,0.0,0.0,0.0,0.0,1.3,,,,,,,1.0,0.0,1.0,0.0,0.0,0.0,2.0,0.0,0.0,0.0,0.0,1.0,2.0,4.3,256.0
2345472,S. Osarenmwinda Anuge,981209,CB CLARET BENIMACLET,,6,Rolling Big,https://imagenes.feb.es/Foto.aspx?c=2345472,2,0,3.4,1.0,0.0,0.0,0.0,0.0,0.0,0.0,0.5,0.5,1.0,0.0,-1.0,-1.5,0.5,1.5,33.3,0.0,0.0,0.0,0.0,0.0,0.0,33.3,33.3,0.0,0.0,25.0,-0.7,13.0,13.0,29.0,0.0,0.0,24.3,2.0,0.0,0.0,0.0,0.0,1.0,-3.0,1.0,3.0,0.0,0.0,0.0,0.0,6.9,414.0
2009630,M. Lafuente Royo,981209,CB CLARET BENIMACLET,,6,,https://imagenes.feb.es/Foto.aspx?c=2009630,1,0,8.9,0.0,0.0,2.0,2.0,0.0,0.0,0.0,0.0,0.0,1.0,0.0,-2.0,-1.0,0.0,1.0,0.0,0.0,1.0,0.0,0.0,0.0,0.0,0.0,0.0,50.0,0.0,0.0,-1.2,,,,,,,0.0,2.0,0.0,0.0,0.0,0.0,-1.0,0.0,1.0,0.0,1.0,0.0,0.0,8.9,535.0
2246236,L. Gonzalez Llacer,981209,CB CLARET BENIMACLET,,6,,https://imagenes.feb.es/Foto.aspx?c=2246236,1,0,4.2,0.0,0.0,0.0,0.0,0.0,0.0,0.0,0.0,0.0,0.0,0.0,4.0,0.0,0.0,0.0,0.0,0.0,0.0,0.0,0.0,0.0,0.0,0.0,0.0,0.0,0.0,0.0,0.0,,,,,,,0.0,0.0,0.0,0.0,0.0,0.0,0.0,0.0,0.0,0.0,0.0,0.0,0.0,4.2,252.0
1811220,S. Francisco Abos,981335,CESUR DISTRITO OLIMPICO,PG,1,Offensive Engine,https://imagenes.feb.es/Foto.aspx?c=1811220,22,16,20.4,7.5,0.5,2.2,2.7,1.7,0.8,0.0,0.1,2.2,1.6,1.6,4.8,4.0,1.3,4.2,31.5,1.2,4.5,26.3,1.3,1.6,80.0,39.7,35.6,51.8,18.3,18.9,2.4,33.2,36.3,17.4,2.8,18.0,26.2,164.0,60.0,37.0,17.0,1.0,48.0,87.0,29.0,92.0,26.0,99.0,28.0,35.0,449.6,26973.0
1871488,M. Gomez Hernandez,981335,CESUR DISTRITO OLIMPICO,PG,1,Offensive Engine,https://imagenes.feb.es/Foto.aspx?c=1871488,24,24,22.8,4.8,0.3,2.9,3.2,2.6,1.2,0.0,0.0,2.5,2.2,2.3,3.6,4.3,0.5,2.0,22.9,1.0,3.9,24.5,1.0,1.5,63.9,36.1,32.0,66.2,25.4,27.5,1.7,30.5,34.2,26.2,1.4,29.6,18.3,114.0,77.0,63.0,28.0,1.0,60.0,104.0,11.0,48.0,23.0,94.0,23.0,36.0,546.9,32815.0
1562695,A. González Ramírez,981335,CESUR DISTRITO OLIMPICO,PG,1,Offensive Engine,https://imagenes.feb.es/Foto.aspx?c=1562695,24,19,21.0,3.9,0.9,1.7,2.6,2.2,1.0,0.3,0.0,1.6,2.2,1.5,5.2,4.8,1.2,3.1,39.2,0.2,0.9,22.7,0.8,1.0,80.0,43.5,38.0,22.9,26.0,26.2,3.0,34.1,43.6,26.1,4.8,26.3,13.2,93.0,62.0,52.0,25.0,7.0,38.0,115.0,29.0,74.0,5.0,22.0,20.0,25.0,503.4,30187.0
1677519,R. Flores Aguado,981335,CESUR DISTRITO OLIMPICO,PG,1,Offensive Engine,https://imagenes.feb.es/Foto.aspx?c=1677519,23,0,11.5,1.7,0.2,1.0,1.2,1.3,0.7,0.0,0.0,1.5,0.9,0.3,-1.0,0.7,0.3,1.1,30.8,0.3,1.3,19.4,0.2,0.3,57.1,31.6,29.8,54.4,12.3,36.1,0.3,33.4,35.0,37.3,2.2,11.0,16.3,38.0,27.0,29.0,16.0,0.0,34.0,17.0,8.0,26.0,6.0,31.0,4.0,7.0,265.5,15927.0
1676283,B. Sanchez Campillo,981335,CESUR DISTRITO OLIMPICO,PG,1,Rolling Big,https://imagenes.feb.es/Foto.aspx?c=1676283,6,0,5.7,0.3,0.5,0.3,0.8,0.0,0.2,0.0,0.0,0.8,0.2,0.2,-5.0,-1.7,0.0,1.7,0.0,0.0,0.5,0.0,0.3,0.3,100.0,7.2,0.0,23.1,15.4,26.5,-1.5,0.0,6.6,22.0,8.8,19.1,24.1,2.0,5.0,0.0,1.0,0.0,5.0,-10.0,0.0,10.0,0.0,3.0,2.0,2.0,34.0,2039.0
2286837,B. Arranz Albero,981335,CESUR DISTRITO OLIMPICO,SG,2,High Volume Scorer,https://imagenes.feb.es/Foto.aspx?c=2286837,24,8,21.2,11.2,0.6,2.3,2.9,0.8,0.7,0.0,0.3,2.0,1.4,2.3,0.1,7.5,2.0,5.0,38.8,1.7,5.2,32.3,2.3,2.8,83.6,49.2,43.7,50.6,27.3,14.6,5.2,44.0,49.9,14.4,3.0,30.4,29.0,270.0,69.0,20.0,16.0,0.0,47.0,181.0,47.0,121.0,40.0,124.0,56.0,67.0,509.8,30576.0
1832824,C. Leal Flores,981335,CESUR DISTRITO OLIMPICO,PF,4,3&D Wing,https://imagenes.feb.es/Foto.aspx?c=1832824,23,5,21.5,4.0,1.2,2.6,3.8,1.0,0.9,0.0,0.2,1.2,2.7,1.2,0.4,3.7,0.7,2.3,30.8,0.5,1.5,34.3,1.0,1.7,63.2,44.4,39.1,40.2,43.7,21.3,2.5,39.5,45.6,21.1,6.2,56.3,12.3,92.0,87.0,22.0,21.0,1.0,28.0,86.0,16.0,52.0,12.0,35.0,24.0,38.0,493.8,29631.0
2035834,M. Martinez Majan,981335,CESUR DISTRITO OLIMPICO,PF,4,3&D Wing,https://imagenes.feb.es/Foto.aspx?c=2035834,14,0,8.6,2.7,0.7,1.1,1.9,0.3,0.4,0.0,0.1,0.8,1.2,0.9,0.3,1.9,0.5,1.6,30.4,0.4,0.9,38.5,0.6,1.1,56.2,44.1,40.3,36.1,44.4,20.4,1.3,39.8,42.3,20.2,9.5,39.9,20.7,38.0,26.0,4.0,6.0,0.0,11.0,27.0,7.0,23.0,5.0,13.0,9.0,16.0,120.4,7214.0
2160399,C. Campos Alum,981335,CESUR DISTRITO OLIMPICO,PF,4,3&D Wing,https://imagenes.feb.es/Foto.aspx?c=2160399,7,0,8.8,2.7,0.6,0.4,1.0,0.1,0.0,0.1,0.3,0.4,0.3,0.4,-1.7,1.6,0.7,2.1,33.3,0.3,0.9,33.3,0.4,0.6,75.0,41.7,38.1,28.6,19.0,11.6,1.1,46.3,47.7,11.5,7.4,48.2,19.5,19.0,7.0,1.0,0.0,1.0,3.0,11.0,5.0,15.0,2.0,6.0,3.0,4.0,61.6,3695.0
2031383,A. Picos Porras,981335,CESUR DISTRITO OLIMPICO,C,5,Stretch Big,https://imagenes.feb.es/Foto.aspx?c=2031383,24,24,30.7,13.9,3.0,6.2,9.1,2.0,1.0,0.2,0.4,3.1,2.4,5.6,5.0,19.7,4.0,7.5,53.0,0.6,2.1,30.0,4.0,5.6,71.1,57.3,51.3,21.6,58.4,20.5,10.7,51.0,56.7,20.4,10.3,61.9,22.8,333.0,219.0,47.0,24.0,6.0,75.0,472.0,96.0,181.0,15.0,50.0,96.0,135.0,737.0,44232.0
2160293,V. Lopez Riaño,981335,CESUR DISTRITO OLIMPICO,C,5,Traditional Center,https://imagenes.feb.es/Foto.aspx?c=2160293,24,22,27.2,12.1,3.1,6.0,9.1,1.0,1.4,0.7,0.1,2.0,2.7,3.4,6.1,16.5,4.8,9.5,50.2,0.1,0.8,15.0,2.2,3.3,67.5,51.6,48.0,8.1,32.4,14.5,9.9,48.8,52.1,15.0,13.0,33.0,23.0,291.0,218.0,24.0,33.0,16.0,48.0,395.0,114.0,227.0,3.0,20.0,54.0,80.0,653.0,39189.0
2404419,P. Alonso-Basurto Cumplido,981335,CESUR DISTRITO OLIMPICO,C,5,Traditional Center,https://imagenes.feb.es/Foto.aspx?c=2404419,11,2,16.5,4.3,1.5,3.5,5.0,0.6,0.7,0.6,0.3,2.2,1.9,1.0,-0.7,5.2,1.8,4.1,44.4,0.0,0.3,0.0,0.6,1.1,58.3,44.1,41.7,6.2,25.0,31.1,2.5,41.1,44.5,32.6,10.3,29.3,19.5,47.0,55.0,7.0,8.0,7.0,24.0,57.0,20.0,45.0,0.0,3.0,7.0,12.0,181.6,10896.0
2226680,J. Masip Lámbarri,981335,CESUR DISTRITO OLIMPICO,C,5,Traditional Center,https://imagenes.feb.es/Foto.aspx?c=2226680,13,0,9.2,1.4,0.8,2.0,2.8,0.2,0.3,0.0,0.1,0.4,1.9,1.2,-2.1,2.5,0.3,0.8,40.0,0.0,0.0,0.0,0.8,1.3,58.8,51.5,40.0,0.0,170.0,22.2,1.2,31.1,43.6,15.0,10.0,78.5,8.8,18.0,36.0,2.0,4.0,0.0,5.0,33.0,4.0,10.0,0.0,0.0,10.0,17.0,120.2,7213.0
2800814,A. Emusi Adeniran,981335,CESUR DISTRITO OLIMPICO,C,5,Rolling Big,https://imagenes.feb.es/Foto.aspx?c=2800814,11,0,6.6,0.9,0.7,0.3,1.0,0.2,0.2,0.1,0.0,1.0,1.3,0.5,0.1,-0.3,0.3,0.6,42.9,0.0,0.2,0.0,0.4,0.7,50.0,39.9,33.3,22.2,88.9,46.8,-0.2,13.7,35.1,40.2,13.5,34.5,15.0,10.0,11.0,2.0,2.0,1.0,11.0,-3.0,3.0,7.0,0.0,2.0,4.0,8.0,72.2,4327.0
2649723,S. Diane,981335,CESUR DISTRITO OLIMPICO,,6,,https://imagenes.feb.es/Foto.aspx?c=2649723,1,0,3.3,1.0,0.0,0.0,0.0,0.0,0.0,0.0,0.0,0.0,1.0,1.0,-3.0,0.0,0.0,0.0,0.0,0.0,0.0,0.0,1.0,2.0,50.0,56.8,0.0,0.0,0.0,0.0,0.2,,,,,,,1.0,0.0,0.0,0.0,0.0,0.0,0.0,0.0,0.0,0.0,0.0,1.0,2.0,3.3,196.0
2185253,P. Álvarez Honorato,981335,CESUR DISTRITO OLIMPICO,C,6,Rolling Big,https://imagenes.feb.es/Foto.aspx?c=2185253,12,0,3.1,0.0,0.2,0.1,0.2,0.2,0.1,0.0,0.0,0.2,0.2,0.1,-1.2,0.0,0.0,0.0,0.0,0.0,0.1,0.0,0.0,0.2,0.0,0.0,0.0,100.0,200.0,51.5,-0.0,0.0,0.0,15.3,6.0,0.0,5.0,0.0,3.0,2.0,1.0,0.0,2.0,0.0,0.0,0.0,0.0,1.0,0.0,2.0,37.2,2235.0
2283143,E. Moratinos Molino,981335,CESUR DISTRITO OLIMPICO,,6,Rolling Big,https://imagenes.feb.es/Foto.aspx?c=2283143,2,0,3.7,0.0,0.0,0.0,0.0,0.5,0.5,0.0,0.0,0.5,0.5,0.0,3.0,-1.0,0.0,1.0,0.0,0.0,0.0,0.0,0.0,0.0,0.0,0.0,0.0,0.0,0.0,33.3,-0.6,0.0,0.0,15.5,0.0,0.0,18.3,0.0,0.0,1.0,1.0,0.0,1.0,-2.0,0.0,2.0,0.0,0.0,0.0,0.0,7.4,441.0
2371275,V. Serrano Gutierrez,981335,CESUR DISTRITO OLIMPICO,,6,,https://imagenes.feb.es/Foto.aspx?c=2371275,1,0,3.5,0.0,1.0,0.0,1.0,0.0,0.0,0.0,1.0,0.0,0.0,0.0,-3.0,-1.0,0.0,1.0,0.0,0.0,1.0,0.0,0.0,0.0,0.0,0.0,0.0,50.0,0.0,0.0,-0.7,,,,,,,0.0,1.0,0.0,0.0,0.0,0.0,-1.0,0.0,1.0,0.0,1.0,0.0,0.0,3.5,213.0
1727776,P. Curto Garcia,981304,DISHELEC 65 VILADECANS,PG,1,Offensive Engine,https://imagenes.feb.es/Foto.aspx?c=1727776,23,15,25.2,9.8,1.1,4.3,5.5,1.7,1.5,0.1,0.2,1.9,1.3,2.4,-5.1,10.3,1.4,4.0,34.8,1.7,6.2,28.0,1.8,2.2,82.0,43.8,39.1,60.9,21.3,14.6,6.2,38.7,43.0,14.2,5.2,22.2,25.0,225.0,126.0,40.0,35.0,2.0,44.0,238.0,32.0,92.0,40.0,143.0,41.0,50.0,578.9,34747.0
1398200,J. Turrion Aranda,981304,DISHELEC 65 VILADECANS,PG,1,Lead Guard,https://imagenes.feb.es/Foto.aspx?c=1398200,17,15,26.8,9.2,0.5,4.7,5.2,2.1,2.2,0.2,0.1,2.1,2.2,3.8,-2.6,10.3,1.3,3.9,32.8,1.5,6.6,22.3,2.2,2.6,86.4,39.6,33.2,62.6,24.6,15.4,5.4,34.4,40.5,14.6,1.9,28.5,24.4,157.0,88.0,36.0,37.0,4.0,36.0,175.0,22.0,67.0,25.0,112.0,38.0,44.0,455.1,27307.0
2146979,N. Sanchez Marques,981304,DISHELEC 65 VILADECANS,PG,1,Offensive Engine,https://imagenes.feb.es/Foto.aspx?c=2146979,24,9,23.5,7.6,0.3,2.2,2.5,1.9,1.3,0.1,0.3,2.6,2.4,3.3,-3.0,6.6,1.4,3.3,42.5,0.8,2.8,28.4,2.4,3.5,67.9,49.5,42.5,45.6,57.1,25.5,3.7,41.6,48.2,25.0,1.4,60.2,21.1,182.0,61.0,45.0,31.0,2.0,63.0,158.0,34.0,80.0,19.0,67.0,57.0,84.0,563.1,33795.0
1910113,L. Anducas Rodon,981304,DISHELEC 65 VILADECANS,PG,1,Offensive Engine,https://imagenes.feb.es/Foto.aspx?c=1910113,24,12,21.4,7.4,0.8,3.5,4.2,2.2,1.1,0.3,0.2,2.8,2.3,3.7,-1.7,9.5,1.6,3.5,44.7,0.7,2.2,29.6,2.2,3.0,74.0,52.0,44.6,38.8,52.5,28.1,4.7,43.6,52.6,27.9,4.2,65.0,22.2,178.0,101.0,53.0,27.0,7.0,67.0,229.0,38.0,85.0,16.0,54.0,54.0,73.0,512.5,30754.0
2082380,J. Torreño Jimenez,981304,DISHELEC 65 VILADECANS,PG,1,Offensive Engine,https://imagenes.feb.es/Foto.aspx?c=2082380,16,2,15.0,5.2,0.7,1.4,2.1,1.2,0.6,0.0,0.1,0.9,1.2,1.4,-2.6,5.1,0.8,2.0,40.6,0.8,2.4,34.2,1.1,1.5,75.0,51.5,46.4,54.3,34.3,15.7,3.5,45.2,52.0,13.7,5.4,57.7,19.3,83.0,33.0,19.0,9.0,0.0,15.0,81.0,13.0,32.0,13.0,38.0,18.0,24.0,239.8,14392.0
1956668,M. Ribera Sanuy,981304,DISHELEC 65 VILADECANS,PG,1,Offensive Engine,https://imagenes.feb.es/Foto.aspx?c=1956668,24,13,21.0,4.9,0.9,1.1,2.0,1.0,1.0,0.0,0.1,1.7,1.7,1.8,0.6,3.1,1.0,3.3,31.6,0.6,1.9,32.6,1.0,1.7,56.1,41.2,38.0,36.8,32.8,22.3,1.9,35.7,39.0,20.6,5.1,42.3,17.4,118.0,48.0,24.0,24.0,1.0,41.0,74.0,25.0,79.0,15.0,46.0,23.0,41.0,504.7,30290.0
1663009,Q. Ubia Llunell,981304,DISHELEC 65 VILADECANS,PG,1,Offensive Engine,https://imagenes.feb.es/Foto.aspx?c=1663009,23,21,21.9,2.9,0.3,2.3,2.6,1.6,0.7,0.0,0.1,1.3,2.9,1.1,-2.7,2.0,0.5,1.1,44.0,0.5,2.1,24.5,0.3,0.7,47.1,40.5,39.2,66.2,23.0,27.6,1.1,32.2,31.6,28.5,1.8,24.9,10.6,66.0,60.0,36.0,15.0,1.0,31.0,47.0,11.0,25.0,12.0,49.0,8.0,17.0,504.8,30290.0
2050407,L. Sanchez Garcia,981304,DISHELEC 65 VILADECANS,PF,4,3&D Wing,https://imagenes.feb.es/Foto.aspx?c=2050407,24,21,25.4,8.6,1.4,3.9,5.3,1.1,0.7,0.5,0.2,1.7,3.0,1.2,-2.0,7.8,2.8,5.5,50.4,0.7,2.3,28.6,1.1,1.8,64.3,50.4,48.1,29.9,22.5,16.6,5.3,46.1,48.6,16.8,6.1,24.3,19.3,207.0,127.0,26.0,17.0,12.0,41.0,186.0,66.0,131.0,16.0,56.0,27.0,42.0,609.3,36564.0
2056456,N. Soler Ramos,981304,DISHELEC 65 VILADECANS,PF,4,3&D Wing,https://imagenes.feb.es/Foto.aspx?c=2056456,21,2,13.2,3.0,1.0,1.9,3.0,0.7,0.3,0.0,0.0,0.7,1.3,0.7,-2.0,3.6,0.9,1.7,51.4,0.3,1.2,24.0,0.4,0.8,56.2,47.0,45.0,41.7,26.7,17.3,2.2,43.0,47.4,19.3,9.0,36.9,14.1,63.0,62.0,14.0,6.0,1.0,14.0,76.0,18.0,35.0,6.0,25.0,9.0,16.0,278.2,16692.0
2322360,A. Torne Labarta,981304,DISHELEC 65 VILADECANS,C,5,Traditional Center,https://imagenes.feb.es/Foto.aspx?c=2322360,24,10,23.2,8.8,2.0,3.8,5.8,1.5,0.4,0.5,0.4,2.5,2.0,1.7,-2.5,9.7,3.9,7.9,49.5,0.0,0.2,0.0,1.0,1.4,72.7,50.8,48.5,2.1,17.0,22.1,5.6,47.7,50.2,21.1,9.5,18.0,23.2,212.0,139.0,35.0,9.0,13.0,59.0,233.0,94.0,190.0,0.0,4.0,24.0,33.0,556.4,33380.0
2240210,A. Alcantara Ros,981304,DISHELEC 65 VILADECANS,,6,,https://imagenes.feb.es/Foto.aspx?c=2240210,5,0,2.0,0.6,0.0,0.4,0.4,0.0,0.0,0.2,0.2,0.2,0.0,0.2,-1.0,0.4,0.2,0.4,50.0,0.0,0.4,0.0,0.2,0.4,50.0,30.7,25.0,50.0,50.0,17.0,0.1,,,,,,,3.0,2.0,0.0,0.0,1.0,1.0,2.0,1.0,2.0,0.0,2.0,1.0,2.0,9.9,598.0
2080127,E. Berenguer Fernandez,981304,DISHELEC 65 VILADECANS,,6,,https://imagenes.feb.es/Foto.aspx?c=2080127,1,0,3.5,0.0,0.0,0.0,0.0,1.0,0.0,0.0,0.0,0.0,0.0,0.0,-6.0,0.0,0.0,1.0,0.0,0.0,0.0,0.0,0.0,0.0,0.0,0.0,0.0,0.0,0.0,0.0,0.0,,,,,,,0.0,0.0,1.0,0.0,0.0,0.0,0.0,0.0,1.0,0.0,0.0,0.0,0.0,3.5,211.0
2189878,M. Fernandez Galan,981304,DISHELEC 65 VILADECANS,,6,,https://imagenes.feb.es/Foto.aspx?c=2189878,1,0,0.6,0.0,0.0,0.0,0.0,0.0,0.0,0.0,0.0,0.0,0.0,0.0,-5.0,0.0,0.0,0.0,0.0,0.0,0.0,0.0,0.0,0.0,0.0,0.0,0.0,0.0,0.0,0.0,0.0,,,,,,,0.0,0.0,0.0,0.0,0.0,0.0,0.0,0.0,0.0,0.0,0.0,0.0,0.0,0.6,37.0
2194944,B. Larrea Hijano,981304,DISHELEC 65 VILADECANS,,6,,https://imagenes.feb.es/Foto.aspx?c=2194944,1,0,3.6,0.0,1.0,1.0,2.0,0.0,0.0,0.0,0.0,0.0,0.0,0.0,5.0,2.0,0.0,0.0,0.0,0.0,0.0,0.0,0.0,0.0,0.0,0.0,0.0,0.0,0.0,0.0,1.0,,,,,,,0.0,2.0,0.0,0.0,0.0,0.0,2.0,0.0,0.0,0.0,0.0,0.0,0.0,3.6,216.0
2240744,I. Rastrojo Obrero,981304,DISHELEC 65 VILADECANS,,6,,https://imagenes.feb.es/Foto.aspx?c=2240744,1,0,1.5,0.0,0.0,0.0,0.0,0.0,0.0,0.0,0.0,0.0,0.0,0.0,-1.0,0.0,0.0,0.0,0.0,0.0,0.0,0.0,0.0,0.0,0.0,0.0,0.0,0.0,0.0,0.0,0.0,,,,,,,0.0,0.0,0.0,0.0,0.0,0.0,0.0,0.0,0.0,0.0,0.0,0.0,0.0,1.5,91.0
2396917,D. Cañizares Herrera,981304,DISHELEC 65 VILADECANS,,6,,https://imagenes.feb.es/Foto.aspx?c=2396917,2,0,1.2,0.0,0.0,0.0,0.0,0.0,0.0,0.0,0.0,0.0,0.0,0.0,0.5,0.0,0.0,0.0,0.0,0.0,0.0,0.0,0.0,0.0,0.0,0.0,0.0,0.0,0.0,0.0,0.0,,,,,,,0.0,0.0,0.0,0.0,0.0,0.0,0.0,0.0,0.0,0.0,0.0,0.0,0.0,2.3,136.0
1434653,B. Martinez Sanz,981227,DPES CB CIUDAD DE MOSTOLES,PG,1,Lead Guard,https://imagenes.feb.es/Foto.aspx?c=1434653,15,15,28.2,12.3,1.5,3.1,4.7,3.1,1.9,0.2,0.1,3.3,2.7,3.2,1.9,12.9,2.9,5.6,51.2,1.2,3.5,34.0,2.9,4.3,67.7,55.6,51.1,38.7,47.4,23.2,8.8,50.8,56.0,22.6,6.2,57.5,23.4,184.0,70.0,46.0,29.0,3.0,50.0,193.0,43.0,84.0,18.0,53.0,44.0,65.0,422.3,25334.0
2040603,P. Gonzalez Gonzalez,981227,DPES CB CIUDAD DE MOSTOLES,PG,1,Lead Guard,https://imagenes.feb.es/Foto.aspx?c=2040603,23,2,21.6,10.4,0.5,1.3,1.8,1.3,2.1,0.0,0.2,2.0,2.7,3.6,7.2,7.0,2.5,5.4,46.0,1.0,4.0,26.1,2.3,4.0,57.0,46.5,43.1,42.6,43.1,14.9,5.3,43.1,46.3,14.7,2.6,46.5,27.5,239.0,42.0,31.0,49.0,1.0,45.0,161.0,57.0,124.0,24.0,92.0,53.0,93.0,497.9,29869.0
2035086,M. Gamez Martinez,981227,DPES CB CIUDAD DE MOSTOLES,PG,1,Lead Guard,https://imagenes.feb.es/Foto.aspx?c=2035086,24,4,17.9,6.5,0.9,1.6,2.5,1.4,1.4,0.4,0.1,1.6,2.1,1.0,3.9,6.5,1.8,2.9,62.3,0.8,2.2,34.6,0.6,1.0,60.0,58.7,57.9,43.0,20.7,22.8,5.1,53.2,55.3,25.4,5.3,31.5,17.8,155.0,59.0,33.0,34.0,10.0,39.0,155.0,43.0,69.0,18.0,52.0,15.0,25.0,430.7,25847.0
2162836,D. Vaquero Martinez,981227,DPES CB CIUDAD DE MOSTOLES,PG,1,Offensive Engine,https://imagenes.feb.es/Foto.aspx?c=2162836,24,4,13.5,5.0,0.4,1.2,1.6,0.6,0.7,0.1,0.1,1.1,1.0,2.0,1.0,3.5,1.4,4.0,35.1,0.2,1.2,17.9,1.6,2.4,65.5,40.2,33.2,22.4,46.4,14.7,2.0,29.3,35.9,13.9,3.2,50.4,24.5,121.0,39.0,14.0,16.0,2.0,26.0,84.0,34.0,97.0,5.0,28.0,38.0,58.0,324.1,19442.0
1981139,S. Blanco Guitian,981227,DPES CB CIUDAD DE MOSTOLES,PG,1,3&D Wing,https://imagenes.feb.es/Foto.aspx?c=1981139,7,3,14.0,4.6,0.1,0.9,1.0,1.7,0.4,0.0,0.1,1.1,1.1,0.4,1.0,2.7,0.4,0.7,60.0,1.1,4.0,28.6,0.3,0.3,100.0,47.2,45.5,84.8,6.1,19.1,2.3,43.3,43.8,18.3,2.5,4.4,16.1,32.0,7.0,12.0,3.0,0.0,8.0,19.0,3.0,5.0,8.0,28.0,2.0,2.0,98.2,5899.0
1981139,S. Blanco Guitian,981227,DPES CB CIUDAD DE MOSTOLES,PG,1,3&D Wing,https://imagenes.feb.es/Foto.aspx?c=1981139,7,3,14.0,4.6,0.1,0.9,1.0,1.7,0.4,0.0,0.1,1.1,1.1,0.4,1.0,2.7,0.4,0.7,60.0,1.1,4.0,28.6,0.3,0.3,100.0,47.2,45.5,84.8,6.1,19.1,2.3,43.3,43.8,18.3,2.5,4.4,16.1,32.0,7.0,12.0,3.0,0.0,8.0,19.0,3.0,5.0,8.0,28.0,2.0,2.0,98.2,5899.0
1589173,M. Correa Villalona,981227,DPES CB CIUDAD DE MOSTOLES,PG,1,Offensive Engine,https://imagenes.feb.es/Foto.aspx?c=1589173,24,20,19.0,3.4,0.5,1.4,1.8,1.7,1.5,0.1,0.1,1.8,2.2,2.6,0.3,3.7,0.4,1.9,20.0,0.5,1.3,34.4,1.2,2.2,57.7,40.5,33.1,41.6,67.5,30.1,1.9,30.4,37.4,26.6,2.5,76.0,14.1,81.0,44.0,41.0,35.0,2.0,43.0,89.0,9.0,45.0,11.0,32.0,30.0,52.0,455.6,27327.0
1740994,B. Rodríguez Bazaga,981227,DPES CB CIUDAD DE MOSTOLES,SG,2,Offensive Engine,https://imagenes.feb.es/Foto.aspx?c=1740994,24,23,24.2,9.8,0.2,1.2,1.5,1.9,1.1,0.2,0.0,1.7,2.6,1.2,2.2,5.8,1.0,2.0,51.0,2.2,6.5,33.5,1.2,1.3,87.5,53.7,50.5,76.0,15.7,15.5,5.4,48.5,51.3,15.0,1.2,15.2,20.1,234.0,35.0,45.0,27.0,4.0,40.0,140.0,25.0,49.0,52.0,155.0,28.0,32.0,580.7,34827.0
1871083,A. Quesada Romero,981227,DPES CB CIUDAD DE MOSTOLES,SF,3,Rolling Big,https://imagenes.feb.es/Foto.aspx?c=1871083,10,1,8.0,1.8,0.3,0.6,0.9,0.5,0.1,0.1,0.1,0.3,1.4,0.3,0.0,0.0,0.0,0.4,0.0,0.6,2.2,27.3,0.0,0.0,0.0,34.6,34.6,84.6,0.0,10.3,0.3,41.5,41.5,6.8,4.3,0.0,16.5,18.0,9.0,5.0,1.0,1.0,3.0,0.0,0.0,4.0,6.0,22.0,0.0,0.0,79.7,4780.0
1819108,N. Gomez Cobo,981227,DPES CB CIUDAD DE MOSTOLES,PF,4,3&D Wing,https://imagenes.feb.es/Foto.aspx?c=1819108,24,8,19.6,5.5,1.7,2.8,4.4,1.2,0.9,0.1,0.1,1.0,1.9,1.2,0.5,6.9,1.6,3.8,42.4,0.6,1.8,32.6,0.5,0.7,76.5,46.7,44.4,31.9,12.6,14.9,4.4,43.7,45.2,15.5,8.9,10.8,16.1,133.0,106.0,30.0,21.0,3.0,25.0,166.0,39.0,92.0,14.0,43.0,13.0,17.0,469.3,28155.0
1178705,A. Peredo Lopez,981227,DPES CB CIUDAD DE MOSTOLES,PF,4,3&D Wing,https://imagenes.feb.es/Foto.aspx?c=1178705,23,14,19.3,4.6,0.5,4.4,4.9,1.7,0.6,0.3,0.0,0.8,0.8,0.6,4.4,6.5,0.4,1.9,22.7,1.1,4.1,27.7,0.3,0.4,70.0,36.9,35.5,68.1,7.2,11.8,3.5,32.0,33.5,11.9,2.7,8.2,16.5,105.0,113.0,39.0,14.0,7.0,19.0,149.0,10.0,44.0,26.0,94.0,7.0,10.0,443.6,26612.0
1222687,B. Moreno Hurtado,981227,DPES CB CIUDAD DE MOSTOLES,PF,4,3&D Wing,https://imagenes.feb.es/Foto.aspx?c=1222687,21,1,17.0,4.1,0.5,2.8,3.3,1.3,0.4,0.3,0.0,1.2,2.1,1.0,4.6,4.0,0.9,2.0,41.9,0.5,2.1,22.7,1.0,1.1,87.0,44.3,37.9,50.6,26.4,21.1,2.3,36.7,45.0,18.9,3.5,28.4,15.7,86.0,69.0,27.0,9.0,6.0,26.0,85.0,18.0,43.0,10.0,44.0,20.0,23.0,356.3,21374.0
2499420,C. Bokuy Angue,981227,DPES CB CIUDAD DE MOSTOLES,PF,4,Rolling Big,https://imagenes.feb.es/Foto.aspx?c=2499420,5,0,5.2,0.6,0.2,1.2,1.4,0.4,0.2,0.0,0.0,0.0,0.4,0.2,1.4,1.8,0.0,0.2,0.0,0.2,0.4,50.0,0.0,0.2,0.0,43.6,50.0,66.7,33.3,0.0,1.0,17.3,17.3,0.0,3.8,0.0,5.7,3.0,7.0,2.0,1.0,0.0,0.0,9.0,0.0,1.0,1.0,2.0,0.0,1.0,26.0,1559.0
2404223,E. Abubakar Arrey,981227,DPES CB CIUDAD DE MOSTOLES,C,5,Traditional Center,https://imagenes.feb.es/Foto.aspx?c=2404223,24,23,22.6,9.5,2.9,5.0,7.9,1.1,1.3,0.5,0.4,2.2,3.0,4.6,0.4,13.3,3.3,7.8,42.5,0.0,0.0,0.0,3.0,4.8,61.2,48.1,42.2,0.5,62.0,18.2,7.2,43.4,49.0,17.9,14.3,65.7,24.6,229.0,190.0,27.0,32.0,11.0,53.0,320.0,79.0,186.0,0.0,1.0,71.0,116.0,541.8,32517.0
2527859,A. Jimenez Vizcaino,981227,DPES CB CIUDAD DE MOSTOLES,C,6,Traditional Center,https://imagenes.feb.es/Foto.aspx?c=2527859,4,2,16.4,4.2,2.0,2.8,4.8,0.5,0.8,0.5,0.0,2.0,2.5,1.5,2.2,3.5,2.0,4.5,44.4,0.0,0.5,0.0,0.2,1.5,16.7,37.5,40.0,10.0,30.0,26.1,1.7,38.0,34.7,25.7,14.2,26.5,20.9,17.0,19.0,2.0,3.0,2.0,8.0,14.0,8.0,18.0,0.0,2.0,1.0,6.0,65.5,3937.0
2367464,H. Sanz Rabja,981227,DPES CB CIUDAD DE MOSTOLES,,6,,https://imagenes.feb.es/Foto.aspx?c=2367464,1,0,0.4,3.0,0.0,0.0,0.0,0.0,0.0,0.0,0.0,0.0,0.0,0.0,3.0,3.0,0.0,0.0,0.0,1.0,1.0,100.0,0.0,0.0,0.0,150.0,150.0,100.0,0.0,0.0,2.7,,,,,,,3.0,0.0,0.0,0.0,0.0,0.0,3.0,0.0,0.0,1.0,1.0,0.0,0.0,0.4,23.0
2226042,N. Nieva Vicente,981227,DPES CB CIUDAD DE MOSTOLES,,6,,https://imagenes.feb.es/Foto.aspx?c=2226042,1,0,1.3,0.0,0.0,0.0,0.0,0.0,0.0,0.0,0.0,0.0,0.0,0.0,2.0,0.0,0.0,0.0,0.0,0.0,0.0,0.0,0.0,0.0,0.0,0.0,0.0,0.0,0.0,0.0,0.0,,,,,,,0.0,0.0,0.0,0.0,0.0,0.0,0.0,0.0,0.0,0.0,0.0,0.0,0.0,1.3,76.0
2284393,S. Martinez Gallego,981227,DPES CB CIUDAD DE MOSTOLES,,6,,https://imagenes.feb.es/Foto.aspx?c=2284393,2,0,1.5,0.0,0.0,0.0,0.0,0.0,0.0,0.0,0.0,0.5,0.0,0.0,-3.0,-1.5,0.0,1.0,0.0,0.0,0.0,0.0,0.0,0.0,0.0,0.0,0.0,0.0,0.0,33.3,-1.2,,,,,,,0.0,0.0,0.0,0.0,0.0,1.0,-3.0,0.0,2.0,0.0,0.0,0.0,0.0,3.0,182.0
2285191,C. Martinez Gallego,981227,DPES CB CIUDAD DE MOSTOLES,,6,,https://imagenes.feb.es/Foto.aspx?c=2285191,1,0,2.0,0.0,0.0,0.0,0.0,1.0,0.0,0.0,0.0,0.0,0.0,0.0,0.0,1.0,0.0,0.0,0.0,0.0,0.0,0.0,0.0,0.0,0.0,0.0,0.0,0.0,0.0,0.0,0.7,,,,,,,0.0,0.0,1.0,0.0,0.0,0.0,1.0,0.0,0.0,0.0,0.0,0.0,0.0,2.0,120.0
2370953,S. Cuquerella Martin,981227,DPES CB CIUDAD DE MOSTOLES,,6,,https://imagenes.feb.es/Foto.aspx?c=2370953,1,0,2.0,0.0,0.0,0.0,0.0,0.0,0.0,0.0,0.0,1.0,1.0,0.0,1.0,-3.0,0.0,0.0,0.0,0.0,1.0,0.0,0.0,0.0,0.0,0.0,0.0,100.0,0.0,50.0,-2.1,,,,,,,0.0,0.0,0.0,0.0,0.0,1.0,-3.0,0.0,0.0,0.0,1.0,0.0,0.0,2.0,120.0
1111828,L. Fernandez Fiel,982048,EL PLANTEL GMASB,PG,1,Offensive Engine,https://imagenes.feb.es/Foto.aspx?c=1111828,21,14,26.7,10.6,0.6,2.5,3.1,1.7,0.8,0.0,0.1,2.0,1.6,3.4,-5.5,8.5,2.7,6.5,41.2,1.0,3.7,26.0,2.4,3.3,72.9,45.7,40.4,36.2,32.9,15.0,5.0,39.9,44.9,15.1,2.5,39.3,24.5,223.0,66.0,35.0,16.0,0.0,43.0,179.0,56.0,136.0,20.0,77.0,51.0,70.0,560.5,33626.0
1974272,R. Revueltas Pareja,982048,EL PLANTEL GMASB,PG,1,Offensive Engine,https://imagenes.feb.es/Foto.aspx?c=1974272,24,20,25.2,10.5,1.3,3.6,4.9,1.8,0.9,0.0,0.0,2.4,2.8,3.5,-3.8,7.4,2.5,6.3,39.5,1.0,4.9,21.2,2.3,3.5,66.7,40.9,36.1,43.7,31.1,15.9,4.1,35.6,40.4,16.0,5.4,36.3,28.6,251.0,117.0,43.0,21.0,0.0,58.0,178.0,60.0,152.0,25.0,118.0,56.0,84.0,604.1,36234.0
1080472,P. Benet Edo,982048,EL PLANTEL GMASB,PG,1,Offensive Engine,https://imagenes.feb.es/Foto.aspx?c=1080472,14,4,22.8,8.8,0.6,2.9,3.4,2.9,1.1,0.1,0.2,1.4,1.2,2.9,1.8,10.4,1.6,4.1,40.4,1.2,3.9,30.9,1.9,2.8,66.7,47.6,43.3,49.1,34.8,13.4,6.5,43.6,47.4,13.1,2.9,32.3,22.3,123.0,48.0,40.0,15.0,2.0,20.0,146.0,23.0,57.0,17.0,55.0,26.0,39.0,319.2,19157.0
2124275,C. Villanueva Lazaro,982048,EL PLANTEL GMASB,PG,1,Offensive Engine,https://imagenes.feb.es/Foto.aspx?c=2124275,24,10,23.1,8.1,0.7,2.9,3.6,2.5,1.2,0.2,0.2,2.5,3.1,4.0,-1.3,8.0,1.5,3.8,40.2,0.6,3.0,20.8,3.1,4.3,72.8,46.3,36.3,43.9,62.8,22.6,4.3,36.8,46.0,21.5,3.3,70.7,23.0,194.0,87.0,59.0,28.0,4.0,61.0,193.0,37.0,92.0,15.0,72.0,75.0,103.0,553.9,33232.0
2307170,A. Rodriguez Romero,982048,EL PLANTEL GMASB,PG,1,Rolling Big,https://imagenes.feb.es/Foto.aspx?c=2307170,5,0,9.0,0.4,0.2,0.8,1.0,0.2,1.0,0.0,0.0,0.6,0.8,0.4,-0.8,-2.0,0.2,1.0,20.0,0.0,2.0,0.0,0.0,0.8,0.0,6.0,6.7,66.7,26.7,15.2,-1.3,4.8,4.8,15.4,2.5,40.4,20.5,2.0,5.0,1.0,5.0,0.0,3.0,-10.0,1.0,5.0,0.0,10.0,0.0,4.0,45.1,2706.0
2232865,M. Sanchez Valenzuela,982048,EL PLANTEL GMASB,SF,3,3&D Wing,https://imagenes.feb.es/Foto.aspx?c=2232865,24,24,31.0,9.1,0.5,1.6,2.2,1.0,0.7,0.1,0.2,1.0,2.2,1.0,-5.9,3.9,1.2,3.3,37.5,2.0,6.2,32.0,0.6,1.2,53.6,45.2,44.3,65.2,12.2,9.0,3.9,47.9,48.9,9.2,1.9,13.4,17.0,219.0,52.0,23.0,17.0,3.0,24.0,94.0,30.0,80.0,48.0,150.0,15.0,28.0,744.0,44650.0
2819272,D. Ryzinska,982048,EL PLANTEL GMASB,PF,4,3&D Wing,https://imagenes.feb.es/Foto.aspx?c=2819272,24,19,22.5,3.8,0.5,3.9,4.4,0.8,0.6,0.0,0.3,0.8,3.2,1.0,-3.8,3.1,1.4,3.3,43.0,0.2,1.6,13.2,0.4,0.7,56.2,37.1,35.5,32.5,13.7,13.3,1.6,35.8,37.7,13.5,2.4,16.0,12.5,92.0,105.0,18.0,15.0,1.0,19.0,75.0,34.0,79.0,5.0,38.0,9.0,16.0,540.8,32452.0
2819274,O. Schlegl,982048,EL PLANTEL GMASB,PF,4,3&D Wing,https://imagenes.feb.es/Foto.aspx?c=2819274,22,5,14.1,3.2,1.2,1.2,2.4,0.6,0.3,0.0,0.0,0.8,1.1,0.9,-2.2,2.4,0.6,1.5,42.4,0.5,2.6,17.5,0.5,0.7,80.0,36.2,32.2,63.3,16.7,15.0,1.4,30.5,37.8,14.2,9.5,16.9,17.3,70.0,53.0,13.0,7.0,1.0,17.0,52.0,14.0,33.0,10.0,57.0,12.0,15.0,310.0,18605.0
2364455,T. Sene,982048,EL PLANTEL GMASB,PF,4,3&D Wing,https://imagenes.feb.es/Foto.aspx?c=2364455,22,2,8.7,2.4,0.3,1.5,1.9,0.2,0.4,0.0,0.0,0.6,1.5,0.8,0.0,2.0,0.9,1.9,45.2,0.0,0.2,25.0,0.5,1.0,52.2,47.2,44.6,8.7,50.0,18.8,1.2,41.0,41.3,12.0,3.9,61.4,17.3,53.0,41.0,4.0,9.0,0.0,13.0,43.0,19.0,42.0,1.0,4.0,12.0,23.0,191.4,11473.0
2202075,M. Garcia Garrido,982048,EL PLANTEL GMASB,PF,4,3&D Wing,https://imagenes.feb.es/Foto.aspx?c=2202075,14,1,10.6,2.1,0.5,1.1,1.6,0.3,0.2,0.1,0.1,0.6,0.7,0.6,-4.0,1.6,0.4,1.1,31.2,0.4,1.2,29.4,0.3,0.5,57.1,40.2,37.9,51.5,21.2,18.1,0.9,34.6,38.0,19.7,5.4,19.8,14.4,29.0,22.0,4.0,3.0,1.0,8.0,23.0,5.0,16.0,5.0,17.0,4.0,7.0,148.5,8896.0
2746773,O. Betancourt Labrador,982048,EL PLANTEL GMASB,C,5,Stretch Big,https://imagenes.feb.es/Foto.aspx?c=2746773,14,14,30.6,14.9,3.5,7.7,11.2,0.9,0.9,0.4,0.1,2.6,2.2,3.8,-1.3,20.3,4.8,9.4,50.8,0.5,1.8,28.0,3.8,4.8,79.1,55.8,49.4,15.9,42.7,16.6,11.8,50.9,56.8,16.4,12.1,47.0,24.1,208.0,157.0,13.0,12.0,6.0,37.0,284.0,67.0,132.0,7.0,25.0,53.0,67.0,429.0,25732.0
2419277,A. Cisse Barragan,982048,EL PLANTEL GMASB,C,5,Traditional Center,https://imagenes.feb.es/Foto.aspx?c=2419277,7,1,12.9,1.3,0.7,1.3,2.0,0.3,0.1,0.6,0.1,1.1,2.0,0.4,-6.7,0.4,0.6,1.0,57.1,0.0,0.0,0.0,0.1,0.9,16.7,46.7,57.1,0.0,85.7,45.4,0.2,37.8,27.9,41.9,6.3,102.3,10.2,9.0,14.0,2.0,1.0,4.0,8.0,3.0,4.0,7.0,0.0,0.0,1.0,6.0,90.5,5430.0
2112760,M. Diaz Torres,982048,EL PLANTEL GMASB,C,5,Rolling Big,https://imagenes.feb.es/Foto.aspx?c=2112760,24,6,10.8,1.0,1.2,1.1,2.3,0.3,0.4,0.1,0.1,0.7,2.0,0.6,-2.4,0.8,0.3,1.2,25.0,0.0,0.1,50.0,0.3,0.6,46.7,32.8,28.3,6.7,50.0,31.7,0.5,20.5,21.7,29.7,13.1,57.0,10.0,24.0,56.0,7.0,9.0,3.0,17.0,18.0,7.0,28.0,1.0,2.0,7.0,15.0,259.5,15582.0
2664237,C. Rojas Cepero,982048,EL PLANTEL GMASB,,6,Rolling Big,https://imagenes.feb.es/Foto.aspx?c=2664237,8,0,3.6,0.8,0.4,0.8,1.1,0.1,0.1,0.0,0.0,0.4,0.4,0.2,-4.5,0.6,0.1,0.8,16.7,0.1,0.4,33.3,0.1,0.2,50.0,30.4,27.8,33.3,22.2,23.3,0.2,14.4,16.5,10.3,11.6,10.2,21.1,6.0,9.0,1.0,1.0,0.0,3.0,5.0,1.0,6.0,1.0,3.0,1.0,2.0,28.9,1725.0
2036170,A. Peregrina Garcia,981212,ELSAMEX CB ANDRATX,PG,1,Offensive Engine,https://imagenes.feb.es/Foto.aspx?c=2036170,22,19,29.5,11.3,0.5,4.0,4.5,3.0,1.5,0.1,0.2,3.5,1.8,5.0,-9.8,12.3,2.0,5.2,37.7,1.5,5.0,30.9,2.7,3.8,71.4,47.5,42.0,49.1,37.5,23.0,6.1,40.9,46.0,23.1,2.0,36.2,24.5,248.0,99.0,66.0,33.0,2.0,78.0,270.0,43.0,114.0,34.0,110.0,60.0,84.0,649.9,38993.0
1762758,P. Charro Och,981212,ELSAMEX CB ANDRATX,PG,1,Offensive Engine,https://imagenes.feb.es/Foto.aspx?c=1762758,18,15,19.3,6.9,0.8,1.6,2.4,1.2,0.5,0.1,0.1,0.9,1.5,0.8,-3.9,3.4,1.5,4.1,37.0,1.1,4.2,26.3,0.6,1.0,61.1,39.8,38.3,51.0,12.1,9.8,2.9,36.0,37.3,9.2,4.5,11.2,23.4,125.0,43.0,22.0,9.0,1.0,17.0,61.0,27.0,73.0,20.0,76.0,11.0,18.0,346.6,20801.0
2148958,M. López Martí,981212,ELSAMEX CB ANDRATX,PG,1,Offensive Engine,https://imagenes.feb.es/Foto.aspx?c=2148958,24,6,22.4,3.9,0.7,2.4,3.1,1.9,1.4,0.0,0.1,2.0,1.1,0.8,-9.1,5.8,1.0,2.2,46.2,0.5,1.4,39.4,0.3,0.5,63.6,52.3,51.2,38.8,12.9,35.3,3.4,50.0,51.5,30.6,3.4,19.7,12.0,94.0,74.0,45.0,34.0,0.0,49.0,140.0,24.0,52.0,13.0,33.0,7.0,11.0,537.1,32226.0
2276474,L. García Rivera,981212,ELSAMEX CB ANDRATX,PG,1,Rolling Big,https://imagenes.feb.es/Foto.aspx?c=2276474,23,2,16.6,2.3,0.5,0.8,1.3,1.1,0.7,0.0,0.1,1.1,1.3,1.0,-7.1,1.0,1.0,3.3,32.0,0.0,0.5,8.3,0.1,0.4,22.2,29.1,29.3,13.8,10.3,21.6,0.4,23.6,23.4,23.0,3.7,13.8,14.1,53.0,31.0,25.0,16.0,0.0,25.0,23.0,24.0,75.0,1.0,12.0,2.0,9.0,382.0,22925.0
2120195,A. Real Cerda,981212,ELSAMEX CB ANDRATX,PG,1,Offensive Engine,https://imagenes.feb.es/Foto.aspx?c=2120195,14,0,6.3,1.4,0.2,0.5,0.7,0.5,0.4,0.1,0.0,0.9,1.8,0.9,-3.2,-0.1,0.3,0.8,36.4,0.1,0.6,11.1,0.6,0.9,66.7,37.6,27.5,45.0,60.0,34.0,-0.1,24.4,35.6,37.9,3.6,43.8,20.2,19.0,10.0,7.0,6.0,1.0,13.0,-2.0,4.0,11.0,1.0,9.0,8.0,12.0,88.6,5316.0
1461086,P. Comella Pons,981212,ELSAMEX CB ANDRATX,SG,2,Offensive Engine,https://imagenes.feb.es/Foto.aspx?c=1461086,23,22,34.1,13.9,0.7,3.4,4.1,2.0,1.4,0.0,0.3,2.0,1.0,3.2,-10.9,12.5,2.7,7.4,36.5,2.1,5.8,35.8,2.3,3.0,75.4,47.9,44.1,44.1,22.7,12.1,8.3,43.2,47.1,12.3,2.4,24.3,22.7,320.0,95.0,46.0,33.0,1.0,46.0,288.0,62.0,170.0,48.0,134.0,52.0,69.0,784.6,47068.0
1489116,B. Gual Castillo,981212,ELSAMEX CB ANDRATX,SG,2,High Volume Scorer,https://imagenes.feb.es/Foto.aspx?c=1489116,5,4,24.3,12.4,1.0,3.4,4.4,1.8,0.6,0.0,0.0,1.0,1.6,0.4,-10.4,9.8,1.8,3.6,50.0,2.8,8.0,35.0,0.4,0.6,66.7,52.3,51.7,69.0,5.2,7.8,8.0,52.4,53.2,7.6,4.3,4.9,24.1,62.0,22.0,9.0,3.0,0.0,5.0,49.0,9.0,18.0,14.0,40.0,2.0,3.0,121.5,7291.0
2820516,L. Stenta,981212,ELSAMEX CB ANDRATX,SF,3,3&D Wing,https://imagenes.feb.es/Foto.aspx?c=2820516,14,0,10.4,2.3,0.2,1.5,1.7,0.3,0.2,0.0,0.1,0.8,1.1,0.4,-6.1,1.7,0.8,1.8,44.0,0.2,0.4,60.0,0.1,0.1,50.0,51.8,51.7,16.7,6.7,26.3,0.9,37.8,37.4,24.8,2.1,6.6,13.1,32.0,24.0,4.0,3.0,0.0,11.0,24.0,11.0,25.0,3.0,5.0,1.0,2.0,145.9,8747.0
2294809,P. Sans Cantallops,981212,ELSAMEX CB ANDRATX,PF,4,3&D Wing,https://imagenes.feb.es/Foto.aspx?c=2294809,24,19,23.1,7.2,0.9,2.8,3.6,1.2,0.9,0.2,0.2,2.0,3.2,2.3,-7.5,5.3,2.0,3.8,51.6,0.5,2.7,16.9,1.9,2.7,71.9,47.0,40.7,41.7,41.0,21.0,3.3,41.1,46.8,22.6,4.1,41.1,19.7,173.0,87.0,29.0,21.0,4.0,49.0,128.0,47.0,91.0,11.0,65.0,46.0,64.0,554.4,33247.0
2043611,J. Ballester Manque,981212,ELSAMEX CB ANDRATX,PF,4,3&D Wing,https://imagenes.feb.es/Foto.aspx?c=2043611,18,5,16.9,3.7,0.8,2.0,2.8,0.4,0.4,0.1,0.1,1.4,1.7,1.1,-7.8,2.3,1.4,4.0,34.7,0.1,0.1,50.0,0.7,1.2,61.9,39.6,35.8,2.7,28.4,23.8,1.1,33.6,36.0,23.7,5.3,27.4,16.9,66.0,51.0,8.0,8.0,2.0,26.0,42.0,25.0,72.0,1.0,2.0,13.0,21.0,304.7,18283.0
2553411,N. Jeng,981212,ELSAMEX CB ANDRATX,C,5,Stretch Big,https://imagenes.feb.es/Foto.aspx?c=2553411,22,13,16.3,6.9,1.7,3.2,4.9,0.9,0.7,0.0,0.4,1.9,2.7,2.4,-6.2,5.7,2.2,5.6,38.7,0.2,0.8,27.8,1.8,3.3,55.6,43.5,39.1,12.7,50.7,19.5,3.2,39.2,42.8,19.1,11.7,57.6,28.4,151.0,108.0,20.0,15.0,1.0,42.0,125.0,48.0,124.0,5.0,18.0,40.0,72.0,358.4,21509.0
1579078,H. Condom Rosell,981212,ELSAMEX CB ANDRATX,C,5,Traditional Center,https://imagenes.feb.es/Foto.aspx?c=1579078,24,10,20.2,4.3,1.3,2.7,4.0,1.0,0.5,0.2,0.3,1.5,2.2,2.2,-6.2,4.0,1.6,4.8,33.6,0.0,0.3,0.0,1.1,2.2,50.0,35.6,31.7,5.7,42.3,19.3,1.7,35.2,37.3,17.1,7.1,63.6,17.5,104.0,96.0,24.0,12.0,5.0,35.0,96.0,39.0,116.0,0.0,7.0,26.0,52.0,484.9,29088.0
2407584,D. Seguí García,981212,ELSAMEX CB ANDRATX,SF,6,Shooter Specialist,https://imagenes.feb.es/Foto.aspx?c=2407584,3,0,6.8,4.7,0.0,0.3,0.3,0.0,0.3,0.3,0.0,0.7,1.3,0.3,5.0,3.3,1.0,1.0,100.0,0.7,1.3,50.0,0.7,0.7,100.0,88.8,85.7,57.1,28.6,20.2,3.2,93.3,94.8,6.7,0.0,44.3,23.1,14.0,1.0,0.0,1.0,1.0,2.0,10.0,3.0,3.0,2.0,4.0,2.0,2.0,20.3,1219.0
2251948,F. Diallo Bagayogo,981212,ELSAMEX CB ANDRATX,,6,Stretch Big,https://imagenes.feb.es/Foto.aspx?c=2251948,4,0,4.6,3.2,0.2,0.0,0.2,0.0,0.2,0.0,0.2,0.2,0.8,0.8,-2.2,2.8,0.5,1.0,50.0,0.5,0.5,100.0,0.8,1.0,75.0,83.8,83.3,33.3,66.7,11.4,2.4,106.3,87.6,9.9,6.0,180.6,21.5,13.0,1.0,0.0,1.0,0.0,1.0,11.0,2.0,4.0,2.0,2.0,3.0,4.0,18.6,1114.0
2113013,B. Marroig Padilla,981212,ELSAMEX CB ANDRATX,,6,,https://imagenes.feb.es/Foto.aspx?c=2113013,2,0,1.4,1.0,0.0,0.5,0.5,0.0,0.0,0.0,0.0,0.0,0.0,0.5,1.0,1.5,0.0,0.5,0.0,0.0,0.0,0.0,1.0,1.0,100.0,53.2,0.0,0.0,200.0,0.0,0.8,,,,,,,2.0,1.0,0.0,0.0,0.0,0.0,3.0,0.0,1.0,0.0,0.0,2.0,2.0,2.8,173.0
2128123,N. Ipo Seriche-Dougan,981286,ESCO GRUPO FEMENINO ALCORCON,PG,1,Offensive Engine,https://imagenes.feb.es/Foto.aspx?c=2128123,23,12,25.7,9.9,1.1,3.0,4.1,3.0,1.3,0.2,0.3,2.8,2.4,4.4,6.0,9.8,2.6,6.0,42.4,0.5,2.7,19.7,3.2,5.4,59.2,44.7,38.5,30.5,62.5,20.3,5.6,37.4,44.0,20.0,4.8,67.2,23.7,228.0,94.0,69.0,29.0,5.0,65.0,226.0,59.0,139.0,12.0,61.0,74.0,125.0,590.4,35443.0
1535457,M. Aranda Fraile,981286,ESCO GRUPO FEMENINO ALCORCON,PG,1,Offensive Engine,https://imagenes.feb.es/Foto.aspx?c=1535457,24,22,22.1,6.3,0.4,1.9,2.3,2.0,1.1,0.1,0.0,1.3,1.6,0.7,4.8,5.8,0.5,1.3,35.5,1.7,4.4,39.0,0.3,0.5,53.8,53.6,53.3,77.2,9.6,18.4,4.6,51.3,52.0,18.2,1.8,9.9,14.4,152.0,55.0,49.0,26.0,2.0,32.0,139.0,11.0,31.0,41.0,105.0,7.0,13.0,530.9,31863.0
2012796,M. Blanco Eusebio,981286,ESCO GRUPO FEMENINO ALCORCON,PG,1,Offensive Engine,https://imagenes.feb.es/Foto.aspx?c=2012796,20,15,24.8,6.1,0.6,4.0,4.6,3.5,1.6,0.0,0.1,1.6,1.4,3.0,5.7,10.4,0.8,2.9,27.6,1.3,3.8,33.8,0.6,1.4,41.4,41.3,40.7,57.0,21.5,17.3,5.5,40.5,41.1,17.1,2.4,22.5,15.8,122.0,93.0,70.0,32.0,1.0,31.0,209.0,16.0,58.0,26.0,77.0,12.0,29.0,496.5,29798.0
2822981,C. Ribeiro Dos Santos Bernardeco,981286,ESCO GRUPO FEMENINO ALCORCON,PG,1,Offensive Engine,https://imagenes.feb.es/Foto.aspx?c=2822981,11,7,21.9,5.5,0.6,1.5,2.2,1.6,1.8,0.0,0.1,1.5,1.6,1.6,5.1,4.6,0.4,2.5,14.3,1.3,3.5,36.8,1.0,1.6,61.1,41.3,37.9,57.6,27.3,18.7,3.4,36.3,41.2,19.3,3.2,41.2,16.8,61.0,24.0,18.0,20.0,0.0,17.0,51.0,4.0,28.0,14.0,38.0,11.0,18.0,241.4,14493.0
2164976,A. Martínez Mora,981286,ESCO GRUPO FEMENINO ALCORCON,PG,1,Offensive Engine,https://imagenes.feb.es/Foto.aspx?c=2164976,24,12,15.6,3.8,0.5,0.5,1.1,1.8,0.9,0.1,0.0,1.4,2.4,1.2,2.2,1.9,1.0,2.3,42.9,0.3,1.6,21.1,0.8,1.5,57.1,42.0,38.3,40.4,37.2,23.7,1.8,37.3,40.8,22.8,3.9,55.1,17.0,92.0,26.0,44.0,22.0,2.0,34.0,46.0,24.0,56.0,8.0,38.0,20.0,35.0,373.3,22404.0
2182200,L. Bernardo Perez,981286,ESCO GRUPO FEMENINO ALCORCON,PG,1,Offensive Engine,https://imagenes.feb.es/Foto.aspx?c=2182200,22,1,14.4,3.4,0.7,2.0,2.7,0.8,0.8,0.0,0.0,1.1,1.3,1.0,0.5,2.8,0.7,1.6,41.7,0.5,2.5,17.9,0.7,1.1,62.5,36.6,32.6,60.9,26.1,19.6,1.5,29.9,34.7,17.7,4.9,39.7,17.5,75.0,59.0,17.0,17.0,0.0,25.0,61.0,15.0,36.0,10.0,56.0,15.0,24.0,316.7,18996.0
2162538,C. Del Amo Sevillano,981286,ESCO GRUPO FEMENINO ALCORCON,SG,2,Lead Guard,https://imagenes.feb.es/Foto.aspx?c=2162538,21,20,27.2,17.2,1.6,4.4,6.0,0.9,2.0,0.1,0.5,2.1,2.7,4.3,8.4,17.2,4.7,8.9,52.4,1.1,3.7,30.8,4.4,6.1,72.7,56.2,50.6,29.4,48.3,12.0,11.9,50.3,56.9,12.2,6.5,53.1,28.5,361.0,127.0,18.0,41.0,2.0,44.0,362.0,98.0,187.0,24.0,78.0,93.0,128.0,570.6,34234.0
2176383,I. Camiña Rodriguez,981286,ESCO GRUPO FEMENINO ALCORCON,SF,3,3&D Wing,https://imagenes.feb.es/Foto.aspx?c=2176383,24,3,17.5,5.0,1.0,1.6,2.6,1.3,0.8,0.4,0.0,0.7,1.7,0.5,3.0,3.8,0.7,1.4,48.5,1.1,4.5,23.9,0.4,0.5,69.2,40.3,38.7,76.8,9.2,9.8,3.2,36.7,38.2,11.6,5.9,8.8,17.0,119.0,62.0,32.0,18.0,10.0,16.0,91.0,16.0,33.0,26.0,109.0,9.0,13.0,420.0,25204.0
1869823,D. Miliauskaite,981286,ESCO GRUPO FEMENINO ALCORCON,C,5,Stretch Big,https://imagenes.feb.es/Foto.aspx?c=1869823,12,0,21.9,12.6,3.6,5.4,9.0,0.4,1.2,0.9,0.4,1.5,2.0,5.2,12.1,17.2,2.4,7.3,33.0,1.0,2.8,36.4,4.8,6.8,70.4,48.2,38.8,27.3,66.9,10.3,10.0,37.4,48.3,10.4,16.6,73.7,28.6,151.0,108.0,5.0,14.0,11.0,18.0,206.0,29.0,88.0,12.0,33.0,57.0,81.0,262.3,15740.0
2822982,Y. Sifaoui Bucero,981286,ESCO GRUPO FEMENINO ALCORCON,C,5,3&D Wing,https://imagenes.feb.es/Foto.aspx?c=2822982,24,22,19.5,7.0,2.1,2.6,4.7,0.8,0.5,0.2,0.1,2.0,1.9,1.3,1.6,6.3,3.0,6.6,45.6,0.0,0.2,20.0,0.9,1.5,59.5,47.1,45.1,3.1,22.7,21.5,3.9,47.5,49.9,20.9,11.1,28.6,21.5,169.0,113.0,19.0,13.0,5.0,49.0,151.0,72.0,158.0,1.0,5.0,22.0,37.0,467.9,28081.0
2095287,G. Escorial Ferrero,981286,ESCO GRUPO FEMENINO ALCORCON,C,5,Traditional Center,https://imagenes.feb.es/Foto.aspx?c=2095287,23,5,18.9,6.3,3.6,4.7,8.3,1.0,0.9,1.0,0.2,2.3,3.0,2.0,0.8,10.7,2.6,5.1,50.4,0.0,0.3,14.3,1.0,1.7,61.5,51.4,48.8,5.6,31.5,27.3,6.0,50.4,54.8,30.0,20.0,56.3,19.5,145.0,191.0,23.0,21.0,22.0,53.0,246.0,59.0,117.0,1.0,7.0,24.0,39.0,435.4,26123.0
2819126,L. Vulovic,981286,ESCO GRUPO FEMENINO ALCORCON,C,5,Traditional Center,https://imagenes.feb.es/Foto.aspx?c=2819126,13,1,9.1,1.8,0.3,0.7,1.0,0.1,0.4,0.4,0.1,0.9,1.4,0.5,0.1,0.8,0.8,1.5,50.0,0.0,0.0,0.0,0.3,0.6,50.0,51.0,50.0,0.0,40.0,33.8,0.6,46.3,46.5,32.4,3.2,41.5,13.4,24.0,13.0,1.0,5.0,5.0,12.0,10.0,10.0,20.0,0.0,0.0,4.0,8.0,118.4,7108.0
2498418,S. Hinestrosa Envo,981286,ESCO GRUPO FEMENINO ALCORCON,,6,,https://imagenes.feb.es/Foto.aspx?c=2498418,1,0,0.2,0.0,0.0,0.0,0.0,0.0,0.0,0.0,0.0,0.0,0.0,0.0,2.0,0.0,0.0,0.0,0.0,0.0,0.0,0.0,0.0,0.0,0.0,0.0,0.0,0.0,0.0,0.0,0.0,,,,,,,0.0,0.0,0.0,0.0,0.0,0.0,0.0,0.0,0.0,0.0,0.0,0.0,0.0,0.2,13.0
1666109,A. Coma Perpiña,980023,GEIEG PACISA,PG,1,Lead Guard,https://imagenes.feb.es/Foto.aspx?c=1666109,24,23,27.1,11.5,0.8,2.8,3.6,3.0,1.9,0.0,0.1,2.4,2.3,4.3,7.8,12.4,3.3,7.8,43.0,0.6,2.4,26.3,3.0,4.1,72.7,48.3,42.2,23.5,40.7,16.6,7.7,41.9,48.1,16.1,3.0,46.1,23.3,277.0,86.0,73.0,45.0,0.0,57.0,297.0,80.0,186.0,15.0,57.0,72.0,99.0,649.6,38977.0
1944150,M. Melero Bravo,980023,GEIEG PACISA,PG,1,Lead Guard,https://imagenes.feb.es/Foto.aspx?c=1944150,24,24,25.8,11.4,0.5,2.3,2.8,3.1,3.0,0.0,0.2,3.8,3.3,4.9,5.7,9.7,3.4,7.9,43.4,0.4,2.2,18.9,3.3,5.6,59.3,45.5,40.1,21.9,55.8,23.0,6.1,40.6,45.4,22.8,1.9,58.9,27.9,274.0,67.0,74.0,72.0,1.0,90.0,232.0,82.0,189.0,10.0,53.0,80.0,135.0,618.7,37129.0
1917788,M. Carbo Cachinero,980023,GEIEG PACISA,PG,1,Lead Guard,https://imagenes.feb.es/Foto.aspx?c=1917788,24,4,17.2,6.5,0.5,1.4,2.0,0.8,1.8,0.1,0.2,1.8,1.9,1.8,4.7,4.8,1.6,4.1,39.8,0.5,1.6,31.6,1.7,2.5,69.5,47.9,41.9,27.9,43.4,20.6,3.7,46.9,51.6,20.9,3.4,57.9,21.7,155.0,47.0,19.0,42.0,2.0,42.0,116.0,39.0,98.0,12.0,38.0,41.0,59.0,413.9,24810.0
1748049,N. Bagaria Rovira,980023,GEIEG PACISA,PG,1,3&D Wing,https://imagenes.feb.es/Foto.aspx?c=1748049,19,0,20.2,4.6,0.6,1.1,1.7,0.8,1.8,0.2,0.1,1.3,0.5,0.9,4.7,4.9,0.4,1.3,28.0,1.2,3.3,36.5,0.3,0.5,50.0,47.6,47.2,71.6,11.4,21.3,3.7,44.2,44.7,18.2,3.1,8.9,13.5,88.0,32.0,15.0,35.0,3.0,25.0,93.0,7.0,25.0,23.0,63.0,5.0,10.0,383.0,22975.0
1667386,C. Morente Lopez,980023,GEIEG PACISA,SF,3,Rolling Big,https://imagenes.feb.es/Foto.aspx?c=1667386,24,11,18.9,3.1,0.7,1.1,1.8,0.9,0.7,0.0,0.1,1.1,1.2,1.0,2.6,2.0,0.8,1.8,47.6,0.5,2.4,19.0,0.0,0.2,20.0,36.2,36.5,58.0,5.0,20.3,1.1,35.4,35.3,22.2,3.9,3.7,12.4,74.0,43.0,21.0,16.0,0.0,26.0,48.0,20.0,42.0,11.0,58.0,1.0,5.0,454.4,27248.0
2059054,A. Riera Buil,980023,GEIEG PACISA,SF,3,Rolling Big,https://imagenes.feb.es/Foto.aspx?c=2059054,8,0,5.8,1.0,0.2,0.2,0.5,0.1,0.1,0.0,0.0,0.4,0.5,0.2,-3.2,0.1,0.1,0.4,33.3,0.2,1.0,25.0,0.0,0.0,0.0,36.4,36.4,72.7,0.0,21.4,0.1,44.4,44.4,18.7,4.1,0.0,13.6,8.0,4.0,1.0,1.0,0.0,3.0,1.0,1.0,3.0,2.0,8.0,0.0,0.0,46.2,2768.0
2239082,N. Mitjanas Costa,980023,GEIEG PACISA,PF,4,3&D Wing,https://imagenes.feb.es/Foto.aspx?c=2239082,22,7,19.6,5.6,1.5,2.6,4.1,0.7,1.2,0.0,0.0,1.1,1.4,1.0,1.2,5.7,2.3,5.9,39.5,0.2,0.8,22.2,0.5,0.7,62.5,40.2,38.8,12.2,10.9,14.0,3.7,43.9,44.1,15.2,7.7,17.6,17.9,124.0,91.0,15.0,27.0,1.0,25.0,126.0,51.0,129.0,4.0,18.0,10.0,16.0,431.3,25863.0
1968963,A. Talasimov,980023,GEIEG PACISA,PF,4,3&D Wing,https://imagenes.feb.es/Foto.aspx?c=1968963,18,15,19.0,5.2,1.7,2.5,4.2,0.3,1.0,0.0,0.4,0.8,1.9,2.3,4.6,6.3,1.6,4.1,38.4,0.2,0.8,26.7,1.4,2.3,61.0,43.9,38.6,17.0,46.6,11.7,3.7,40.2,42.7,10.8,9.4,48.7,15.6,93.0,75.0,6.0,18.0,0.0,14.0,113.0,28.0,73.0,4.0,15.0,25.0,41.0,342.3,20538.0
1949920,J. Pairo Urtos,980023,GEIEG PACISA,PF,4,3&D Wing,https://imagenes.feb.es/Foto.aspx?c=1949920,22,10,17.7,4.6,0.9,2.7,3.6,1.0,0.7,0.1,0.0,1.1,2.5,1.2,3.1,4.1,0.6,1.6,37.1,0.9,2.8,32.3,0.7,1.5,50.0,45.9,44.3,63.9,33.0,17.8,2.7,38.2,39.8,19.1,4.9,34.4,15.2,102.0,80.0,23.0,16.0,2.0,24.0,90.0,13.0,35.0,20.0,62.0,16.0,32.0,388.3,23298.0
1926754,J. Fernandez Pinsach,980023,GEIEG PACISA,C,5,Traditional Center,https://imagenes.feb.es/Foto.aspx?c=1926754,24,24,23.4,11.5,3.4,4.0,7.4,0.5,1.7,0.2,0.5,1.6,2.4,2.4,5.2,13.4,4.8,9.8,48.7,0.0,0.1,0.0,2.0,3.2,62.3,50.9,48.1,1.3,32.5,12.3,9.2,48.5,51.0,12.4,14.8,33.6,24.1,276.0,178.0,13.0,41.0,4.0,38.0,321.0,114.0,234.0,0.0,3.0,48.0,77.0,561.9,33718.0
1567998,V. Gonzalez Olaizola,980023,GEIEG PACISA,C,5,Traditional Center,https://imagenes.feb.es/Foto.aspx?c=1567998,23,2,23.3,7.3,2.3,5.7,8.0,2.2,1.0,0.4,0.1,2.0,2.9,3.1,6.6,10.7,2.7,7.4,36.8,0.0,0.2,0.0,1.8,3.5,52.5,40.0,36.0,2.3,45.7,17.6,5.5,34.3,39.2,19.3,10.4,55.8,20.9,168.0,183.0,51.0,24.0,10.0,45.0,246.0,63.0,171.0,0.0,4.0,42.0,80.0,535.8,32166.0
2191036,R. Calvet Sandez,980023,GEIEG PACISA,C,6,Traditional Center,https://imagenes.feb.es/Foto.aspx?c=2191036,2,0,7.0,3.0,0.5,1.5,2.0,0.0,0.0,0.5,0.0,0.5,1.0,0.5,2.0,2.5,0.5,1.0,50.0,0.5,2.0,25.0,0.5,0.5,100.0,46.6,41.7,66.7,16.7,13.4,1.6,41.1,46.6,11.7,10.5,17.7,25.3,6.0,4.0,0.0,0.0,1.0,1.0,5.0,1.0,2.0,1.0,4.0,1.0,1.0,14.1,848.0
2055732,C. Vila Matamala,980023,GEIEG PACISA,,6,,https://imagenes.feb.es/Foto.aspx?c=2055732,1,0,7.7,0.0,0.0,0.0,0.0,0.0,0.0,0.0,0.0,1.0,2.0,0.0,8.0,-3.0,0.0,0.0,0.0,0.0,0.0,0.0,0.0,0.0,0.0,0.0,0.0,0.0,0.0,100.0,-1.8,,,,,,,0.0,0.0,0.0,0.0,0.0,1.0,-3.0,0.0,0.0,0.0,0.0,0.0,0.0,7.7,464.0
2151755,A. Martinez Rus,980023,GEIEG PACISA,,6,,https://imagenes.feb.es/Foto.aspx?c=2151755,1,0,1.6,0.0,0.0,0.0,0.0,0.0,0.0,0.0,0.0,0.0,0.0,0.0,-4.0,-1.0,0.0,1.0,0.0,0.0,0.0,0.0,0.0,0.0,0.0,0.0,0.0,0.0,0.0,0.0,-0.7,,,,,,,0.0,0.0,0.0,0.0,0.0,0.0,-1.0,0.0,1.0,0.0,0.0,0.0,0.0,1.6,97.0
2191037,C. Calvet Sandez,980023,GEIEG PACISA,,6,,https://imagenes.feb.es/Foto.aspx?c=2191037,1,0,1.7,0.0,0.0,1.0,1.0,0.0,0.0,0.0,0.0,0.0,0.0,0.0,-1.0,1.0,0.0,0.0,0.0,0.0,0.0,0.0,0.0,0.0,0.0,0.0,0.0,0.0,0.0,0.0,0.3,,,,,,,0.0,1.0,0.0,0.0,0.0,0.0,1.0,0.0,0.0,0.0,0.0,0.0,0.0,1.7,101.0
1707378,M. Pérez Castro,981414,HIERROS DÍAZ EXTREMADURA MIRALVALLE,PG,1,Offensive Engine,https://imagenes.feb.es/Foto.aspx?c=1707378,24,22,29.8,10.0,0.4,2.9,3.3,1.9,1.4,0.0,0.2,2.0,2.1,4.3,-2.7,9.7,2.0,5.3,36.7,1.0,3.9,25.5,3.1,4.0,78.9,45.7,37.4,42.3,42.8,15.7,5.4,37.3,45.9,16.4,1.6,46.6,20.8,241.0,79.0,46.0,33.0,0.0,49.0,233.0,47.0,128.0,24.0,94.0,75.0,95.0,716.1,42976.0
1724925,M. Romero Garrido,981414,HIERROS DÍAZ EXTREMADURA MIRALVALLE,PG,1,Offensive Engine,https://imagenes.feb.es/Foto.aspx?c=1724925,18,10,24.6,9.8,0.7,2.0,2.7,1.6,1.7,0.1,0.3,1.5,2.8,2.1,-4.2,6.9,1.3,3.7,35.8,1.9,5.8,32.7,1.5,1.8,81.8,47.7,43.9,60.8,19.3,12.7,5.6,44.1,48.3,12.9,2.9,22.7,22.8,177.0,48.0,28.0,30.0,2.0,27.0,125.0,24.0,67.0,34.0,104.0,27.0,33.0,443.4,26601.0
2566363,P. Laurenson Cheynel,981414,HIERROS DÍAZ EXTREMADURA MIRALVALLE,PG,1,Offensive Engine,https://imagenes.feb.es/Foto.aspx?c=2566363,23,22,29.1,8.7,0.9,2.1,3.0,2.8,1.0,0.0,0.3,1.9,2.1,2.3,0.4,7.6,2.2,6.3,35.2,0.7,2.5,27.6,2.1,2.5,86.0,43.6,36.9,28.6,28.1,15.9,5.0,33.9,39.7,19.3,3.5,27.0,19.3,199.0,70.0,65.0,23.0,0.0,43.0,174.0,51.0,145.0,16.0,58.0,49.0,57.0,669.1,40145.0
2734458,L. Navas Castro,981414,HIERROS DÍAZ EXTREMADURA MIRALVALLE,PG,1,Lead Guard,https://imagenes.feb.es/Foto.aspx?c=2734458,24,2,22.6,7.8,0.9,2.0,2.8,2.4,1.7,0.0,0.2,2.4,1.9,1.3,-2.8,5.5,2.2,6.0,35.9,1.0,3.0,31.9,0.6,1.0,60.9,41.2,39.9,33.2,10.6,20.1,4.0,38.7,40.2,20.6,4.2,10.9,25.0,187.0,68.0,57.0,41.0,0.0,57.0,131.0,52.0,145.0,23.0,72.0,14.0,23.0,541.9,32517.0
1529427,C. Lazaro Hernandez,981414,HIERROS DÍAZ EXTREMADURA MIRALVALLE,SF,3,3&D Wing,https://imagenes.feb.es/Foto.aspx?c=1529427,24,20,28.2,9.1,0.9,3.6,4.5,1.0,1.6,0.2,0.0,0.9,2.6,3.2,-0.7,8.9,2.0,3.8,51.1,1.0,5.3,19.7,2.1,3.1,66.7,43.5,38.6,58.0,34.2,7.7,5.7,37.7,42.1,7.8,3.4,43.2,19.1,219.0,107.0,24.0,39.0,4.0,21.0,213.0,47.0,92.0,25.0,127.0,50.0,75.0,677.6,40650.0
2845561,S. Brown,981414,HIERROS DÍAZ EXTREMADURA MIRALVALLE,PF,4,3&D Wing,https://imagenes.feb.es/Foto.aspx?c=2845561,20,16,24.7,9.0,1.0,4.6,5.6,0.4,0.8,0.2,0.3,1.6,1.8,1.9,-3.8,8.7,2.1,5.0,41.6,1.2,3.5,32.9,1.4,1.8,77.8,48.4,44.7,40.9,21.1,15.0,5.1,45.4,49.1,13.0,4.5,22.4,21.1,181.0,111.0,8.0,16.0,4.0,33.0,174.0,42.0,101.0,23.0,70.0,28.0,36.0,494.8,29678.0
1158794,A. Fernandez Oraa,981414,HIERROS DÍAZ EXTREMADURA MIRALVALLE,PF,4,Rolling Big,https://imagenes.feb.es/Foto.aspx?c=1158794,12,1,11.5,0.8,0.6,1.5,2.1,0.2,0.3,0.0,0.0,0.4,0.8,0.4,-2.4,1.3,0.2,0.8,33.3,0.1,0.6,14.3,0.1,0.4,20.0,27.5,28.1,43.8,31.2,21.6,0.5,27.9,26.4,12.2,5.3,30.2,8.1,10.0,25.0,2.0,4.0,0.0,5.0,16.0,3.0,9.0,1.0,7.0,1.0,5.0,137.5,8260.0
2557107,I. Serrano Alvarez,981414,HIERROS DÍAZ EXTREMADURA MIRALVALLE,C,5,Stretch Big,https://imagenes.feb.es/Foto.aspx?c=2557107,12,6,25.8,7.6,1.8,4.2,6.0,2.0,0.3,0.2,0.0,1.8,2.2,1.8,-2.3,9.8,2.8,4.9,55.9,0.2,1.8,14.3,1.3,1.7,80.0,51.2,46.9,26.2,25.0,19.9,5.7,44.0,49.7,20.5,7.6,37.0,19.5,91.0,72.0,24.0,4.0,3.0,22.0,118.0,33.0,59.0,3.0,21.0,16.0,20.0,310.0,18605.0
2557107,I. Serrano Alvarez,981414,HIERROS DÍAZ EXTREMADURA MIRALVALLE,C,5,Traditional Center,https://imagenes.feb.es/Foto.aspx?c=2557107,12,6,25.8,7.6,1.8,4.2,6.0,2.0,0.3,0.2,0.0,1.8,2.2,1.8,-2.3,9.8,2.8,4.9,55.9,0.2,1.8,14.3,1.3,1.7,80.0,51.2,46.9,26.2,25.0,19.9,5.7,44.0,49.7,20.5,7.6,37.0,19.5,91.0,72.0,24.0,4.0,3.0,22.0,118.0,33.0,59.0,3.0,21.0,16.0,20.0,310.0,18605.0
1984467,G. Lopez Cuesta,981414,HIERROS DÍAZ EXTREMADURA MIRALVALLE,C,5,Stretch Big,https://imagenes.feb.es/Foto.aspx?c=1984467,14,0,21.2,6.4,2.2,2.9,5.1,0.5,0.4,0.1,0.2,1.4,2.9,3.3,0.6,7.3,1.6,4.2,39.0,0.1,0.3,25.0,2.9,4.2,67.8,50.0,38.9,6.3,93.7,17.6,4.0,39.5,48.3,16.3,11.8,119.9,18.5,89.0,71.0,7.0,5.0,2.0,19.0,102.0,23.0,59.0,1.0,4.0,40.0,59.0,296.5,17788.0
1984467,G. Lopez Cuesta,981414,HIERROS DÍAZ EXTREMADURA MIRALVALLE,C,5,Stretch Big,https://imagenes.feb.es/Foto.aspx?c=1984467,14,0,21.2,6.4,2.2,2.9,5.1,0.5,0.4,0.1,0.2,1.4,2.9,3.3,0.6,7.3,1.6,4.2,39.0,0.1,0.3,25.0,2.9,4.2,67.8,50.0,38.9,6.3,93.7,17.6,4.0,39.5,48.3,16.3,11.8,119.9,18.5,89.0,71.0,7.0,5.0,2.0,19.0,102.0,23.0,59.0,1.0,4.0,40.0,59.0,296.5,17788.0
2818302,V. Michel,981414,HIERROS DÍAZ EXTREMADURA MIRALVALLE,C,5,Traditional Center,https://imagenes.feb.es/Foto.aspx?c=2818302,24,21,22.9,6.3,1.9,4.0,5.9,1.0,0.9,0.0,0.3,1.8,3.1,1.5,-2.0,6.4,2.6,6.4,40.9,0.0,0.0,0.0,1.1,1.6,66.7,44.1,40.6,0.6,25.2,20.4,3.8,41.8,44.7,20.3,8.8,28.6,18.8,152.0,142.0,24.0,22.0,1.0,44.0,154.0,63.0,154.0,0.0,1.0,26.0,39.0,549.9,33001.0
2323074,A. Zurita Garcia,981414,HIERROS DÍAZ EXTREMADURA MIRALVALLE,,6,,https://imagenes.feb.es/Foto.aspx?c=2323074,1,0,10.4,0.0,1.0,0.0,1.0,0.0,0.0,0.0,0.0,1.0,2.0,0.0,-4.0,-3.0,0.0,1.0,0.0,0.0,0.0,0.0,0.0,0.0,0.0,0.0,0.0,0.0,0.0,50.0,-1.8,,,,,,,0.0,1.0,0.0,0.0,0.0,1.0,-3.0,0.0,1.0,0.0,0.0,0.0,0.0,10.4,625.0
2323794,L. Márquez Corralero,981414,HIERROS DÍAZ EXTREMADURA MIRALVALLE,,6,,https://imagenes.feb.es/Foto.aspx?c=2323794,1,0,0.6,0.0,0.0,0.0,0.0,0.0,0.0,0.0,0.0,0.0,0.0,0.0,0.0,0.0,0.0,0.0,0.0,0.0,0.0,0.0,0.0,0.0,0.0,0.0,0.0,0.0,0.0,0.0,0.0,,,,,,,0.0,0.0,0.0,0.0,0.0,0.0,0.0,0.0,0.0,0.0,0.0,0.0,0.0,0.6,35.0
2375030,A. Alcon Grande,981414,HIERROS DÍAZ EXTREMADURA MIRALVALLE,,6,,https://imagenes.feb.es/Foto.aspx?c=2375030,1,0,2.0,0.0,0.0,0.0,0.0,0.0,0.0,0.0,0.0,0.0,0.0,1.0,1.0,-1.0,0.0,0.0,0.0,0.0,0.0,0.0,0.0,2.0,0.0,0.0,0.0,0.0,0.0,0.0,-0.8,,,,,,,0.0,0.0,0.0,0.0,0.0,0.0,-1.0,0.0,0.0,0.0,0.0,0.0,2.0,2.0,119.0
2379074,N. Zabala Gabilondo,979778,MAGEC TÍAS LANZAROTE CONTRA LA VIOLENCIA DE GÉNERO,PG,1,Lead Guard,https://imagenes.feb.es/Foto.aspx?c=2379074,21,20,30.5,13.9,1.0,4.0,5.0,3.0,1.5,0.1,0.2,1.8,2.7,3.5,-1.9,15.3,4.6,7.5,60.8,1.0,3.4,28.2,1.9,3.6,51.3,55.4,55.0,31.0,33.2,12.4,10.5,54.9,55.0,12.0,3.8,35.7,22.1,291.0,106.0,62.0,32.0,2.0,37.0,322.0,96.0,158.0,20.0,71.0,39.0,76.0,641.2,38476.0
1695414,C. Mateo Cañada,979778,MAGEC TÍAS LANZAROTE CONTRA LA VIOLENCIA DE GÉNERO,PG,1,Offensive Engine,https://imagenes.feb.es/Foto.aspx?c=1695414,24,21,27.8,11.9,1.5,4.0,5.5,2.5,0.8,0.1,0.2,2.0,3.2,1.8,-5.2,8.4,2.6,7.8,33.7,1.8,5.2,34.4,1.3,1.6,81.6,43.5,40.9,40.1,12.2,13.0,6.0,42.0,44.8,13.0,6.2,12.9,26.7,286.0,132.0,61.0,18.0,2.0,49.0,202.0,63.0,187.0,43.0,125.0,31.0,38.0,666.3,39967.0
2524794,M. Marinho Junqueira,979778,MAGEC TÍAS LANZAROTE CONTRA LA VIOLENCIA DE GÉNERO,PG,1,Offensive Engine,https://imagenes.feb.es/Foto.aspx?c=2524794,24,21,30.6,10.8,0.4,4.2,4.5,2.8,1.5,0.1,0.1,2.2,1.8,2.5,-4.8,9.8,2.3,5.5,41.4,1.4,5.9,24.1,2.0,2.6,74.6,42.9,38.7,51.5,23.0,15.2,6.1,39.2,43.5,15.1,1.3,24.6,22.9,259.0,109.0,68.0,35.0,2.0,54.0,236.0,55.0,133.0,34.0,141.0,47.0,63.0,734.5,44064.0
2415445,I. Drake Ruiz-Villar,979778,MAGEC TÍAS LANZAROTE CONTRA LA VIOLENCIA DE GÉNERO,PG,1,Lead Guard,https://imagenes.feb.es/Foto.aspx?c=2415445,9,7,24.5,9.3,2.0,2.8,4.8,2.0,1.4,0.1,0.1,3.7,2.2,3.0,-5.9,7.8,2.9,7.2,40.0,0.3,1.6,21.4,2.6,4.0,63.9,44.3,38.6,17.7,45.6,25.8,4.5,37.6,43.1,26.4,8.7,48.4,26.7,84.0,43.0,18.0,13.0,1.0,33.0,70.0,26.0,65.0,3.0,14.0,23.0,36.0,220.2,13204.0
1681307,E. Iranzo Gutierrez,979778,MAGEC TÍAS LANZAROTE CONTRA LA VIOLENCIA DE GÉNERO,PG,1,3&D Wing,https://imagenes.feb.es/Foto.aspx?c=1681307,9,0,24.8,8.4,0.3,1.3,1.7,1.9,0.9,0.0,0.1,1.0,2.7,2.3,-0.7,7.3,2.0,3.2,62.1,1.2,3.3,36.7,0.8,1.7,46.7,57.9,58.5,50.8,25.4,12.1,5.6,46.4,46.7,11.2,2.1,22.6,19.8,76.0,15.0,17.0,8.0,0.0,9.0,66.0,18.0,29.0,11.0,30.0,7.0,15.0,223.5,13410.0
1681307,E. Iranzo Gutierrez,979778,MAGEC TÍAS LANZAROTE CONTRA LA VIOLENCIA DE GÉNERO,PG,1,Offensive Engine,https://imagenes.feb.es/Foto.aspx?c=1681307,9,0,24.8,8.4,0.3,1.3,1.7,1.9,0.9,0.0,0.1,1.0,2.7,2.3,-0.7,7.3,2.0,3.2,62.1,1.2,3.3,36.7,0.8,1.7,46.7,57.9,58.5,50.8,25.4,12.1,5.6,46.4,46.7,11.2,2.1,22.6,19.8,76.0,15.0,17.0,8.0,0.0,9.0,66.0,18.0,29.0,11.0,30.0,7.0,15.0,223.5,13410.0
1995747,S. Hisado Santos,979778,MAGEC TÍAS LANZAROTE CONTRA LA VIOLENCIA DE GÉNERO,PG,1,Offensive Engine,https://imagenes.feb.es/Foto.aspx?c=1995747,24,24,30.5,3.5,0.6,3.5,4.1,3.8,1.4,0.0,0.0,1.8,2.0,1.5,-5.5,8.1,1.0,2.3,44.6,0.3,1.3,21.9,0.6,0.7,82.4,44.5,40.3,36.4,19.3,31.5,4.4,46.4,49.5,28.1,2.4,22.9,8.9,85.0,99.0,92.0,34.0,0.0,44.0,194.0,25.0,56.0,7.0,32.0,14.0,17.0,732.6,43954.0
2178381,E. Lozano Sosa,979778,MAGEC TÍAS LANZAROTE CONTRA LA VIOLENCIA DE GÉNERO,SF,3,3&D Wing,https://imagenes.feb.es/Foto.aspx?c=2178381,23,0,11.2,2.9,0.4,1.0,1.4,0.5,0.6,0.0,0.0,0.6,1.4,0.6,-2.8,2.4,0.7,1.2,55.6,0.3,1.1,30.8,0.5,0.8,66.7,54.2,50.9,49.1,34.0,18.7,1.9,44.0,47.9,14.2,3.9,31.3,13.5,66.0,32.0,11.0,13.0,1.0,14.0,55.0,15.0,27.0,8.0,26.0,12.0,18.0,258.5,15518.0
1100445,Y. Garcia Gonzalez,979778,MAGEC TÍAS LANZAROTE CONTRA LA VIOLENCIA DE GÉNERO,C,5,Traditional Center,https://imagenes.feb.es/Foto.aspx?c=1100445,24,23,31.8,14.2,2.5,5.9,8.4,2.3,1.1,0.3,0.3,3.2,3.2,6.1,-1.7,17.0,4.5,10.7,42.6,0.1,0.5,16.7,4.9,7.4,66.1,49.3,41.8,4.5,66.0,18.2,9.2,42.6,49.2,18.1,9.0,67.4,26.2,341.0,202.0,55.0,26.0,7.0,77.0,407.0,109.0,256.0,2.0,12.0,117.0,177.0,762.2,45720.0
2824664,B. Snorradottir,979778,MAGEC TÍAS LANZAROTE CONTRA LA VIOLENCIA DE GÉNERO,C,5,Stretch Big,https://imagenes.feb.es/Foto.aspx?c=2824664,23,4,24.1,7.9,1.2,3.2,4.4,0.5,0.8,0.1,0.1,1.2,2.0,2.8,-1.2,10.2,1.8,3.2,56.2,0.4,1.4,31.2,3.0,3.7,80.2,63.4,53.3,30.5,81.9,15.9,6.3,51.8,60.1,17.4,5.6,116.3,14.4,181.0,101.0,11.0,18.0,3.0,27.0,235.0,41.0,73.0,10.0,32.0,69.0,86.0,554.7,33290.0
2345010,P. Lahora Koerting,979778,MAGEC TÍAS LANZAROTE CONTRA LA VIOLENCIA DE GÉNERO,,6,,https://imagenes.feb.es/Foto.aspx?c=2345010,1,0,4.3,3.0,1.0,1.0,2.0,0.0,0.0,0.0,0.0,0.0,0.0,0.0,-1.0,4.0,0.0,0.0,0.0,1.0,2.0,50.0,0.0,0.0,0.0,75.0,75.0,100.0,0.0,0.0,3.0,,,,,,,3.0,2.0,0.0,0.0,0.0,0.0,4.0,0.0,0.0,1.0,2.0,0.0,0.0,4.3,259.0
1450205,A. Rodriguez Guerra,979778,MAGEC TÍAS LANZAROTE CONTRA LA VIOLENCIA DE GÉNERO,,6,Rolling Big,https://imagenes.feb.es/Foto.aspx?c=1450205,13,0,4.6,0.8,0.0,0.2,0.2,0.0,0.2,0.0,0.0,0.0,0.7,0.4,-1.2,-0.6,0.0,0.2,0.0,0.2,1.2,20.0,0.1,0.3,25.0,25.3,25.0,83.3,22.2,0.0,-0.3,17.1,14.5,0.0,0.0,21.6,15.2,10.0,2.0,0.0,2.0,0.0,0.0,-8.0,0.0,3.0,3.0,15.0,1.0,4.0,60.4,3627.0
1373989,N. Bermúdez Martín,979778,MAGEC TÍAS LANZAROTE CONTRA LA VIOLENCIA DE GÉNERO,C,6,Rolling Big,https://imagenes.feb.es/Foto.aspx?c=1373989,2,0,2.6,0.0,0.0,0.5,0.5,0.5,0.0,0.0,0.0,0.0,0.0,0.0,-6.0,1.0,0.0,0.0,0.0,0.0,0.0,0.0,0.0,0.0,0.0,0.0,0.0,0.0,0.0,0.0,0.5,0.0,0.0,0.0,0.0,0.0,0.0,0.0,1.0,1.0,0.0,0.0,0.0,2.0,0.0,0.0,0.0,0.0,0.0,0.0,5.1,308.0
2347898,M. Cardona Miranda,979778,MAGEC TÍAS LANZAROTE CONTRA LA VIOLENCIA DE GÉNERO,,6,,https://imagenes.feb.es/Foto.aspx?c=2347898,1,0,3.2,0.0,0.0,0.0,0.0,0.0,0.0,0.0,0.0,0.0,0.0,0.0,-7.0,-2.0,0.0,0.0,0.0,0.0,2.0,0.0,0.0,0.0,0.0,0.0,0.0,100.0,0.0,0.0,-1.4,,,,,,,0.0,0.0,0.0,0.0,0.0,0.0,-2.0,0.0,0.0,0.0,2.0,0.0,0.0,3.2,191.0
2381629,S. Muñoz Lahora,979778,MAGEC TÍAS LANZAROTE CONTRA LA VIOLENCIA DE GÉNERO,,6,Lead Guard,https://imagenes.feb.es/Foto.aspx?c=2381629,2,0,2.6,0.0,0.0,0.0,0.0,0.5,0.5,0.0,0.0,0.0,1.0,0.0,2.0,-0.5,0.0,0.0,0.0,0.0,0.5,0.0,0.0,0.0,0.0,0.0,0.0,100.0,0.0,0.0,0.1,0.0,0.0,0.0,0.0,0.0,8.6,0.0,0.0,1.0,1.0,0.0,0.0,-1.0,0.0,0.0,0.0,1.0,0.0,0.0,5.2,306.0
2444469,I. Melian Cabrera,979778,MAGEC TÍAS LANZAROTE CONTRA LA VIOLENCIA DE GÉNERO,,6,,https://imagenes.feb.es/Foto.aspx?c=2444469,2,0,1.7,0.0,0.0,0.0,0.0,0.0,0.5,0.0,0.0,0.0,0.0,0.0,3.0,0.5,0.0,0.0,0.0,0.0,0.0,0.0,0.0,0.0,0.0,0.0,0.0,0.0,0.0,0.0,0.5,,,,,,,0.0,0.0,0.0,1.0,0.0,0.0,1.0,0.0,0.0,0.0,0.0,0.0,0.0,3.4,206.0
2196865,M. Carbó Medina,981167,SEGLE XXI,PG,1,3&D Wing,https://imagenes.feb.es/Foto.aspx?c=2196865,22,12,19.6,8.2,1.5,2.5,4.0,1.1,1.0,0.1,0.1,2.0,2.1,1.7,7.5,5.3,1.7,4.3,40.4,1.3,4.4,29.9,0.8,1.9,43.9,43.3,42.7,50.8,21.5,17.4,3.7,41.8,42.1,17.5,6.6,22.1,24.0,181.0,87.0,24.0,22.0,3.0,44.0,116.0,38.0,94.0,29.0,97.0,18.0,41.0,431.3,25873.0
2153172,M. Cintas Diaz,981167,SEGLE XXI,PG,1,Lead Guard,https://imagenes.feb.es/Foto.aspx?c=2153172,24,24,26.2,6.8,1.0,2.2,3.2,3.1,2.3,0.0,0.2,2.0,2.8,3.0,11.9,7.0,2.3,6.2,37.2,0.4,2.5,16.7,0.9,1.6,57.9,36.0,33.7,28.8,18.3,17.3,4.3,35.4,37.5,17.6,3.4,25.9,18.0,162.0,76.0,74.0,55.0,1.0,47.0,169.0,55.0,148.0,10.0,60.0,22.0,38.0,628.9,37737.0
2289362,D. Garcia Dominguez,981167,SEGLE XXI,PG,1,Offensive Engine,https://imagenes.feb.es/Foto.aspx?c=2289362,24,0,20.7,6.6,0.6,2.6,3.2,2.4,0.9,0.0,0.1,2.2,2.0,1.6,3.4,3.7,1.7,5.2,32.8,0.7,3.5,20.5,1.1,1.7,65.0,35.2,32.0,39.9,19.2,19.3,2.0,30.7,33.7,19.5,2.8,22.0,23.2,159.0,78.0,58.0,21.0,0.0,54.0,88.0,41.0,125.0,17.0,83.0,26.0,40.0,497.8,29870.0
2454402,S. Fernandez De Cuevas Martinez,981167,SEGLE XXI,PG,1,Offensive Engine,https://imagenes.feb.es/Foto.aspx?c=2454402,19,17,21.7,6.6,1.2,2.2,3.3,1.2,1.4,0.0,0.2,1.4,1.7,1.2,6.9,4.9,1.5,4.1,35.9,1.0,3.7,26.8,0.7,1.0,68.4,40.0,37.9,47.7,12.8,14.6,3.6,38.7,40.6,14.0,5.6,14.6,18.8,126.0,63.0,22.0,27.0,0.0,27.0,93.0,28.0,78.0,19.0,71.0,13.0,19.0,412.1,24729.0
2357207,Z. Ajisebutu Casas,981167,SEGLE XXI,PG,1,Lead Guard,https://imagenes.feb.es/Foto.aspx?c=2357207,8,0,12.8,3.0,1.8,1.2,3.0,1.1,1.1,0.0,0.2,1.8,2.4,0.8,6.4,2.4,0.8,1.8,42.9,0.4,1.5,25.0,0.4,0.8,50.0,41.9,40.4,46.2,23.1,32.8,1.8,44.7,46.8,33.2,12.1,25.7,16.4,24.0,24.0,9.0,9.0,0.0,14.0,19.0,6.0,14.0,3.0,12.0,3.0,6.0,102.1,6130.0
2320695,A. Plans Bellavista,981167,SEGLE XXI,PG,1,Offensive Engine,https://imagenes.feb.es/Foto.aspx?c=2320695,16,1,16.0,2.6,0.8,0.9,1.7,1.3,1.1,0.0,0.0,0.8,2.1,0.6,4.8,0.4,0.4,2.1,20.6,0.4,2.6,16.7,0.4,0.5,87.5,26.4,23.0,55.3,10.5,14.1,0.8,26.6,29.0,13.8,4.7,11.0,15.0,42.0,27.0,21.0,17.0,0.0,13.0,7.0,7.0,34.0,7.0,42.0,7.0,8.0,255.3,15314.0
2639399,S. Okafor Ofoegbu,981167,SEGLE XXI,SG,2,3&D Wing,https://imagenes.feb.es/Foto.aspx?c=2639399,21,18,25.9,13.9,2.0,3.3,5.2,1.4,1.3,0.1,0.4,1.5,1.3,2.7,12.3,13.1,3.2,7.4,43.6,1.5,5.1,29.6,2.8,3.8,74.7,48.7,43.9,40.9,29.9,9.7,9.3,44.8,49.3,9.1,7.0,35.9,25.8,291.0,110.0,30.0,28.0,2.0,32.0,275.0,68.0,156.0,32.0,108.0,59.0,79.0,543.9,32630.0
2528756,M. Zarzuelo Oroz,981167,SEGLE XXI,SF,3,Rolling Big,https://imagenes.feb.es/Foto.aspx?c=2528756,17,0,5.1,0.7,0.3,0.6,0.9,0.3,0.2,0.0,0.1,0.3,0.4,0.1,-0.9,0.8,0.2,0.8,21.4,0.1,0.2,50.0,0.0,0.0,0.0,33.3,33.3,22.2,0.0,21.7,0.5,31.8,31.8,16.4,5.5,0.0,10.8,12.0,16.0,5.0,4.0,0.0,5.0,14.0,3.0,14.0,2.0,4.0,0.0,0.0,86.5,5181.0
2244483,S. Nde Akawung,981167,SEGLE XXI,PF,4,3&D Wing,https://imagenes.feb.es/Foto.aspx?c=2244483,22,22,26.3,10.5,3.0,4.0,7.0,2.0,0.9,0.3,0.3,1.5,2.6,2.2,11.1,12.0,3.4,7.2,47.5,0.7,3.1,23.2,1.5,2.1,71.7,46.7,43.6,30.4,20.3,11.5,7.9,44.2,47.2,11.3,10.8,19.0,20.0,231.0,155.0,43.0,19.0,6.0,32.0,263.0,75.0,158.0,16.0,69.0,33.0,46.0,579.1,34736.0
2229661,B. Asensio Senosiáin,981167,SEGLE XXI,PF,4,3&D Wing,https://imagenes.feb.es/Foto.aspx?c=2229661,24,0,14.9,4.5,1.2,2.5,3.7,0.6,0.4,0.1,0.0,1.1,1.5,1.0,4.0,5.2,1.3,2.4,54.4,0.5,1.5,33.3,0.5,0.9,50.0,53.1,52.7,38.7,23.7,20.8,3.2,50.7,52.9,20.7,8.2,39.6,15.2,109.0,89.0,15.0,10.0,3.0,27.0,126.0,31.0,57.0,12.0,36.0,11.0,22.0,357.4,21453.0
2461439,A. Smykovskaia,981167,SEGLE XXI,C,5,Stretch Big,https://imagenes.feb.es/Foto.aspx?c=2461439,21,2,17.6,7.8,4.3,6.0,10.4,0.7,0.5,0.6,0.1,1.4,1.7,2.5,6.7,14.0,3.1,6.8,45.8,0.0,0.0,100.0,1.4,3.1,46.2,47.5,46.5,0.7,45.5,14.9,7.7,47.7,48.5,15.1,24.2,46.2,22.5,163.0,218.0,14.0,11.0,13.0,30.0,293.0,65.0,142.0,1.0,1.0,30.0,65.0,369.5,22185.0
2528757,I. Garcia Fernandez,981167,SEGLE XXI,C,5,3&D Wing,https://imagenes.feb.es/Foto.aspx?c=2528757,24,24,18.5,6.3,2.9,3.9,6.8,1.1,1.0,0.0,0.1,1.6,3.0,2.0,6.5,7.8,2.4,5.2,46.4,0.2,0.8,25.0,0.8,2.3,35.7,44.5,45.2,13.8,38.6,18.7,4.7,43.6,42.7,18.7,15.3,36.5,19.6,151.0,164.0,27.0,24.0,1.0,39.0,187.0,58.0,125.0,5.0,20.0,20.0,56.0,444.5,26673.0
2357204,B. Ajisebutu Casas,981167,SEGLE XXI,,6,,https://imagenes.feb.es/Foto.aspx?c=2357204,1,0,14.8,5.0,3.0,3.0,6.0,1.0,1.0,1.0,0.0,2.0,1.0,2.0,2.0,7.0,0.0,4.0,0.0,1.0,1.0,100.0,2.0,4.0,50.0,37.0,30.0,20.0,80.0,22.8,4.1,,,,,,,5.0,6.0,1.0,1.0,1.0,2.0,7.0,0.0,4.0,1.0,1.0,2.0,4.0,14.8,889.0
2448425,N. Cordón Elizarán,981167,SEGLE XXI,C,6,Traditional Center,https://imagenes.feb.es/Foto.aspx?c=2448425,21,0,4.5,0.6,0.3,1.3,1.6,0.3,0.1,0.0,0.1,0.2,0.5,0.3,1.1,2.0,0.2,0.3,57.1,0.0,0.0,0.0,0.2,0.3,57.1,59.5,57.1,0.0,100.0,28.4,0.9,24.6,24.2,20.4,5.6,51.9,5.9,12.0,34.0,6.0,3.0,1.0,4.0,42.0,4.0,7.0,0.0,0.0,4.0,7.0,95.0,5706.0
2235818,L. Niño San Miguel,981167,SEGLE XXI,,6,Rolling Big,https://imagenes.feb.es/Foto.aspx?c=2235818,2,0,3.2,0.0,0.0,0.0,0.0,0.0,0.0,0.0,0.0,0.0,0.5,0.0,-1.5,-1.5,0.0,0.0,0.0,0.0,1.0,0.0,0.0,0.0,0.0,0.0,0.0,100.0,0.0,0.0,-0.9,0.0,0.0,0.0,0.0,0.0,13.4,0.0,0.0,0.0,0.0,0.0,0.0,-3.0,0.0,0.0,0.0,2.0,0.0,0.0,6.5,394.0
2251955,M. Ocurto Mendes,981229,SPAR GRAN CANARIA,PG,1,Offensive Engine,https://imagenes.feb.es/Foto.aspx?c=2251955,23,17,29.1,8.5,0.6,3.9,4.5,3.2,1.3,0.1,0.1,2.4,1.3,2.2,0.9,8.6,1.4,4.1,34.7,1.5,5.8,25.6,1.2,1.9,65.1,39.7,36.8,58.3,18.9,18.2,4.9,37.9,41.2,18.3,2.0,21.0,19.5,196.0,104.0,74.0,31.0,2.0,55.0,197.0,33.0,95.0,34.0,133.0,28.0,43.0,669.2,40152.0
2288451,A. Hernandez Martinez,981229,SPAR GRAN CANARIA,PG,1,Offensive Engine,https://imagenes.feb.es/Foto.aspx?c=2288451,20,7,17.9,5.0,0.2,1.0,1.3,1.1,1.0,0.1,0.1,1.8,2.4,0.6,-4.8,0.2,0.6,1.5,43.3,1.1,4.6,23.9,0.4,0.5,70.0,39.2,37.7,75.4,8.2,22.6,0.8,40.9,41.8,22.3,1.5,8.1,19.6,99.0,26.0,22.0,19.0,2.0,37.0,5.0,13.0,30.0,22.0,92.0,7.0,10.0,358.2,21504.0
2292843,M. Rodríguez Sánchez,981229,SPAR GRAN CANARIA,PG,1,Offensive Engine,https://imagenes.feb.es/Foto.aspx?c=2292843,24,2,16.2,3.1,0.6,1.5,2.1,1.3,1.4,0.0,0.0,1.1,2.3,0.5,0.2,2.4,0.8,1.8,47.6,0.4,1.7,24.4,0.2,0.5,36.4,42.1,42.2,49.4,13.3,23.5,2.2,36.3,35.4,26.1,3.9,15.4,12.8,74.0,51.0,31.0,33.0,0.0,27.0,57.0,20.0,42.0,10.0,41.0,4.0,11.0,388.0,23277.0
2230179,A. Garcia San Blas,981229,SPAR GRAN CANARIA,PG,1,Offensive Engine,https://imagenes.feb.es/Foto.aspx?c=2230179,13,0,8.0,1.6,0.0,0.5,0.5,1.1,0.5,0.0,0.0,0.8,1.5,0.2,-3.3,-0.5,0.3,0.4,80.0,0.3,2.4,12.9,0.1,0.2,50.0,28.5,27.8,86.1,5.6,23.0,-0.1,23.8,25.6,20.7,0.0,9.3,20.1,21.0,7.0,14.0,7.0,0.0,11.0,-7.0,4.0,5.0,4.0,31.0,1.0,2.0,103.4,6206.0
2647608,M. Doumbia,981229,SPAR GRAN CANARIA,SG,2,Lead Guard,https://imagenes.feb.es/Foto.aspx?c=2647608,6,6,36.8,20.8,4.2,4.3,8.5,1.8,2.8,0.2,0.5,3.8,3.5,6.2,3.0,18.2,6.2,15.7,39.4,1.3,3.3,40.0,4.5,7.8,57.4,46.4,43.0,17.5,41.2,14.6,12.4,42.8,46.4,14.9,10.4,41.5,29.6,125.0,51.0,11.0,17.0,1.0,23.0,109.0,37.0,94.0,8.0,20.0,27.0,47.0,220.8,13245.0
2203305,L. Perez Castro,981229,SPAR GRAN CANARIA,SF,3,3&D Wing,https://imagenes.feb.es/Foto.aspx?c=2203305,24,24,34.8,10.8,0.9,3.1,4.0,2.2,1.3,0.1,0.1,2.0,2.6,1.8,-0.1,7.8,2.6,6.0,43.4,1.6,5.5,29.5,0.7,1.2,60.7,44.9,43.8,48.0,10.2,14.6,5.7,43.9,44.4,15.6,2.8,9.9,17.6,258.0,96.0,54.0,32.0,2.0,49.0,188.0,62.0,143.0,39.0,132.0,17.0,28.0,836.3,50176.0
2494285,A. Mbengue Sánchez,981229,SPAR GRAN CANARIA,PF,4,Stretch Big,https://imagenes.feb.es/Foto.aspx?c=2494285,23,19,31.1,13.7,2.7,4.3,7.0,2.1,0.7,0.1,0.2,2.3,2.7,2.3,0.6,16.0,6.0,10.0,60.2,0.0,0.1,33.3,1.4,2.1,68.8,61.5,60.0,1.3,20.5,17.5,10.6,61.5,63.4,17.3,8.9,24.2,19.0,314.0,160.0,48.0,15.0,3.0,54.0,368.0,139.0,231.0,1.0,3.0,33.0,48.0,714.8,42893.0
2340752,N. Prado Plumed,981229,SPAR GRAN CANARIA,PF,4,Rolling Big,https://imagenes.feb.es/Foto.aspx?c=2340752,5,0,7.9,1.4,1.0,0.4,1.4,0.0,0.2,0.2,0.0,0.2,1.0,0.0,-2.2,0.0,0.4,0.6,66.7,0.2,2.0,10.0,0.0,0.0,0.0,26.9,26.9,76.9,0.0,7.1,0.4,18.2,18.2,4.3,12.7,0.0,15.2,7.0,7.0,0.0,1.0,1.0,1.0,0.0,2.0,3.0,1.0,10.0,0.0,0.0,39.3,2363.0
2643570,L. Toure,981229,SPAR GRAN CANARIA,C,5,Traditional Center,https://imagenes.feb.es/Foto.aspx?c=2643570,15,15,31.9,16.9,5.3,6.5,11.9,1.3,0.7,0.5,0.1,1.9,2.9,4.9,1.4,20.6,7.0,14.9,46.9,0.0,0.1,0.0,2.9,5.8,50.6,48.2,46.7,0.4,38.7,9.6,12.7,46.7,47.9,9.4,16.9,37.9,26.1,254.0,178.0,20.0,10.0,7.0,28.0,309.0,105.0,224.0,0.0,1.0,44.0,87.0,477.9,28665.0
2352279,T. Ezeanatogu Ezeonu,981229,SPAR GRAN CANARIA,C,5,Lead Guard,https://imagenes.feb.es/Foto.aspx?c=2352279,24,24,31.6,10.4,3.6,5.6,9.2,4.0,2.9,1.0,0.0,4.0,3.7,4.0,1.7,15.0,4.1,9.9,41.4,0.0,0.2,25.0,2.1,5.0,42.0,42.4,41.3,1.7,49.4,24.5,9.0,40.5,41.8,24.9,11.9,54.9,22.5,249.0,222.0,96.0,69.0,24.0,95.0,361.0,98.0,237.0,1.0,4.0,50.0,119.0,759.4,45554.0
2621781,F. Thiao,981229,SPAR GRAN CANARIA,C,5,Traditional Center,https://imagenes.feb.es/Foto.aspx?c=2621781,8,5,9.9,3.2,2.0,1.6,3.6,0.1,0.5,0.0,0.0,1.0,0.9,1.0,-4.4,4.5,1.2,2.9,43.5,0.0,0.0,0.0,0.8,1.2,60.0,47.4,43.5,0.0,43.5,22.6,2.7,36.4,47.7,22.9,21.0,26.1,19.5,26.0,29.0,1.0,4.0,0.0,8.0,36.0,10.0,23.0,0.0,0.0,6.0,10.0,79.5,4771.0
2233043,A. Deniz Agullo,981229,SPAR GRAN CANARIA,C,5,Rolling Big,https://imagenes.feb.es/Foto.aspx?c=2233043,7,0,9.1,1.7,0.4,0.9,1.3,0.4,0.0,0.1,0.0,1.3,2.1,0.3,-6.9,-0.9,0.9,2.0,42.9,0.0,0.1,0.0,0.0,0.0,0.0,40.0,40.0,6.7,0.0,37.5,-0.6,48.4,48.4,33.6,4.5,0.0,16.7,12.0,9.0,3.0,0.0,1.0,9.0,-6.0,6.0,14.0,0.0,1.0,0.0,0.0,63.8,3822.0
2383238,E. Ezeanatogu Ezeonu,981229,SPAR GRAN CANARIA,,6,,https://imagenes.feb.es/Foto.aspx?c=2383238,1,0,20.0,10.0,0.0,2.0,2.0,3.0,0.0,0.0,0.0,1.0,5.0,0.0,18.0,8.0,5.0,6.0,83.3,0.0,0.0,0.0,0.0,0.0,0.0,83.3,83.3,0.0,0.0,14.3,7.5,,,,,,,10.0,2.0,3.0,0.0,0.0,1.0,8.0,5.0,6.0,0.0,0.0,0.0,0.0,20.0,1201.0
1879260,C. Ojeda Bernal,981229,SPAR GRAN CANARIA,,6,,https://imagenes.feb.es/Foto.aspx?c=1879260,1,1,30.0,9.0,1.0,4.0,5.0,1.0,1.0,0.0,0.0,2.0,3.0,3.0,-3.0,10.0,3.0,6.0,50.0,0.0,0.0,0.0,3.0,4.0,75.0,58.0,50.0,0.0,66.7,20.5,6.0,,,,,,,9.0,5.0,1.0,1.0,0.0,2.0,10.0,3.0,6.0,0.0,0.0,3.0,4.0,30.0,1799.0
1597595,M. Mbulito Upolo,981229,SPAR GRAN CANARIA,,6,,https://imagenes.feb.es/Foto.aspx?c=1597595,1,0,1.6,0.0,0.0,0.0,0.0,0.0,0.0,0.0,0.0,0.0,0.0,0.0,-2.0,-3.0,0.0,1.0,0.0,0.0,2.0,0.0,0.0,0.0,0.0,0.0,0.0,66.7,0.0,0.0,-2.1,,,,,,,0.0,0.0,0.0,0.0,0.0,0.0,-3.0,0.0,1.0,0.0,2.0,0.0,0.0,1.6,97.0
2234762,V. Hernandez Spaccesi,981229,SPAR GRAN CANARIA,,6,,https://imagenes.feb.es/Foto.aspx?c=2234762,1,0,4.3,0.0,0.0,0.0,0.0,0.0,1.0,1.0,0.0,1.0,1.0,0.0,0.0,-1.0,0.0,0.0,0.0,0.0,1.0,0.0,0.0,0.0,0.0,0.0,0.0,100.0,0.0,50.0,-0.4,,,,,,,0.0,0.0,0.0,1.0,1.0,1.0,-1.0,0.0,0.0,0.0,1.0,0.0,0.0,4.3,257.0
2340892,M. Redondo De Santa Ana,981229,SPAR GRAN CANARIA,C,6,Rolling Big,https://imagenes.feb.es/Foto.aspx?c=2340892,2,0,6.4,0.0,0.0,2.0,2.0,0.0,0.0,0.0,0.0,1.0,0.5,1.5,0.5,0.5,0.0,1.5,0.0,0.0,0.0,0.0,0.0,0.0,0.0,0.0,0.0,0.0,0.0,40.0,-1.6,0.0,0.0,35.8,0.0,0.0,18.0,0.0,4.0,0.0,0.0,0.0,2.0,1.0,0.0,3.0,0.0,0.0,0.0,0.0,12.7,762.0
2340893,S. Redondo De Santa Ana,981229,SPAR GRAN CANARIA,C,6,Rolling Big,https://imagenes.feb.es/Foto.aspx?c=2340893,4,0,4.2,0.0,0.0,0.0,0.0,0.5,0.0,0.0,0.0,0.2,0.0,0.0,-1.8,0.0,0.0,0.2,0.0,0.0,0.0,0.0,0.0,0.0,0.0,0.0,0.0,0.0,0.0,50.0,-0.1,0.0,0.0,49.4,0.0,0.0,5.1,0.0,0.0,2.0,0.0,0.0,1.0,0.0,0.0,1.0,0.0,0.0,0.0,0.0,16.8,1005.0
2343754,O. Boniface Peters,981229,SPAR GRAN CANARIA,,6,Lead Guard,https://imagenes.feb.es/Foto.aspx?c=2343754,2,0,2.1,0.0,0.0,0.0,0.0,0.5,0.5,0.0,0.0,0.0,0.5,0.5,-0.5,0.0,0.0,0.0,0.0,0.0,0.0,0.0,0.0,1.0,0.0,0.0,0.0,0.0,0.0,0.0,0.2,0.0,0.0,0.0,0.0,0.0,9.0,0.0,0.0,1.0,1.0,0.0,0.0,0.0,0.0,0.0,0.0,0.0,0.0,2.0,4.2,251.0
