MATCHID,ROUND,TEAM_ID,TEAM,LOCATION,POSS,PACE,O_RTG,D_RTG,NET_RTG,TS%,eFG%,TOV%,ORB%,DRB%,TRB%,AST_TOV_RATIO,FTr,MIN,MIN_SECS,PTS,FGM_2,FGA_2,FGM_3,FGA_3,FGM,FGA,FTM,FTA,ORB,DRB,TRB,AST,TOV,STL,BLK,BLKA,PF,PFD,PIR,PLUS_MINUS
2509188,1,984928,BARÇA ATLÈTIC,HOME,83.5,82.5,110.2,52.8,57.4,60.9,58.1,20.1,39.3,80.0,61.9,1.2,25.0,200,12000.0,92.0,29.0,46.0,7.0,22.0,36.0,68.0,13.0,17.0,11.0,28.0,39.0,23.0,19.0,16.0,3.0,2.0,19.0,19.0,118.0,245.0
2509188,1,984929,JOVENTUT BADALONA,AWAY,81.5,82.4,52.8,110.2,-57.4,36.8,36.3,33.9,20.0,60.7,38.1,0.2,33.3,200,12000.0,43.0,11.0,26.0,5.0,25.0,16.0,51.0,6.0,17.0,7.0,17.0,24.0,6.0,30.0,9.0,2.0,3.0,19.0,19.0,8.0,-245.0
2509189,1,984926,FUNDACIÓN CB CANARIAS,AWAY,74.0,79.3,104.0,79.2,24.8,51.3,49.3,18.5,52.9,75.6,65.3,0.9,23.5,200,12000.0,77.0,20.0,42.0,9.0,26.0,29.0,68.0,10.0,16.0,18.0,31.0,49.0,15.0,17.0,3.0,3.0,3.0,24.0,17.0,78.0,50.0
2509189,1,984923,GRAN CANARIA,HOME,84.6,79.3,79.2,104.0,-24.8,39.2,36.7,9.5,24.4,47.1,34.7,1.2,32.0,200,12000.0,67.0,17.0,44.0,7.0,31.0,24.0,75.0,12.0,24.0,10.0,16.0,26.0,11.0,9.0,8.0,3.0,3.0,19.0,24.0,48.0,-50.0
2509190,1,984930,BAXI MANRESA,HOME,82.0,83.8,79.2,115.7,-36.5,46.4,43.7,23.9,24.4,52.9,37.3,0.6,25.4,200,12000.0,65.0,17.0,37.0,7.0,26.0,24.0,63.0,10.0,16.0,10.0,18.0,28.0,13.0,22.0,8.0,5.0,1.0,21.0,17.0,48.0,-170.0
2509190,1,984792,REAL MADRID,AWAY,85.6,83.8,115.7,79.2,36.5,56.5,51.3,13.8,47.1,75.6,62.7,1.7,31.2,200,12000.0,99.0,29.0,53.0,7.0,24.0,36.0,77.0,20.0,24.0,16.0,31.0,47.0,24.0,14.0,15.0,1.0,5.0,17.0,21.0,131.0,170.0
2509191,1,984791,BURGOS GRUPO DE SANTIAGO,HOME,87.1,86.5,102.2,91.9,10.3,49.9,48.1,11.0,30.2,67.4,49.4,1.5,29.1,200,12000.0,89.0,26.0,46.0,8.0,33.0,34.0,79.0,13.0,23.0,13.0,31.0,44.0,17.0,11.0,10.0,2.0,0.0,24.0,23.0,95.0,50.0
2509191,1,984927,CASADEMONT ZARAGOZA,AWAY,86.0,86.6,91.9,102.2,-10.3,44.4,41.7,11.9,32.6,69.8,50.6,0.8,32.1,200,12000.0,79.0,22.0,46.0,7.0,32.0,29.0,78.0,14.0,25.0,15.0,30.0,45.0,10.0,12.0,8.0,0.0,2.0,23.0,24.0,71.0,-50.0
2509192,2,984928,BARÇA ATLÈTIC,AWAY,78.0,80.3,97.4,84.7,12.7,49.4,47.0,14.4,30.8,81.0,56.8,1.4,37.9,200,12000.0,76.0,22.0,38.0,6.0,28.0,28.0,66.0,14.0,25.0,12.0,34.0,46.0,18.0,13.0,10.0,1.0,2.0,19.0,21.0,91.0,30.0
2509192,2,984792,REAL MADRID,HOME,82.7,80.3,84.7,97.4,-12.7,45.1,37.5,14.3,19.0,69.2,43.2,1.0,32.4,200,12000.0,70.0,18.0,35.0,5.0,33.0,23.0,68.0,19.0,22.0,8.0,27.0,35.0,13.0,13.0,9.0,2.0,1.0,21.0,19.0,66.0,-30.0
2509193,2,984927,CASADEMONT ZARAGOZA,HOME,89.4,91.3,112.9,102.0,10.9,67.8,67.5,20.3,14.3,62.2,43.8,1.9,41.3,200,12000.0,101.0,29.0,42.0,9.0,21.0,38.0,63.0,16.0,26.0,4.0,28.0,32.0,37.0,19.0,8.0,7.0,0.0,26.0,21.0,126.0,30.0
2509193,2,984923,GRAN CANARIA,AWAY,93.1,91.2,102.0,112.9,-10.9,49.9,46.5,13.6,37.8,85.7,56.2,1.6,27.1,200,12000.0,95.0,29.0,63.0,7.0,22.0,36.0,85.0,16.0,23.0,17.0,24.0,41.0,24.0,15.0,11.0,0.0,7.0,21.0,26.0,105.0,-30.0
2509194,2,984791,BURGOS GRUPO DE SANTIAGO,AWAY,82.5,81.2,94.6,116.6,-22.0,43.6,42.1,10.1,34.0,63.0,44.2,1.5,20.7,200,12000.0,78.0,15.0,38.0,13.0,44.0,28.0,82.0,9.0,17.0,17.0,17.0,34.0,15.0,10.0,10.0,1.0,3.0,23.0,18.0,61.0,-75.0
2509194,2,984926,FUNDACIÓN CB CANARIAS,HOME,79.8,81.2,116.6,94.6,22.0,62.2,58.9,16.7,37.0,66.0,55.8,0.9,46.8,200,12000.0,93.0,26.0,45.0,7.0,17.0,33.0,62.0,20.0,29.0,10.0,33.0,43.0,13.0,15.0,6.0,3.0,1.0,18.0,23.0,110.0,75.0
2509195,2,984930,BAXI MANRESA,AWAY,86.2,76.0,106.7,94.5,12.2,55.3,48.6,11.7,23.5,67.4,48.8,1.4,42.9,225,13500.0,92.0,25.0,38.0,6.0,32.0,31.0,70.0,24.0,30.0,8.0,31.0,39.0,15.0,11.0,3.0,0.0,5.0,26.0,24.0,91.0,60.0
2509195,2,984929,JOVENTUT BADALONA,HOME,84.6,75.9,94.5,106.7,-12.2,45.6,42.6,12.0,32.6,76.5,51.2,1.4,41.9,225,13500.0,80.0,18.0,43.0,9.0,31.0,27.0,74.0,17.0,31.0,15.0,26.0,41.0,17.0,12.0,6.0,5.0,0.0,26.0,26.0,76.0,-60.0
2509196,3,984928,BARÇA ATLÈTIC,HOME,92.9,90.4,84.0,76.1,7.9,51.4,46.1,29.7,45.5,73.0,63.5,0.4,42.2,200,12000.0,78.0,25.0,48.0,3.0,16.0,28.0,64.0,19.0,27.0,15.0,46.0,61.0,14.0,32.0,4.0,8.0,4.0,20.0,23.0,92.0,55.0
2509196,3,984791,BURGOS GRUPO DE SANTIAGO,AWAY,88.0,90.4,76.1,84.0,-7.9,34.9,31.2,8.6,27.0,54.5,36.5,1.3,29.4,200,12000.0,67.0,19.0,52.0,5.0,33.0,24.0,85.0,14.0,25.0,17.0,18.0,35.0,12.0,9.0,21.0,4.0,8.0,23.0,20.0,55.0,-55.0
2509197,3,984927,CASADEMONT ZARAGOZA,AWAY,94.6,83.9,108.8,108.3,0.5,57.5,56.6,13.5,21.4,58.5,39.8,0.9,40.8,225,13500.0,103.0,34.0,51.0,6.0,25.0,40.0,76.0,17.0,31.0,9.0,24.0,33.0,13.0,14.0,6.0,1.0,2.0,27.0,21.0,86.0,5.0
2509197,3,984926,FUNDACIÓN CB CANARIAS,HOME,94.2,84.0,108.3,108.8,-0.5,52.5,47.6,12.6,41.5,78.6,60.2,1.1,35.7,225,13500.0,102.0,31.0,53.0,6.0,31.0,37.0,84.0,22.0,30.0,17.0,33.0,50.0,15.0,14.0,7.0,2.0,1.0,22.0,27.0,112.0,-5.0
2509198,3,984929,JOVENTUT BADALONA,HOME,74.2,74.7,76.9,107.7,-30.8,44.4,41.4,22.8,23.7,61.5,42.9,0.6,24.1,200,12000.0,57.0,12.0,26.0,8.0,32.0,20.0,58.0,9.0,14.0,9.0,24.0,33.0,11.0,19.0,8.0,3.0,2.0,20.0,22.0,52.0,-120.0
2509198,3,984792,REAL MADRID,AWAY,75.2,74.7,107.7,76.9,30.8,51.8,44.9,13.3,38.5,76.3,57.1,1.1,30.4,200,12000.0,81.0,22.0,49.0,6.0,20.0,28.0,69.0,19.0,21.0,15.0,29.0,44.0,13.0,12.0,13.0,2.0,3.0,22.0,20.0,96.0,120.0
2509199,3,984930,BAXI MANRESA,AWAY,90.3,90.1,80.8,100.2,-19.4,46.0,41.0,21.7,25.0,63.4,43.5,0.7,41.8,200,12000.0,73.0,17.0,39.0,7.0,28.0,24.0,67.0,18.0,28.0,11.0,26.0,37.0,16.0,22.0,12.0,1.0,3.0,20.0,22.0,66.0,-85.0
2509199,3,984923,GRAN CANARIA,HOME,89.8,90.0,100.2,80.8,19.4,51.8,52.6,17.2,36.6,75.0,56.5,1.3,25.6,200,12000.0,90.0,32.0,56.0,6.0,22.0,38.0,78.0,8.0,20.0,15.0,33.0,48.0,23.0,18.0,11.0,3.0,1.0,23.0,20.0,102.0,85.0
2509200,4,984926,FUNDACIÓN CB CANARIAS,AWAY,80.7,80.2,85.5,123.0,-37.5,43.8,42.0,16.0,30.2,58.8,42.9,0.7,31.9,200,12000.0,69.0,20.0,48.0,6.0,21.0,26.0,69.0,11.0,22.0,13.0,20.0,33.0,10.0,15.0,9.0,1.0,6.0,23.0,21.0,51.0,-145.0
2509200,4,984792,REAL MADRID,HOME,79.7,80.2,123.0,85.5,37.5,61.5,60.0,14.9,41.2,69.8,57.1,1.4,31.4,200,12000.0,98.0,27.0,38.0,10.0,32.0,37.0,70.0,14.0,22.0,14.0,30.0,44.0,19.0,14.0,10.0,6.0,1.0,21.0,22.0,123.0,145.0
2509201,4,984927,CASADEMONT ZARAGOZA,HOME,86.1,86.8,92.9,65.1,27.8,47.6,44.3,18.4,40.5,68.9,55.2,1.1,45.7,200,12000.0,80.0,22.0,47.0,6.0,23.0,28.0,70.0,18.0,32.0,17.0,31.0,48.0,20.0,19.0,15.0,3.0,1.0,31.0,26.0,86.0,115.0
2509201,4,984929,JOVENTUT BADALONA,AWAY,87.5,86.8,65.1,92.9,-27.8,37.2,32.3,24.6,31.1,59.5,44.8,0.3,53.2,200,12000.0,57.0,11.0,40.0,6.0,22.0,17.0,62.0,17.0,33.0,14.0,25.0,39.0,8.0,25.0,10.0,1.0,3.0,26.0,29.0,32.0,-115.0
2509202,4,984928,BARÇA ATLÈTIC,AWAY,86.2,87.4,103.3,91.5,11.8,59.2,58.0,24.2,40.6,80.0,63.6,1.0,20.3,200,12000.0,89.0,28.0,48.0,8.0,21.0,36.0,69.0,9.0,14.0,13.0,36.0,49.0,23.0,24.0,6.0,4.0,1.0,19.0,17.0,107.0,40.0
2509202,4,984930,BAXI MANRESA,HOME,88.6,87.4,91.5,103.3,-11.8,47.3,42.0,12.3,20.0,59.4,36.4,1.1,32.0,200,12000.0,81.0,21.0,40.0,7.0,35.0,28.0,75.0,18.0,24.0,9.0,19.0,28.0,13.0,12.0,12.0,1.0,4.0,19.0,19.0,70.0,-40.0
2509203,4,984791,BURGOS GRUPO DE SANTIAGO,HOME,93.3,84.2,103.9,96.7,7.2,49.3,48.3,10.1,32.0,72.2,48.8,1.3,32.6,225,13500.0,97.0,28.0,58.0,9.0,28.0,37.0,86.0,14.0,28.0,16.0,26.0,42.0,14.0,11.0,11.0,1.0,3.0,25.0,24.0,90.0,20.0
2509203,4,984923,GRAN CANARIA,AWAY,96.2,84.3,96.7,103.9,-7.2,52.1,52.6,16.0,27.8,68.0,51.2,1.4,39.5,225,13500.0,93.0,22.0,44.0,12.0,32.0,34.0,76.0,13.0,30.0,10.0,34.0,44.0,23.0,17.0,6.0,3.0,1.0,24.0,25.0,94.0,-20.0
2509204,5,984928,BARÇA ATLÈTIC,HOME,94.8,94.8,107.5,79.1,28.4,54.9,50.6,16.2,38.1,62.5,51.1,1.0,46.8,200,12000.0,102.0,30.0,56.0,6.0,21.0,36.0,77.0,24.0,36.0,16.0,30.0,46.0,18.0,18.0,16.0,6.0,1.0,23.0,25.0,119.0,135.0
2509204,5,984927,CASADEMONT ZARAGOZA,AWAY,94.8,94.9,79.1,107.5,-28.4,41.3,35.9,19.5,37.5,61.9,48.9,0.6,37.2,200,12000.0,75.0,22.0,51.0,4.0,27.0,26.0,78.0,19.0,29.0,18.0,26.0,44.0,14.0,22.0,13.0,1.0,6.0,27.0,22.0,58.0,-135.0
2509205,5,984923,GRAN CANARIA,HOME,77.4,79.8,90.5,93.7,-3.2,51.2,50.0,24.3,37.1,65.6,50.7,0.6,31.7,200,12000.0,70.0,21.0,38.0,6.0,22.0,27.0,60.0,10.0,19.0,13.0,21.0,34.0,14.0,22.0,13.0,1.0,1.0,16.0,22.0,74.0,-35.0
2509205,5,984792,REAL MADRID,AWAY,82.2,79.8,93.7,90.5,3.2,54.1,51.5,23.6,34.4,62.9,49.3,0.8,21.5,200,12000.0,77.0,20.0,35.0,9.0,30.0,29.0,65.0,10.0,14.0,11.0,22.0,33.0,18.0,22.0,13.0,1.0,1.0,22.0,16.0,74.0,35.0
2509206,5,984930,BAXI MANRESA,HOME,81.1,81.4,83.8,118.9,-35.1,41.4,34.7,14.6,31.2,41.9,35.4,0.8,31.9,200,12000.0,68.0,16.0,37.0,6.0,35.0,22.0,72.0,18.0,23.0,15.0,13.0,28.0,11.0,14.0,9.0,4.0,4.0,25.0,25.0,51.0,-145.0
2509206,5,984926,FUNDACIÓN CB CANARIAS,AWAY,81.6,81.4,118.9,83.8,35.1,58.7,58.5,17.1,58.1,68.8,64.6,1.1,61.5,200,12000.0,97.0,32.0,49.0,4.0,16.0,36.0,65.0,21.0,40.0,18.0,33.0,51.0,19.0,17.0,7.0,4.0,4.0,26.0,24.0,111.0,145.0
2509207,5,984791,BURGOS GRUPO DE SANTIAGO,HOME,82.9,83.2,121.9,112.5,9.4,64.8,64.4,15.2,30.0,78.6,53.4,1.4,40.9,200,12000.0,101.0,23.0,40.0,13.0,26.0,36.0,66.0,16.0,27.0,9.0,22.0,31.0,20.0,14.0,8.0,0.0,4.0,22.0,20.0,103.0,35.0
2509207,5,984929,JOVENTUT BADALONA,AWAY,83.6,83.2,112.5,121.9,-9.4,62.2,61.5,15.6,21.4,70.0,46.6,1.2,36.9,200,12000.0,94.0,25.0,38.0,10.0,27.0,35.0,65.0,14.0,24.0,6.0,21.0,27.0,17.0,14.0,12.0,4.0,0.0,20.0,22.0,102.0,-35.0
2509208,6,984928,BARÇA ATLÈTIC,AWAY,84.1,85.7,107.0,93.9,13.1,56.9,50.0,24.7,58.3,63.3,61.2,0.6,49.2,200,12000.0,90.0,28.0,42.0,3.0,23.0,31.0,65.0,25.0,32.0,21.0,31.0,52.0,15.0,26.0,10.0,2.0,1.0,16.0,28.0,114.0,40.0
2509208,6,984923,GRAN CANARIA,HOME,87.3,85.7,93.9,107.0,-13.1,47.0,45.9,17.1,36.7,41.7,38.8,0.7,3.5,200,12000.0,82.0,23.0,45.0,11.0,41.0,34.0,86.0,3.0,3.0,18.0,15.0,33.0,13.0,18.0,17.0,1.0,2.0,28.0,16.0,64.0,-40.0
2509209,6,984791,BURGOS GRUPO DE SANTIAGO,AWAY,82.2,79.6,99.7,111.7,-12.0,49.3,45.9,10.7,26.8,62.5,44.4,1.9,28.4,200,12000.0,82.0,19.0,43.0,10.0,31.0,29.0,74.0,14.0,21.0,11.0,25.0,36.0,19.0,10.0,7.0,5.0,4.0,16.0,20.0,91.0,-20.0
2509209,6,984792,REAL MADRID,HOME,77.0,79.6,111.7,99.7,12.0,52.5,51.3,10.9,37.5,73.2,55.6,2.5,11.5,200,12000.0,86.0,28.0,51.0,8.0,27.0,36.0,78.0,6.0,9.0,15.0,30.0,45.0,25.0,10.0,6.0,4.0,5.0,20.0,16.0,107.0,20.0
2509210,6,984930,BAXI MANRESA,AWAY,80.3,82.9,85.9,88.8,-2.9,44.6,38.5,18.0,30.4,57.5,43.0,0.6,43.1,200,12000.0,69.0,10.0,33.0,10.0,32.0,20.0,65.0,19.0,28.0,14.0,23.0,37.0,11.0,17.0,9.0,0.0,3.0,22.0,27.0,60.0,-35.0
2509210,6,984927,CASADEMONT ZARAGOZA,HOME,85.6,82.9,88.8,85.9,2.9,46.0,43.1,19.5,42.5,69.6,57.0,0.9,33.3,200,12000.0,76.0,25.0,49.0,4.0,23.0,29.0,72.0,14.0,24.0,17.0,32.0,49.0,18.0,20.0,11.0,3.0,0.0,27.0,22.0,79.0,35.0
2509211,6,984926,FUNDACIÓN CB CANARIAS,HOME,82.1,81.1,92.5,97.5,-5.0,52.0,47.6,20.6,37.0,77.8,60.3,0.6,36.5,200,12000.0,76.0,21.0,45.0,6.0,18.0,27.0,63.0,16.0,23.0,10.0,28.0,38.0,11.0,19.0,7.0,5.0,3.0,19.0,21.0,77.0,-10.0
2509211,6,984929,JOVENTUT BADALONA,AWAY,80.0,81.1,97.5,92.5,5.0,50.6,47.9,12.5,22.2,63.0,39.7,1.6,22.9,200,12000.0,78.0,23.0,46.0,7.0,24.0,30.0,70.0,11.0,16.0,8.0,17.0,25.0,18.0,11.0,12.0,3.0,5.0,22.0,19.0,77.0,10.0
2509212,7,984927,CASADEMONT ZARAGOZA,AWAY,82.5,81.7,72.7,96.5,-23.8,39.7,38.2,20.1,30.8,70.0,47.8,0.7,11.1,200,12000.0,60.0,14.0,39.0,9.0,33.0,23.0,72.0,5.0,8.0,12.0,21.0,33.0,13.0,19.0,9.0,2.0,5.0,17.0,16.0,45.0,-90.0
2509212,7,984792,REAL MADRID,HOME,80.8,81.7,96.5,72.7,23.8,54.3,52.2,20.0,30.0,69.2,52.2,0.9,16.4,200,12000.0,78.0,20.0,35.0,10.0,32.0,30.0,67.0,8.0,11.0,9.0,27.0,36.0,17.0,18.0,9.0,5.0,2.0,16.0,17.0,88.0,90.0
2509213,7,984928,BARÇA ATLÈTIC,AWAY,76.6,79.1,135.8,121.6,14.2,72.6,72.2,13.3,28.6,76.5,58.2,1.5,74.1,200,12000.0,104.0,24.0,35.0,10.0,19.0,34.0,54.0,26.0,40.0,6.0,26.0,32.0,17.0,11.0,7.0,6.0,0.0,25.0,25.0,121.0,25.0
2509213,7,984926,FUNDACIÓN CB CANARIAS,HOME,81.4,79.0,121.6,135.8,-14.2,63.1,57.5,12.3,23.5,71.4,41.8,1.8,38.8,200,12000.0,99.0,19.0,39.0,13.0,28.0,32.0,67.0,22.0,26.0,8.0,15.0,23.0,20.0,11.0,6.0,0.0,6.0,27.0,22.0,93.0,-25.0
2509214,7,984923,GRAN CANARIA,HOME,83.4,82.0,98.4,91.6,6.8,54.4,52.2,23.4,46.9,75.0,63.2,0.4,28.4,200,12000.0,82.0,29.0,44.0,4.0,23.0,33.0,67.0,12.0,19.0,15.0,33.0,48.0,10.0,23.0,8.0,5.0,1.0,25.0,18.0,82.0,40.0
2509214,7,984929,JOVENTUT BADALONA,AWAY,80.8,82.1,91.6,98.4,-6.8,47.6,42.3,15.3,25.0,53.1,36.8,0.6,44.6,200,12000.0,74.0,20.0,44.0,5.0,21.0,25.0,65.0,19.0,29.0,11.0,17.0,28.0,9.0,14.0,10.0,1.0,5.0,18.0,25.0,65.0,-40.0
2509215,7,984930,BAXI MANRESA,HOME,83.5,82.9,107.8,86.2,21.6,58.8,56.5,21.5,41.2,63.2,52.8,0.9,24.6,200,12000.0,90.0,24.0,37.0,10.0,32.0,34.0,69.0,12.0,17.0,14.0,24.0,38.0,19.0,21.0,8.0,3.0,3.0,25.0,21.0,93.0,95.0
2509215,7,984791,BURGOS GRUPO DE SANTIAGO,AWAY,82.3,82.9,86.2,107.8,-21.6,47.1,45.2,21.8,36.8,58.8,47.2,0.4,44.4,200,12000.0,71.0,18.0,37.0,7.0,26.0,25.0,63.0,14.0,28.0,14.0,20.0,34.0,8.0,21.0,10.0,3.0,3.0,21.0,25.0,57.0,-95.0
2509216,8,984928,BARÇA ATLÈTIC,HOME,84.9,84.2,84.8,90.9,-6.1,48.1,44.0,20.2,25.7,62.2,44.4,0.7,26.9,200,12000.0,72.0,19.0,38.0,7.0,29.0,26.0,67.0,13.0,18.0,9.0,23.0,32.0,14.0,19.0,8.0,7.0,3.0,25.0,20.0,63.0,-20.0
2509216,8,984792,REAL MADRID,AWAY,83.6,84.3,90.9,84.8,6.1,47.7,38.6,18.4,37.8,74.3,55.6,0.8,47.0,200,12000.0,76.0,18.0,43.0,5.0,23.0,23.0,66.0,25.0,31.0,14.0,26.0,40.0,14.0,18.0,11.0,3.0,7.0,20.0,25.0,82.0,20.0
2509217,8,984927,CASADEMONT ZARAGOZA,HOME,77.2,76.7,111.4,108.9,2.5,50.5,47.9,11.4,48.7,68.8,57.7,2.0,41.7,200,12000.0,86.0,30.0,58.0,3.0,14.0,33.0,72.0,17.0,30.0,19.0,22.0,41.0,22.0,11.0,6.0,4.0,3.0,27.0,26.0,95.0,15.0
2509217,8,984926,FUNDACIÓN CB CANARIAS,AWAY,76.2,76.7,108.9,111.4,-2.5,53.8,50.8,10.4,31.2,51.3,42.3,1.9,46.9,200,12000.0,83.0,19.0,39.0,9.0,25.0,28.0,64.0,18.0,30.0,10.0,20.0,30.0,17.0,9.0,6.0,3.0,4.0,26.0,27.0,83.0,-15.0
2509218,8,984791,BURGOS GRUPO DE SANTIAGO,AWAY,80.9,79.3,110.0,95.1,14.9,58.6,57.4,15.6,29.0,61.1,46.3,1.7,26.5,200,12000.0,89.0,24.0,41.0,10.0,27.0,34.0,68.0,11.0,18.0,9.0,22.0,31.0,24.0,14.0,17.0,3.0,2.0,19.0,18.0,108.0,75.0
2509218,8,984929,JOVENTUT BADALONA,HOME,77.8,79.3,95.1,110.0,-14.9,50.8,49.2,20.7,38.9,71.0,53.7,0.7,31.2,200,12000.0,74.0,18.0,40.0,9.0,24.0,27.0,64.0,11.0,20.0,14.0,22.0,36.0,13.0,19.0,13.0,2.0,3.0,18.0,19.0,74.0,-75.0
2509219,8,984930,BAXI MANRESA,HOME,78.0,79.9,98.7,115.1,-16.4,51.3,49.3,13.8,24.3,62.1,40.9,1.2,23.5,200,12000.0,77.0,23.0,39.0,7.0,29.0,30.0,68.0,10.0,16.0,9.0,18.0,27.0,15.0,12.0,11.0,1.0,1.0,21.0,20.0,74.0,-85.0
2509219,8,984923,GRAN CANARIA,AWAY,81.7,79.9,115.1,98.7,16.4,60.5,55.1,16.2,37.9,75.7,59.1,1.3,32.4,200,12000.0,94.0,27.0,49.0,7.0,19.0,34.0,68.0,19.0,22.0,11.0,28.0,39.0,20.0,15.0,10.0,1.0,1.0,20.0,21.0,113.0,85.0
2509220,9,984928,BARÇA ATLÈTIC,AWAY,86.4,86.3,93.7,83.7,10.0,53.0,44.6,22.3,36.4,82.9,62.2,0.6,40.0,200,12000.0,81.0,23.0,47.0,4.0,18.0,27.0,65.0,23.0,26.0,12.0,34.0,46.0,13.0,22.0,12.0,5.0,6.0,17.0,22.0,99.0,45.0
2509220,9,984929,JOVENTUT BADALONA,HOME,86.0,86.2,83.7,93.7,-10.0,48.6,47.0,20.4,17.1,63.6,37.8,0.9,23.9,200,12000.0,72.0,12.0,30.0,13.0,37.0,25.0,67.0,9.0,16.0,7.0,21.0,28.0,17.0,19.0,17.0,6.0,5.0,22.0,17.0,67.0,-45.0
2509221,9,984930,BAXI MANRESA,AWAY,72.0,72.0,91.6,112.6,-21.0,44.6,38.8,9.8,25.0,60.0,40.0,1.1,23.9,200,12000.0,66.0,14.0,32.0,8.0,35.0,22.0,67.0,14.0,16.0,10.0,18.0,28.0,9.0,8.0,8.0,0.0,5.0,21.0,19.0,54.0,-75.0
2509221,9,984926,FUNDACIÓN CB CANARIAS,HOME,71.9,71.9,112.6,91.6,21.0,57.9,58.1,16.7,40.0,75.0,60.0,1.1,29.0,200,12000.0,81.0,21.0,35.0,10.0,27.0,31.0,62.0,9.0,18.0,12.0,30.0,42.0,16.0,14.0,4.0,5.0,0.0,19.0,20.0,95.0,75.0
2509222,9,984927,CASADEMONT ZARAGOZA,AWAY,81.3,79.0,99.6,88.7,10.9,58.4,53.5,28.8,53.3,52.3,52.7,0.5,49.1,200,12000.0,81.0,20.0,43.0,7.0,14.0,27.0,57.0,20.0,28.0,16.0,23.0,39.0,15.0,28.0,8.0,1.0,4.0,21.0,22.0,79.0,65.0
2509222,9,984923,GRAN CANARIA,HOME,76.7,79.0,88.7,99.6,-10.9,41.6,37.5,16.4,47.7,46.7,47.3,0.6,30.6,200,12000.0,68.0,18.0,43.0,6.0,29.0,24.0,72.0,14.0,22.0,21.0,14.0,35.0,9.0,16.0,14.0,4.0,1.0,22.0,21.0,57.0,-65.0
2509223,9,984791,BURGOS GRUPO DE SANTIAGO,HOME,99.3,83.8,80.5,95.2,-14.7,41.1,37.1,13.4,26.5,70.3,45.3,0.7,32.9,225,13500.0,80.0,24.0,45.0,5.0,40.0,29.0,85.0,17.0,28.0,13.0,26.0,39.0,11.0,15.0,11.0,3.0,9.0,27.0,28.0,63.0,-25.0
2509223,9,984792,REAL MADRID,AWAY,89.3,83.8,95.2,80.5,14.7,52.3,49.3,18.9,29.7,73.5,54.7,0.5,40.6,225,13500.0,85.0,22.0,38.0,8.0,31.0,30.0,69.0,17.0,28.0,11.0,36.0,47.0,9.0,19.0,10.0,9.0,3.0,28.0,27.0,90.0,25.0
2509224,10,984930,BAXI MANRESA,AWAY,77.6,78.9,78.6,123.4,-44.8,41.4,38.1,15.0,20.0,76.9,40.8,0.8,22.4,200,12000.0,61.0,15.0,36.0,7.0,31.0,22.0,67.0,10.0,15.0,9.0,20.0,29.0,10.0,13.0,9.0,1.0,0.0,20.0,14.0,41.0,-190.0
2509224,10,984792,REAL MADRID,HOME,80.2,78.9,123.4,78.6,44.8,66.7,62.3,13.9,23.1,80.0,59.2,2.4,32.3,200,12000.0,99.0,30.0,44.0,7.0,21.0,37.0,65.0,18.0,21.0,6.0,36.0,42.0,29.0,12.0,6.0,0.0,1.0,14.0,20.0,139.0,190.0
2509225,10,984928,BARÇA ATLÈTIC,AWAY,88.2,87.7,91.8,68.9,22.9,55.3,47.5,22.3,17.6,75.6,49.3,0.9,50.0,200,12000.0,81.0,18.0,37.0,7.0,23.0,25.0,60.0,24.0,30.0,6.0,31.0,37.0,18.0,21.0,14.0,3.0,3.0,17.0,24.0,98.0,105.0
2509225,10,984927,CASADEMONT ZARAGOZA,HOME,87.0,87.5,68.9,91.8,-22.9,42.8,40.5,27.8,24.4,82.4,50.7,0.7,25.4,200,12000.0,60.0,18.0,38.0,5.0,25.0,23.0,63.0,9.0,16.0,10.0,28.0,38.0,18.0,27.0,11.0,3.0,3.0,24.0,16.0,48.0,-105.0
2509226,10,984923,GRAN CANARIA,AWAY,80.4,82.2,85.9,70.1,15.8,45.2,43.4,19.9,38.5,66.7,53.6,0.7,27.9,200,12000.0,69.0,28.0,53.0,1.0,15.0,29.0,68.0,10.0,19.0,15.0,30.0,45.0,13.0,19.0,14.0,5.0,0.0,21.0,22.0,80.0,50.0
2509226,10,984929,JOVENTUT BADALONA,HOME,84.1,82.3,70.1,85.9,-15.8,39.3,32.3,24.2,33.3,61.5,46.4,0.4,35.4,200,12000.0,59.0,15.0,41.0,4.0,24.0,19.0,65.0,17.0,23.0,15.0,24.0,39.0,9.0,24.0,10.0,0.0,5.0,22.0,21.0,40.0,-50.0
2509227,10,984791,BURGOS GRUPO DE SANTIAGO,HOME,78.8,78.7,139.7,118.2,21.5,70.7,66.9,8.3,22.2,68.4,41.3,1.4,44.6,200,12000.0,110.0,24.0,39.0,13.0,26.0,37.0,65.0,23.0,29.0,6.0,13.0,19.0,10.0,7.0,4.0,0.0,0.0,23.0,26.0,105.0,85.0
2509227,10,984926,FUNDACIÓN CB CANARIAS,AWAY,78.7,78.7,118.2,139.7,-21.5,66.7,67.5,17.7,31.6,77.8,58.7,0.7,36.7,200,12000.0,93.0,33.0,44.0,5.0,16.0,38.0,60.0,12.0,22.0,6.0,21.0,27.0,11.0,15.0,4.0,0.0,0.0,26.0,23.0,85.0,-85.0
2509228,11,984791,BURGOS GRUPO DE SANTIAGO,AWAY,82.5,81.8,103.0,125.7,-22.7,57.0,54.2,14.9,14.7,40.0,27.5,1.2,55.0,200,12000.0,85.0,13.0,29.0,13.0,31.0,26.0,60.0,20.0,33.0,5.0,14.0,19.0,15.0,13.0,7.0,1.0,5.0,23.0,29.0,73.0,-85.0
2509228,11,984927,CASADEMONT ZARAGOZA,HOME,81.1,81.9,125.7,103.0,22.7,58.5,54.5,14.7,60.0,85.3,72.5,1.7,29.9,200,12000.0,102.0,27.0,47.0,10.0,30.0,37.0,77.0,18.0,23.0,21.0,29.0,50.0,26.0,15.0,8.0,5.0,1.0,29.0,23.0,125.0,85.0
2509229,11,984926,FUNDACIÓN CB CANARIAS,HOME,72.1,71.1,113.7,119.8,-6.1,51.8,50.0,9.2,40.5,55.2,47.0,1.5,33.3,200,12000.0,82.0,24.0,48.0,7.0,21.0,31.0,69.0,13.0,23.0,15.0,16.0,31.0,12.0,8.0,9.0,1.0,3.0,17.0,20.0,82.0,-10.0
2509229,11,984792,REAL MADRID,AWAY,70.1,71.1,119.8,113.7,6.1,60.8,56.8,16.8,44.8,59.5,53.0,1.1,39.0,200,12000.0,84.0,14.0,26.0,13.0,33.0,27.0,59.0,17.0,23.0,13.0,22.0,35.0,15.0,14.0,3.0,3.0,1.0,20.0,16.0,84.0,10.0
2509230,11,984928,BARÇA ATLÈTIC,HOME,82.2,82.0,96.1,112.6,-16.5,49.8,43.6,17.7,36.8,64.9,50.7,0.9,30.0,200,12000.0,79.0,23.0,46.0,5.0,24.0,28.0,70.0,18.0,21.0,14.0,24.0,38.0,16.0,17.0,6.0,6.0,3.0,20.0,19.0,82.0,-65.0
2509230,11,984923,GRAN CANARIA,AWAY,81.7,81.9,112.6,96.1,16.5,56.3,54.2,13.7,35.1,63.2,49.3,2.2,30.6,200,12000.0,92.0,24.0,48.0,10.0,24.0,34.0,72.0,14.0,22.0,13.0,24.0,37.0,29.0,13.0,12.0,3.0,6.0,19.0,19.0,114.0,65.0
2509231,11,984930,BAXI MANRESA,HOME,79.8,78.1,88.9,90.4,-1.5,45.0,43.9,14.2,30.0,63.6,47.6,1.2,14.9,200,12000.0,71.0,16.0,40.0,11.0,34.0,27.0,74.0,6.0,11.0,12.0,28.0,40.0,15.0,13.0,10.0,3.0,2.0,22.0,20.0,72.0,10.0
2509231,11,984929,JOVENTUT BADALONA,AWAY,76.4,78.1,90.4,88.9,1.5,45.2,42.6,17.3,36.4,70.0,52.4,0.9,27.9,200,12000.0,69.0,23.0,43.0,4.0,25.0,27.0,68.0,11.0,19.0,16.0,28.0,44.0,15.0,16.0,9.0,2.0,3.0,21.0,22.0,75.0,-10.0
2509232,12,984928,BARÇA ATLÈTIC,HOME,82.4,81.6,93.4,88.0,5.4,51.7,47.6,19.5,32.3,69.0,53.4,1.2,41.3,200,12000.0,77.0,24.0,42.0,4.0,21.0,28.0,63.0,17.0,26.0,10.0,29.0,39.0,21.0,18.0,7.0,2.0,0.0,15.0,23.0,92.0,30.0
2509232,12,984926,FUNDACIÓN CB CANARIAS,AWAY,80.7,81.5,88.0,93.4,-5.4,44.0,41.3,13.9,31.0,67.7,46.6,1.3,17.3,200,12000.0,71.0,13.0,34.0,12.0,41.0,25.0,75.0,9.0,13.0,13.0,21.0,34.0,17.0,13.0,9.0,0.0,2.0,23.0,15.0,56.0,-30.0
2509233,12,984923,GRAN CANARIA,AWAY,73.0,75.2,72.6,118.8,-46.2,44.1,40.6,25.0,20.6,71.4,46.4,0.8,30.2,200,12000.0,53.0,17.0,37.0,3.0,16.0,20.0,53.0,10.0,16.0,7.0,25.0,32.0,17.0,20.0,3.0,5.0,3.0,21.0,16.0,46.0,-195.0
2509233,12,984792,REAL MADRID,HOME,77.4,75.2,118.8,72.6,46.2,57.9,53.7,9.1,28.6,79.4,53.6,3.1,38.2,200,12000.0,92.0,17.0,35.0,13.0,33.0,30.0,68.0,19.0,26.0,10.0,27.0,37.0,25.0,8.0,14.0,3.0,5.0,17.0,21.0,122.0,195.0
2509234,12,984927,CASADEMONT ZARAGOZA,AWAY,79.1,80.0,87.2,87.8,-0.6,47.8,41.1,18.2,25.0,76.7,48.5,1.1,37.1,200,12000.0,69.0,21.0,42.0,3.0,20.0,24.0,62.0,18.0,23.0,9.0,23.0,32.0,17.0,16.0,16.0,6.0,3.0,22.0,22.0,81.0,-10.0
2509234,12,984929,JOVENTUT BADALONA,HOME,80.8,80.0,87.8,87.2,0.6,52.3,50.0,22.8,23.3,75.0,51.5,0.8,17.5,200,12000.0,71.0,18.0,39.0,9.0,24.0,27.0,63.0,8.0,11.0,7.0,27.0,34.0,16.0,20.0,10.0,3.0,6.0,22.0,22.0,75.0,10.0
2509235,12,984930,BAXI MANRESA,AWAY,79.8,81.6,94.0,102.0,-8.0,52.2,48.4,23.5,36.8,75.6,57.0,0.5,31.7,200,12000.0,75.0,14.0,29.0,11.0,34.0,25.0,63.0,14.0,20.0,14.0,31.0,45.0,10.0,22.0,6.0,1.0,1.0,21.0,22.0,72.0,-50.0
2509235,12,984791,BURGOS GRUPO DE SANTIAGO,HOME,83.4,81.5,102.0,94.0,8.0,51.6,48.6,11.8,24.4,63.2,43.0,1.5,25.7,200,12000.0,85.0,24.0,44.0,8.0,30.0,32.0,74.0,13.0,19.0,10.0,24.0,34.0,17.0,11.0,14.0,1.0,1.0,22.0,21.0,91.0,50.0
2509236,13,984928,BARÇA ATLÈTIC,HOME,83.1,83.7,103.5,79.6,23.9,58.0,53.9,22.9,44.8,71.1,59.7,0.9,35.9,200,12000.0,86.0,30.0,48.0,3.0,16.0,33.0,64.0,17.0,23.0,13.0,27.0,40.0,20.0,22.0,9.0,4.0,2.0,18.0,21.0,103.0,95.0
2509236,13,984930,BAXI MANRESA,AWAY,84.2,83.6,79.6,103.5,-23.9,45.8,45.5,23.1,28.9,55.2,40.3,0.7,20.9,200,12000.0,67.0,14.0,26.0,11.0,41.0,25.0,67.0,6.0,14.0,11.0,16.0,27.0,16.0,22.0,10.0,2.0,4.0,21.0,18.0,47.0,-95.0
2509237,13,984927,CASADEMONT ZARAGOZA,HOME,70.4,70.2,89.4,78.7,10.7,50.4,46.1,18.3,18.2,67.9,41.0,1.1,51.0,200,12000.0,63.0,10.0,26.0,9.0,25.0,19.0,51.0,16.0,26.0,6.0,19.0,25.0,16.0,14.0,11.0,1.0,3.0,22.0,23.0,61.0,40.0
2509237,13,984792,REAL MADRID,AWAY,69.9,70.2,78.7,89.4,-10.7,45.9,46.2,24.1,32.1,81.8,59.0,0.8,34.6,200,12000.0,55.0,18.0,31.0,4.0,21.0,22.0,52.0,7.0,18.0,9.0,27.0,36.0,16.0,19.0,5.0,3.0,1.0,23.0,22.0,54.0,-40.0
2509238,13,984926,FUNDACIÓN CB CANARIAS,AWAY,78.1,75.7,94.7,87.2,7.5,50.6,49.2,15.1,25.0,80.6,54.4,1.2,36.5,200,12000.0,74.0,25.0,43.0,4.0,20.0,29.0,63.0,12.0,23.0,8.0,29.0,37.0,15.0,13.0,6.0,2.0,2.0,19.0,19.0,76.0,50.0
2509238,13,984929,JOVENTUT BADALONA,HOME,73.4,75.7,87.2,94.7,-7.5,48.2,42.2,17.4,19.4,75.0,45.6,0.8,32.8,200,12000.0,64.0,20.0,41.0,3.0,17.0,23.0,58.0,15.0,19.0,7.0,24.0,31.0,11.0,14.0,6.0,2.0,2.0,19.0,19.0,61.0,-50.0
2509239,13,984791,BURGOS GRUPO DE SANTIAGO,AWAY,81.9,80.9,91.6,130.1,-38.5,47.5,44.8,16.9,34.2,38.5,36.4,0.7,40.3,200,12000.0,75.0,24.0,41.0,4.0,26.0,28.0,67.0,15.0,27.0,13.0,15.0,28.0,11.0,16.0,9.0,2.0,3.0,21.0,22.0,59.0,-145.0
2509239,13,984923,GRAN CANARIA,HOME,79.9,80.9,130.1,91.6,38.5,59.1,56.9,15.4,61.5,65.8,63.6,1.5,22.5,200,12000.0,104.0,29.0,50.0,11.0,30.0,40.0,80.0,13.0,18.0,24.0,25.0,49.0,24.0,16.0,9.0,3.0,2.0,22.0,21.0,127.0,145.0
2509240,14,984929,JOVENTUT BADALONA,AWAY,70.6,70.5,72.2,102.2,-30.0,42.8,41.5,25.1,29.0,61.8,46.2,0.7,28.3,200,12000.0,51.0,10.0,28.0,8.0,25.0,18.0,53.0,7.0,15.0,9.0,21.0,30.0,13.0,20.0,3.0,1.0,2.0,19.0,13.0,29.0,-105.0
2509240,14,984792,REAL MADRID,HOME,70.5,70.5,102.2,72.2,30.0,49.7,48.5,13.2,38.2,71.0,53.8,1.9,26.2,200,12000.0,72.0,21.0,41.0,7.0,24.0,28.0,65.0,9.0,17.0,13.0,22.0,35.0,21.0,11.0,11.0,2.0,1.0,13.0,19.0,91.0,105.0
2509241,14,984926,FUNDACIÓN CB CANARIAS,HOME,87.2,76.0,95.1,90.6,4.5,43.1,41.4,11.1,41.2,61.5,50.0,1.1,24.1,225,13500.0,83.0,27.0,50.0,6.0,37.0,33.0,87.0,11.0,21.0,21.0,24.0,45.0,13.0,12.0,12.0,4.0,6.0,25.0,20.0,76.0,35.0
2509241,14,984923,GRAN CANARIA,AWAY,83.9,76.1,90.6,95.1,-4.5,44.8,39.0,14.2,38.5,58.8,50.0,1.1,37.0,225,13500.0,76.0,21.0,45.0,5.0,28.0,26.0,73.0,19.0,27.0,15.0,30.0,45.0,15.0,14.0,5.0,6.0,4.0,20.0,25.0,83.0,-35.0
2509242,14,984930,BAXI MANRESA,HOME,84.9,84.1,84.8,90.0,-5.2,43.4,39.3,19.4,40.0,83.3,57.3,0.6,24.0,200,12000.0,72.0,16.0,35.0,9.0,40.0,25.0,75.0,13.0,18.0,18.0,25.0,43.0,11.0,20.0,4.0,1.0,4.0,26.0,24.0,54.0,-15.0
2509242,14,984927,CASADEMONT ZARAGOZA,AWAY,83.3,84.2,90.0,84.8,5.2,51.9,47.5,18.1,16.7,60.0,42.7,1.2,46.7,200,12000.0,75.0,24.0,43.0,3.0,17.0,27.0,60.0,18.0,28.0,5.0,27.0,32.0,19.0,16.0,15.0,4.0,1.0,24.0,26.0,88.0,15.0
2509243,14,984928,BARÇA ATLÈTIC,AWAY,85.1,86.0,101.1,120.7,-19.6,58.0,56.7,23.7,33.3,72.2,52.8,0.6,53.3,200,12000.0,86.0,25.0,37.0,6.0,23.0,31.0,60.0,18.0,32.0,12.0,26.0,38.0,13.0,23.0,6.0,1.0,4.0,23.0,26.0,81.0,-95.0
2509243,14,984791,BURGOS GRUPO DE SANTIAGO,HOME,87.0,86.0,120.7,101.1,19.6,60.3,58.6,10.3,27.8,66.7,47.2,2.0,32.9,200,12000.0,105.0,25.0,36.0,13.0,40.0,38.0,76.0,16.0,25.0,10.0,24.0,34.0,20.0,10.0,17.0,4.0,1.0,26.0,23.0,120.0,95.0
